id;aktion;stufe;fach;bereich;typ;kategorie;grund;ersatz
PX-R-029;gelöscht;Themenpaket R-A;1;Arbeitsrecht;mc;Dublette;"Dublette zu R-AR-017 (wichtiger Grund nach § 626 BGB); Erklärung zudem ungenau (Verschulden nicht zwingend) – nach der Variationsregel erneut geprüft: dieselbe Aufgabe (gleicher Wissenspunkt, gleiche Frageweise)";R-AR-017
PX-R-035;gelöscht;Themenpaket R-A;1;Arbeitsrecht;mc;Dublette;Dublette zu R-AR-020 (Klagefrist drei Wochen) – nach der Variationsregel erneut geprüft: dieselbe Aufgabe (gleicher Wissenspunkt, gleiche Frageweise);R-AR-020
PX-R-055;gelöscht;Themenpaket R-A;1;Arbeitsrecht;mc;Dublette;Dublette zu R-AR-016 (Zwei-Wochen-Frist § 626 Abs. 2 BGB) – nach der Variationsregel erneut geprüft: dieselbe Aufgabe (gleicher Wissenspunkt, gleiche Frageweise);R-AR-016
PX-R-058;gelöscht;Querschnitt;1;Arbeitsrecht;mc;Dublette;"Verdachtsfall PX-R-058 ↔ R-BR-030: Dublette (MC „Was bedeutet die tarifliche Friedenspflicht?“ zweimal, gleiche richtige Antwort); R-BR-030 hat die lehrreicheren Distraktoren (relative/absolute Friedenspflicht, Nachwirkung); Erklärungsinhalte übernommen";R-BR-030
PX-R-073;gelöscht;Themenpaket R-A;1;Arbeitsrecht;mc;Dublette;Dublette zu PX-R-048 (Formfreiheit des Arbeitsvertrags) – nach der Variationsregel erneut geprüft: dieselbe Aufgabe (gleicher Wissenspunkt, gleiche Frageweise);PX-R-048
PX-R-074;gelöscht;Themenpaket R-A;1;Arbeitsrecht;mc;Dublette;fachlich überholt (Monatsfrist des NachwG gilt seit 2022 nur noch für einen Teil der Angaben) und Dublette zu R-AR-069/R-AR-120;R-AR-120
PX-R-085;gelöscht;Themenpaket R-A;1;Arbeitsrecht;mc;Dublette;Dublette zu R-AR-014 (Höchstdauer der Probezeit) – nach der Variationsregel erneut geprüft: dieselbe Aufgabe (gleicher Wissenspunkt, gleiche Frageweise);R-AR-014
PX-R-097;gelöscht;Themenpaket R-A;1;Arbeitsrecht;mc;Dublette;Dublette zu R-AR-019 (Wartezeit des KSchG) – nach der Variationsregel erneut geprüft: dieselbe Aufgabe (gleicher Wissenspunkt, gleiche Frageweise);R-AR-019
PX-R-099;gelöscht;Themenpaket R-A;1;Arbeitsrecht;mc;Dublette;Dublette zu R-AR-001 (Rangfolge der Rechtsquellen) – nach der Variationsregel erneut geprüft: dieselbe Aufgabe (gleicher Wissenspunkt, gleiche Frageweise);R-AR-001
PX-R-103;gelöscht;Themenpaket R-A;1;Arbeitsrecht;mc;Dublette;Dublette zu R-AR-019 (Anwendbarkeit des KSchG) – nach der Variationsregel erneut geprüft: dieselbe Aufgabe (gleicher Wissenspunkt, gleiche Frageweise);R-AR-019
PX-R-104;gelöscht;Themenpaket R-A;1;Arbeitsrecht;mc;Dublette;Dublette zu R-AR-042 (Schriftform der Befristung) – nach der Variationsregel erneut geprüft: dieselbe Aufgabe (gleicher Wissenspunkt, gleiche Frageweise);R-AR-042
PX-R-107;gelöscht;Themenpaket R-A;1;Arbeitsrecht;mc;Dublette;Dublette zu R-AR-071 (einfaches und qualifiziertes Zeugnis) – nach der Variationsregel erneut geprüft: dieselbe Aufgabe (gleicher Wissenspunkt, gleiche Frageweise);R-AR-071
PX-R-120;gelöscht;Themenpaket R-A;1;Arbeitsrecht;mc;Dublette;"Dublette zu PX-R-175 (Zustimmungsfiktion § 8 Abs. 5 TzBfG); Formangabe zudem veraltet – nach der Variationsregel erneut geprüft: dieselbe Aufgabe (gleicher Wissenspunkt, gleiche Frageweise)";PX-R-175
PX-R-136;gelöscht;Themenpaket R-A;1;Arbeitsrecht;mc;Dublette;Dublette zu R-AR-069 (Nachweispflicht nach dem NachwG) – nach der Variationsregel erneut geprüft: dieselbe Aufgabe (gleicher Wissenspunkt, gleiche Frageweise);R-AR-069
PX-R-151;gelöscht;Themenpaket R-A;1;Arbeitsrecht;mc;Dublette;Dublette zu R-AR-042 (Schriftform der Befristung) – nach der Variationsregel erneut geprüft: dieselbe Aufgabe (gleicher Wissenspunkt, gleiche Frageweise);R-AR-042
PX-R-152;gelöscht;Themenpaket R-A;1;Arbeitsrecht;mc;Dublette;Dublette zu PX-R-034 (ordentliche Kündbarkeit befristeter Verträge) – nach der Variationsregel erneut geprüft: dieselbe Aufgabe (gleicher Wissenspunkt, gleiche Frageweise);PX-R-034
PX-R-160;gelöscht;Themenpaket R-A;1;Arbeitsrecht;mc;Dublette;Dublette zu PX-R-201 (Zustimmung des Integrationsamts bei außerordentlicher Kündigung) – nach der Variationsregel erneut geprüft: dieselbe Aufgabe (gleicher Wissenspunkt, gleiche Frageweise);PX-R-201
PX-R-174;gelöscht;Themenpaket R-A;1;Arbeitsrecht;mc;Dublette;Dublette zu PX-R-119 (Voraussetzungen des Teilzeitanspruchs, dort als offene Aufgabe) – nach der Variationsregel erneut geprüft: dieselbe Aufgabe (gleicher Wissenspunkt, gleiche Frageweise);PX-R-119
PX-R-231;gelöscht;Themenpaket R-A;1;Arbeitsrecht;mc;Dublette;Dublette zu R-AR-019 (Anwendbarkeit des KSchG) – nach der Variationsregel erneut geprüft: dieselbe Aufgabe (gleicher Wissenspunkt, gleiche Frageweise);R-AR-019
R-AR-047;gelöscht;Querschnitt;1;Arbeitsrecht;mc;Dublette;"Dublette zu Z-AB-122 (fachübergreifend): gleiche MC zur Höchstarbeitszeit Jugendlicher nach § 8 JArbSchG; Z-AB-122 fragt täglich und wöchentlich ab und hat die stärkeren Distraktoren (u. a. 8,5-Stunden-Regel); Fünf-Tage-Woche in Z-AB-122 übernommen";Z-AB-122
R-AR-052;gelöscht;Themenpaket R-A;1;Arbeitsrecht;mc;nicht prüfungsrelevant / überholt;"nicht prüfungsrelevant: Betriebsübergang in keiner RE-Prüfung 2014–2025; Kernaussage (§ 613a Abs. 4 BGB) in die Erklärung von R-AR-051 übernommen";R-AR-051
R-AR-053;gelöscht;Themenpaket R-A;1;Arbeitsrecht;mc;nicht prüfungsrelevant / überholt;"nicht prüfungsrelevant (Detail Widerspruchsrecht § 613a Abs. 6 BGB); in die Erklärung von R-AR-051 übernommen";R-AR-051
R-AR-064;gelöscht;Themenpaket R-A;1;Arbeitsrecht;mc;nicht prüfungsrelevant / überholt;nicht prüfungsrelevant: nachvertragliches Wettbewerbsverbot (§ 74 HGB) in keiner Prüfung gefragt;
R-AR-074;gelöscht;Themenpaket R-A;1;Arbeitsrecht;mc;nicht prüfungsrelevant / überholt;"nicht prüfungsrelevant (Sittenwidrigkeit § 138 BGB); Nichtigkeit und Vollzug fehlerhafter Arbeitsverträge in R-AR-073 abgedeckt";R-AR-073
R-AR-101;gelöscht;Themenpaket R-A;1;Arbeitsrecht;mc;Dublette;"Dublette zu R-AR-009 (Grundkündigungsfrist); zudem ohne w – nach der Variationsregel erneut geprüft: dieselbe Aufgabe (gleicher Wissenspunkt, gleiche Frageweise)";R-AR-009
R-AR-102;gelöscht;Themenpaket R-A;1;Arbeitsrecht;mc;Dublette;Dublette zu R-AR-013 (Kündigungsfrist in der Probezeit) – nach der Variationsregel erneut geprüft: dieselbe Aufgabe (gleicher Wissenspunkt, gleiche Frageweise);R-AR-013
R-AR-103;gelöscht;Themenpaket R-A;1;Arbeitsrecht;mc;Dublette;Dublette zu R-AR-016 (Erklärungsfrist § 626 Abs. 2 BGB) – nach der Variationsregel erneut geprüft: dieselbe Aufgabe (gleicher Wissenspunkt, gleiche Frageweise);R-AR-016
R-AR-104;gelöscht;Themenpaket R-A;1;Arbeitsrecht;mc;Dublette;Dublette zu R-AR-020 (Klagefrist § 4 KSchG) – nach der Variationsregel erneut geprüft: dieselbe Aufgabe (gleicher Wissenspunkt, gleiche Frageweise);R-AR-020
R-AR-105;gelöscht;Themenpaket R-A;1;Arbeitsrecht;mc;Dublette;Dublette zu R-AR-041 (sachgrundlose Befristung) – nach der Variationsregel erneut geprüft: dieselbe Aufgabe (gleicher Wissenspunkt, gleiche Frageweise);R-AR-041
R-AR-106;gelöscht;Themenpaket R-A;1;Arbeitsrecht;mc;Dublette;Dublette zu R-AR-030 (Mindesturlaub 24 Werktage) – nach der Variationsregel erneut geprüft: dieselbe Aufgabe (gleicher Wissenspunkt, gleiche Frageweise);R-AR-030
R-AR-107;gelöscht;Themenpaket R-A;1;Arbeitsrecht;mc;Dublette;Dublette zu R-AR-045 (Teilzeitanspruch § 8 TzBfG) – nach der Variationsregel erneut geprüft: dieselbe Aufgabe (gleicher Wissenspunkt, gleiche Frageweise);R-AR-045
R-AR-108;gelöscht;Themenpaket R-A;1;Arbeitsrecht;mc;Dublette;Dublette zu R-AR-038 (Mutterschutzfristen) – nach der Variationsregel erneut geprüft: dieselbe Aufgabe (gleicher Wissenspunkt, gleiche Frageweise);R-AR-038
R-AR-109;gelöscht;Themenpaket R-A;1;Arbeitsrecht;mc;Dublette;Dublette zu R-AR-067 (Dauer der Elternzeit) – nach der Variationsregel erneut geprüft: dieselbe Aufgabe (gleicher Wissenspunkt, gleiche Frageweise);R-AR-067
R-AR-111;gelöscht;Themenpaket R-A;1;Arbeitsrecht;mc;Dublette;Dublette zu R-AR-022 (Funktion der Abmahnung) – nach der Variationsregel erneut geprüft: dieselbe Aufgabe (gleicher Wissenspunkt, gleiche Frageweise);R-AR-022
R-AR-113;gelöscht;Themenpaket R-A;1;Arbeitsrecht;mc;Dublette;Dublette zu R-AR-051 (§ 613a BGB) – nach der Variationsregel erneut geprüft: dieselbe Aufgabe (gleicher Wissenspunkt, gleiche Frageweise);R-AR-051
R-AR-114;gelöscht;Themenpaket R-A;1;Arbeitsrecht;mc;nicht prüfungsrelevant / überholt;"nicht prüfungsrelevant (Widerspruchsfrist § 613a Abs. 6 BGB); in der Erklärung von R-AR-051 enthalten";R-AR-051
R-AR-117;gelöscht;Themenpaket R-A;1;Arbeitsrecht;mc;Dublette;"nicht prüfungsrelevant (Karenzentschädigung § 74 Abs. 2 HGB); zudem Dublette zu R-AR-064";
R-AR-119;gelöscht;Themenpaket R-A;1;Arbeitsrecht;mc;Dublette;Dublette zu R-AR-060 (keine Haftung bei leichtester Fahrlässigkeit) – nach der Variationsregel erneut geprüft: dieselbe Aufgabe (gleicher Wissenspunkt, gleiche Frageweise);R-AR-060
R-AR-122;gelöscht;Themenpaket R-A;1;Arbeitsrecht;mc;Dublette;Dublette zu R-AR-065 (Pflegezeit sechs Monate) – nach der Variationsregel erneut geprüft: dieselbe Aufgabe (gleicher Wissenspunkt, gleiche Frageweise);R-AR-065
PX-R-007;korrigiert;Themenpaket R-A;1;Arbeitsrecht;mc;;"w fehlten; Optionen längengleich gestaltet (richtige Option war am Wortlaut erkennbar)";
PX-R-012;korrigiert;Themenpaket R-A;1;Arbeitsrecht;mc;;"Wiederhergestellt als Variation (Anwendung im Fall mit Rechtsgrundlage; R-AR-035 fragt nur die Dauer); Sachverhalt vervollständigt (Wartezeit erfüllt, unverschuldeter Privatunfall), w ergänzt";
PX-R-021;korrigiert;Themenpaket R-A;1;Arbeitsrecht;mc;;"w fehlten; Optionen längengleich gestaltet (richtige Option war am Wortlaut erkennbar)";
PX-R-022;korrigiert;Themenpaket R-A;1;Arbeitsrecht;mc;;"w fehlten; Optionen längengleich gestaltet (richtige Option war am Wortlaut erkennbar)";
PX-R-023;korrigiert;Themenpaket R-A / Zusammenführung;1;Arbeitsrecht;mc;;"w fehlten | Widerspruch geklärt (per Websuche): Die Ausnahme gilt nicht für jeden Tendenzbetrieb, sondern nur, wenn die Tendenz die Koalition betrifft (Gewerkschaft oder Arbeitgeberverband als Arbeitgeber), wie in der Dublettenfassung; Art. 9 Abs. 3 GG und Recht zur wahrheitswidrigen Antwort ergänzt";
PX-R-024;korrigiert;Themenpaket R-A;1;Arbeitsrecht;mc;;"w fehlten; Optionen längengleich gestaltet (richtige Option war am Wortlaut erkennbar)";
PX-R-025;korrigiert;Themenpaket R-A;1;Arbeitsrecht;mc;;"w fehlten; Optionen längengleich gestaltet (richtige Option war am Wortlaut erkennbar)";
PX-R-026;korrigiert;Themenpaket R-A;1;Arbeitsrecht;mc;;"w fehlten; Optionen längengleich gestaltet (richtige Option war am Wortlaut erkennbar)";
PX-R-028;korrigiert;Themenpaket R-A;1;Arbeitsrecht;mc;;"Wiederhergestellt und abgewandelt: Fortsetzungserkrankung innerhalb von sechs Monaten (Anrechnung) als Gegenstück zu PX-R-187 (neuer Anspruch nach mehr als sechs Monaten); w ergänzt";
PX-R-030;korrigiert;Themenpaket R-A;1;Arbeitsrecht;mc;;"w fehlten; Optionen längengleich gestaltet (richtige Option war am Wortlaut erkennbar)";
PX-R-032;korrigiert;Themenpaket R-A;1;Arbeitsrecht;mc;;"Wiederhergestellt als Variation (Anwendung im Fall und Abgrenzung Probezeit/Wartezeit; R-AR-019 fragt die Voraussetzungen abstrakt); in eine Handlungssituation umgeformt, w ergänzt";
PX-R-033;korrigiert;Themenpaket R-A;1;Arbeitsrecht;mc;;w fehlten;
PX-R-034;korrigiert;Themenpaket R-A;1;Arbeitsrecht;mc;;"w fehlten; außerordentliche Kündigung in der Erklärung ergänzt (Inhalt der gelöschten Dublette PX-R-152); Optionen längengleich gestaltet (richtige Option war am Wortlaut erkennbar)";
PX-R-036;korrigiert;Themenpaket R-A;1;Arbeitsrecht;mc;;w fehlten;
PX-R-048;korrigiert;Themenpaket R-A;1;Arbeitsrecht;mc;;"w fehlten; Rechtsgrundlage der Formfreiheit (§ 105 GewO) und Nachweispflicht im Transportgewerbe ergänzt; Optionen längengleich gestaltet (richtige Option war am Wortlaut erkennbar)";
PX-R-049;korrigiert;Themenpaket R-A;1;Arbeitsrecht;mc;;"Rechtsänderung (BVaDiG, seit 1.8.2024): Vertragsabfassung in Textform statt schriftlicher Niederschrift; w fehlten; Optionen längengleich gestaltet (richtige Option war am Wortlaut erkennbar)";
PX-R-050;korrigiert;Themenpaket R-A;1;Arbeitsrecht;mc;;"w fehlten; Optionen längengleich gestaltet (richtige Option war am Wortlaut erkennbar)";
PX-R-051;korrigiert;Themenpaket R-A;1;Arbeitsrecht;mc;;"Grammatikfehler im Fragetext („der fehlende Vertretungsmacht“); w fehlten; Haftung des Vertreters ergänzt; Optionen längengleich gestaltet (richtige Option war am Wortlaut erkennbar)";
PX-R-052;korrigiert;Themenpaket R-A;1;Arbeitsrecht;mc→open;;"trivialer Verneinungs-MC (Betriebsergebnis als Lösung) durch prüfungsnahe offene Aufgabe ersetzt (IHK Nov. 2024 Aufg. 1d); Rechtsstand 2026 (Schriftform im Transportgewerbe)";
PX-R-053;korrigiert;Themenpaket R-A;1;Arbeitsrecht;mc;;"w fehlten; Optionen längengleich gestaltet (richtige Option war am Wortlaut erkennbar)";
PX-R-054;korrigiert;Themenpaket R-A;1;Arbeitsrecht;mc;;w fehlten (Umlaut-Hinweis „Beweissicher“ ist korrekt geschrieben);
PX-R-056;korrigiert;Themenpaket R-A;1;Arbeitsrecht;mc;;"w fehlten; Optionen längengleich gestaltet (richtige Option war am Wortlaut erkennbar)";
PX-R-057;korrigiert;Themenpaket R-A;1;Arbeitsrecht;mc;;w fehlten;
PX-R-059;korrigiert;Themenpaket R-A;1;Arbeitsrecht;mc;;"w fehlten; Wortlaut an die geltende Fassung des § 8 TVG angepasst („bekanntzumachen“); Optionen längengleich gestaltet (richtige Option war am Wortlaut erkennbar)";
PX-R-061;korrigiert;Themenpaket R-A;1;Arbeitsrecht;mc;;"w fehlten; Optionen längengleich gestaltet (richtige Option war am Wortlaut erkennbar)";
PX-R-066;korrigiert;Themenpaket R-A;1;Arbeitsrecht;mc;;"w fehlten; Optionen längengleich gestaltet (richtige Option war am Wortlaut erkennbar)";
PX-R-067;korrigiert;Themenpaket R-A;1;Arbeitsrecht;mc;;"w fehlten; Normzitate präzisiert; Optionen längengleich gestaltet (richtige Option war am Wortlaut erkennbar)";
PX-R-068;korrigiert;Themenpaket R-A;1;Arbeitsrecht;mc;;"w fehlten; Beteiligung der Schwerbehindertenvertretung und Mindestkündigungsfrist ergänzt; Optionen längengleich gestaltet (richtige Option war am Wortlaut erkennbar)";
PX-R-075;korrigiert;Themenpaket R-A;1;Arbeitsrecht;mc→open;;"Überschneidung mit R-AR-042 (MC); in prüfungsnahe offene Aufgabe umgewandelt (IHK Mai 2020 und Mai 2024 Aufg. 1c); Rechtsänderungen (BBiG 2024, AÜG 2025) berücksichtigt; Erklärung war fehlerhaft („nur die Befristungsabrede“)";
PX-R-076;korrigiert;Themenpaket R-A;1;Arbeitsrecht;mc;;"w fehlten; Optionen längengleich gestaltet (richtige Option war am Wortlaut erkennbar)";
PX-R-077;korrigiert;Themenpaket R-A;1;Arbeitsrecht;mc;;"w fehlten; Optionen längengleich gestaltet (richtige Option war am Wortlaut erkennbar)";
PX-R-082;korrigiert;Themenpaket R-A;1;Arbeitsrecht;mc;;"w fehlten; Optionen längengleich gestaltet (richtige Option war am Wortlaut erkennbar)";
PX-R-083;korrigiert;Themenpaket R-A;1;Arbeitsrecht;mc;;"Normzitat falsch (§ 15 Abs. 5 statt Abs. 6 TzBfG – Nummerierung seit 2022); w fehlten; Optionen längengleich gestaltet (richtige Option war am Wortlaut erkennbar)";
PX-R-084;korrigiert;Themenpaket R-A;1;Arbeitsrecht;mc;;"w fehlten; Optionen längengleich gestaltet (richtige Option war am Wortlaut erkennbar)";
PX-R-086;korrigiert;Themenpaket R-A;1;Arbeitsrecht;mc;;"w fehlten; Optionen längengleich gestaltet (richtige Option war am Wortlaut erkennbar)";
PX-R-093;korrigiert;Themenpaket R-A;1;Arbeitsrecht;mc;;"w fehlten; Optionen längengleich gestaltet (richtige Option war am Wortlaut erkennbar)";
PX-R-094;korrigiert;Themenpaket R-A;1;Arbeitsrecht;mc;;"w fehlten; Optionen längengleich gestaltet (richtige Option war am Wortlaut erkennbar)";
PX-R-095;korrigiert;Themenpaket R-A;1;Arbeitsrecht;mc;;"w fehlten; Optionen längengleich gestaltet (richtige Option war am Wortlaut erkennbar)";
PX-R-096;korrigiert;Themenpaket R-A;1;Arbeitsrecht;mc;;"w fehlten; Optionen längengleich gestaltet (richtige Option war am Wortlaut erkennbar)";
PX-R-100;korrigiert;Themenpaket R-A;1;Arbeitsrecht;mc;;"w fehlten; Sachverhalt präzisiert (Frist für beide Seiten); Optionen längengleich gestaltet (richtige Option war am Wortlaut erkennbar)";
PX-R-102;korrigiert;Themenpaket R-A;1;Arbeitsrecht;mc;;"Sachverhalt fehlerhaft („verneint“ – gemeint ist die wahrheitswidrige Bejahung); w fehlten; Anfechtungsfrist und Verhältnis zum Mutterschutz ergänzt; Optionen längengleich gestaltet (richtige Option war am Wortlaut erkennbar)";
PX-R-105;korrigiert;Themenpaket R-A;1;Arbeitsrecht;mc;;"w fehlten; Optionen längengleich gestaltet (richtige Option war am Wortlaut erkennbar)";
PX-R-106;korrigiert;Themenpaket R-A;1;Arbeitsrecht;mc;;"zur prüfungsnahen Fallgestaltung erweitert (Feiertag nach unentschuldigtem Fehlen, § 2 Abs. 3 EFZG – IHK Mai 2022 Aufg. 1b); w fehlten; Optionen längengleich gestaltet (richtige Option war am Wortlaut erkennbar)";
PX-R-108;korrigiert;Themenpaket R-A;1;Arbeitsrecht;mc;;w fehlten;
PX-R-109;korrigiert;Themenpaket R-A;1;Arbeitsrecht;mc;;"Wiederhergestellt als Variation (passendes Instrument im Fall erkennen und von § 8 TzBfG, Eltern- und Pflegezeit abgrenzen; R-AR-046 fragt den Regelungsinhalt); in eine Handlungssituation umgeformt, w ergänzt";
PX-R-110;korrigiert;Themenpaket R-A;1;Arbeitsrecht;mc;;"w fehlten; richtige Option präzisiert (einvernehmliche Rückkehr bleibt möglich); Optionen längengleich gestaltet (richtige Option war am Wortlaut erkennbar)";
PX-R-112;korrigiert;Themenpaket R-A;1;Arbeitsrecht;mc;;"w fehlten; Erklärung präzisiert (Voraussetzungen der Verlängerung, keine unbegrenzte Kettenbefristung mit Sachgrund)";
PX-R-113;korrigiert;Themenpaket R-A;1;Arbeitsrecht;mc;;"richtige Option unklar formuliert („Existenzrecht“) – präzisiert; w fehlten; Optionen längengleich gestaltet (richtige Option war am Wortlaut erkennbar)";
PX-R-119;korrigiert;Themenpaket R-A;1;Arbeitsrecht;mc→open;;"Überschneidung mit R-AR-045 (MC); in prüfungsnahe offene Aufgabe umgewandelt (IHK Nov. 2017, Mai 2018, Mai 2021 Aufg. 1a)";
PX-R-127;korrigiert;Themenpaket R-A;1;Arbeitsrecht;mc;;"w fehlten; Optionen längengleich gestaltet (richtige Option war am Wortlaut erkennbar)";
PX-R-128;korrigiert;Themenpaket R-A;1;Arbeitsrecht;mc;;"w fehlten; Frist für den Vorbehalt präzisiert (spätestens drei Wochen); Optionen längengleich gestaltet (richtige Option war am Wortlaut erkennbar)";
PX-R-135;korrigiert;Themenpaket R-A;1;Arbeitsrecht;mc→open;;MC mit subjektiver Fragestellung („am besten planbar“) nicht eindeutig lösbar – in prüfungsnahe offene Aufgabe umgewandelt (IHK Mai 2020 Aufg. 2);
PX-R-140;korrigiert;Themenpaket R-A;1;Arbeitsrecht;mc;;"w fehlten; Rechtsprechung (LAG Schleswig-Holstein 2025) und Kostenbeteiligung der Krankenkasse ergänzt; Optionen längengleich gestaltet (richtige Option war am Wortlaut erkennbar)";
PX-R-143;korrigiert;Themenpaket R-A;1;Arbeitsrecht;mc;;"w fehlten; unplausible Distraktoren (Winterhalbjahr, Sonnenaufgang) durch typische Denkfehler ersetzt; Optionen längengleich gestaltet (richtige Option war am Wortlaut erkennbar)";
PX-R-144;korrigiert;Themenpaket R-A;1;Arbeitsrecht;mc;;"fachlich falsch: Verspätungen und unentschuldigtes Fehlen gelten als gleichartige Verletzungen der Arbeitspflicht, die Abmahnungen sind einschlägig – Lösung, Distraktoren und Erklärung neu; Optionen längengleich gestaltet (richtige Option war am Wortlaut erkennbar)";
PX-R-145;korrigiert;Themenpaket R-A;1;Arbeitsrecht;mc;;"w fehlten; Optionen längengleich gestaltet (richtige Option war am Wortlaut erkennbar)";
PX-R-146;korrigiert;Themenpaket R-A;1;Arbeitsrecht;mc;;"w fehlten; Optionen längengleich gestaltet (richtige Option war am Wortlaut erkennbar)";
PX-R-153;korrigiert;Themenpaket R-A;1;Arbeitsrecht;mc;;"w fehlten; Optionen längengleich gestaltet; Distraktor „Betriebstreue“ (entspricht der Betriebszugehörigkeit) ersetzt";
PX-R-161;korrigiert;Themenpaket R-A;1;Arbeitsrecht;mc;;"w fehlten; Optionen längengleich gestaltet (richtige Option war am Wortlaut erkennbar)";
PX-R-162;korrigiert;Themenpaket R-A;1;Arbeitsrecht;mc;;"prüfungsnah umgestellt (IHK Nov. 2018 Aufg. 2b fragt beide schuldrechtlichen Pflichten); Überschneidung mit PX-R-058 (Friedenspflicht) beseitigt; w ergänzt";
PX-R-165;korrigiert;Themenpaket R-A;1;Arbeitsrecht;mc;;"w fehlten; Optionen längengleich gestaltet (richtige Option war am Wortlaut erkennbar)";
PX-R-175;korrigiert;Themenpaket R-A;1;Arbeitsrecht;mc;;"Formvorschrift aktualisiert (Ablehnung in Textform statt schriftlich, § 8 Abs. 5 TzBfG); w fehlten; Optionen längengleich gestaltet (richtige Option war am Wortlaut erkennbar)";
PX-R-176;korrigiert;Themenpaket R-A;1;Arbeitsrecht;mc;;"w fehlten; Optionen längengleich gestaltet (richtige Option war am Wortlaut erkennbar)";
PX-R-184;korrigiert;Themenpaket R-A;1;Arbeitsrecht;mc;;"w fehlten; Optionen längengleich gestaltet (richtige Option war am Wortlaut erkennbar)";
PX-R-187;korrigiert;Themenpaket R-A;1;Arbeitsrecht;mc;;"w fehlten; Sachverhalt ergänzt (privater Unfall), damit der Distraktor „Verletztengeld“ eindeutig falsch ist; Optionen längengleich gestaltet (richtige Option war am Wortlaut erkennbar)";
PX-R-190;korrigiert;Themenpaket R-A;1;Arbeitsrecht;mc;;"w fehlten; Optionen längengleich gestaltet (richtige Option war am Wortlaut erkennbar)";
PX-R-191;korrigiert;Themenpaket R-A;1;Arbeitsrecht;mc;;"w fehlten; Optionen längengleich gestaltet (richtige Option war am Wortlaut erkennbar)";
PX-R-201;korrigiert;Themenpaket R-A / Zusammenführung;1;Arbeitsrecht;mc;;"w fehlten; Optionen längengleich gestaltet (richtige Option war am Wortlaut erkennbar) | Zustimmungsfiktion nach zwei Wochen (§ 174 Abs. 3 SGB IX) aus der Dublettenfassung ergänzt; Optionen der Paketfassung beibehalten";
PX-R-202;korrigiert;Themenpaket R-A;1;Arbeitsrecht;mc;;"w fehlten; Optionen längengleich gestaltet (richtige Option war am Wortlaut erkennbar)";
PX-R-204;korrigiert;Themenpaket R-A;1;Arbeitsrecht;mc;;"w fehlten; Beginn des Kündigungsschutzes nach § 18 BEEG präzisiert; Optionen längengleich gestaltet (richtige Option war am Wortlaut erkennbar)";
PX-R-205;korrigiert + umsortiert;Themenpaket R-B / Querschnitt;1;Arbeitsrecht;mc;von Recht · Arbeitsschutz;"Arbeitszeit-, Jugend- und Mutterschutz führt die App unter Arbeitsrecht (vgl. R-AR-025 ff., PX-R-095/096 im Nachbarpaket); umsortiert, w ergänzt. Optionen gleich gebaut und in der Länge angeglichen (richtige Option war auffällig länger). | Verdachtsfall PX-R-205 ↔ PX-R-095: beide fragten „Beginn 6 Uhr → erste Pause um 12 Uhr“; PX-R-095 bleibt als Spiegel zu PX-R-096 (Jugendliche), PX-R-205 mit anderer Schichtlage (7–17 Uhr) zur echten Variation gemacht";
PX-R-206;korrigiert + umsortiert;Themenpaket R-B;1;Arbeitsrecht;mc;von Recht · Arbeitsschutz;"Arbeitszeit-, Jugend- und Mutterschutz führt die App unter Arbeitsrecht (vgl. R-AR-025 ff., PX-R-095/096 im Nachbarpaket); umsortiert, w ergänzt. Hinweis auf VO (EG) 561/2006 für Fahrer ergänzt. Richtige Option gekürzt (war auffällig länger als die Distraktoren), Begründung in die Erklärung verlagert.";
PX-R-207;korrigiert + umsortiert;Themenpaket R-B;1;Arbeitsrecht;mc;von Recht · Arbeitsschutz;"Arbeitszeit-, Jugend- und Mutterschutz führt die App unter Arbeitsrecht (vgl. R-AR-025 ff., PX-R-095/096 im Nachbarpaket); umsortiert, w ergänzt. Richtige Option gekürzt (war auffällig länger als die Distraktoren), Begründung in die Erklärung verlagert.";
PX-R-216;korrigiert;Themenpaket R-A;1;Arbeitsrecht;mc;;"w fehlten; Optionen längengleich gestaltet (richtige Option war am Wortlaut erkennbar)";
PX-R-217;korrigiert;Themenpaket R-A;1;Arbeitsrecht;mc;;"richtige Option deutlich länger als die Distraktoren – gekürzt; w fehlten; Erklärung ohne Bezug auf den damaligen Prüfungszeitpunkt; Optionen längengleich gestaltet (richtige Option war am Wortlaut erkennbar)";
PX-R-219;korrigiert;Themenpaket R-A;1;Arbeitsrecht;mc;;"w fehlten; Beteiligung der Schwerbehindertenvertretung ergänzt; Optionen längengleich gestaltet (richtige Option war am Wortlaut erkennbar)";
PX-R-221;korrigiert;Themenpaket R-A;1;Arbeitsrecht;mc;;"Sachverhalt präzisiert (Täuschung auf zulässige Frage statt bloßen Verschweigens); w fehlten; Optionen längengleich gestaltet (richtige Option war am Wortlaut erkennbar)";
PX-R-222;korrigiert;Themenpaket R-A;1;Arbeitsrecht;mc;;"Sachverhalt präzisiert (wahrheitswidrige Antwort auf zulässige Frage); richtige Option gekürzt; w fehlten; Optionen längengleich gestaltet (richtige Option war am Wortlaut erkennbar)";
PX-R-223;korrigiert;Themenpaket R-A;1;Arbeitsrecht;mc;;"w fehlten; nachträgliche Klagezulassung ergänzt; Optionen längengleich gestaltet (richtige Option war am Wortlaut erkennbar)";
PX-R-229;korrigiert;Themenpaket R-A;1;Arbeitsrecht;mc→open;;"zweite MC zum selben Wissenspunkt wie PX-R-021; in prüfungsnahe offene Aufgabe umgewandelt (IHK April 2015 Aufg. 1a, Mai 2023 Aufg. 1a)";
PX-R-230;korrigiert;Themenpaket R-A;1;Arbeitsrecht;mc;;"w fehlten; Optionen längengleich gestaltet (richtige Option war am Wortlaut erkennbar)";
PX-R-233;korrigiert;Themenpaket R-A;1;Arbeitsrecht;mc;;"w fehlten; Optionen längengleich gestaltet (richtige Option war am Wortlaut erkennbar)";
PX-R-235;korrigiert;Themenpaket R-A;1;Arbeitsrecht;mc;;"w fehlten; Optionen längengleich gestaltet (richtige Option war am Wortlaut erkennbar)";
PX-R-239;korrigiert;Themenpaket R-A;1;Arbeitsrecht;mc;;"w fehlten; Optionen längengleich gestaltet (richtige Option war am Wortlaut erkennbar)";
PX-R-241;korrigiert;Themenpaket R-A;1;Arbeitsrecht;mc;;"w fehlten; Erklärung präzisiert (Normzitat § 15 Abs. 4 TzBfG); Optionen längengleich gestaltet (richtige Option war am Wortlaut erkennbar)";
PX-R-242;korrigiert + umsortiert;Themenpaket R-B;1;Arbeitsrecht;mc;von Recht · Arbeitsschutz;"Arbeitszeit-, Jugend- und Mutterschutz führt die App unter Arbeitsrecht (vgl. R-AR-025 ff., PX-R-095/096 im Nachbarpaket); umsortiert, w ergänzt. Optionen in der Länge angeglichen (richtige Option war deutlich länger). Unklaren Distraktor („keine Mehrarbeit – auch nicht innerhalb von 8 Stunden“) ersetzt.";
PX-R-243;korrigiert;Themenpaket R-A;1;Arbeitsrecht;mc;;"w fehlten; Optionen längengleich gestaltet (richtige Option war am Wortlaut erkennbar)";
PX-R-244;korrigiert;Themenpaket R-A;1;Arbeitsrecht;mc;;"w fehlten; Optionen längengleich gestaltet (richtige Option war am Wortlaut erkennbar)";
R-AR-001;korrigiert;Dubletten;1;Arbeitsrecht;mc;;Erklärung um das Weisungsrecht als unterste Stufe (aus PX-R-099) ergänzt;
R-AR-007;korrigiert;Themenpaket R-A;1;Arbeitsrecht;mc;;"Wiederhergestellt als Variation (Hauptpflicht des Arbeitgebers; R-AR-006 fragt die des Arbeitnehmers); Frage neu gefasst, unplausible Distraktoren durch Nebenpflichten ersetzt, w ergänzt";
R-AR-014;korrigiert;Themenpaket R-A;1;Arbeitsrecht;mc;;"Frage präzisiert (Probezeit mit verkürzter Frist nach § 622 Abs. 3 BGB); Abgrenzung zur Probezeit in der Ausbildung ergänzt";
R-AR-015;korrigiert;Themenpaket R-A;1;Arbeitsrecht;mc;;richtige Option war deutlich länger als die Distraktoren (Hinweis im Wortlaut) – gekürzt;
R-AR-017;korrigiert;Themenpaket R-A / Zusammenführung;1;Arbeitsrecht;mc;;"w fachlich falsch (Agentur für Arbeit erteilt keine Kündigungszustimmung) – korrigiert | Zweistufige Prüfung, Abmahnung, Zwei-Wochen-Frist (§ 626 Abs. 2 BGB) und Anhörung (§ 102 BetrVG) aus der Dublettenfassung ergänzt; w zur Agentur für Arbeit ohne die zu weite Aussage „stimmt keiner Kündigung zu“ (vgl. § 18 KSchG, per Websuche geprüft)";
R-AR-024;korrigiert;Themenpaket R-A;1;Arbeitsrecht;open;;Prüfungsschema: Handlungssituation mit Kraftverkehrsbezug, Punktebezug, Musterlösung in Stichpunkten;
R-AR-026;korrigiert;Themenpaket R-A;1;Arbeitsrecht;mc;;KVM-Bezug: Distraktor entspricht der Sonderregel des § 21a ArbZG für Fahrer – w und Erklärung klargestellt;
R-AR-028;korrigiert;Dubletten;1;Arbeitsrecht;mc;;Verkürzungsregel (Verkehrsbetriebe, Ausgleich) aus Z-EA-124 präzisiert und Bezug zu Kraftfahrern ergänzt.;
R-AR-030;korrigiert;Dubletten;1;Arbeitsrecht;mc;;Distraktor „20 Werktage“ aus R-AR-106 übernommen (typische Verwechslung Werktage/Arbeitstage) statt „22 Werktage“;
R-AR-040;korrigiert;Themenpaket R-A;1;Arbeitsrecht;mc;;"Erklärung fachlich falsch („ab Kenntnis“): Schutz besteht ab Beginn der Schwangerschaft, Mitteilung binnen zwei Wochen genügt; Fehlgeburt ergänzt";
R-AR-041;korrigiert;Dubletten;1;Arbeitsrecht;mc;;w zum Vier-Jahres-Distraktor präzisiert und Erklärung um Neugründungen (§ 14 Abs. 2a), Schriftform (§ 14 Abs. 4) ergänzt – vgl. Prüfungsfall „noch junge GmbH“;
R-AR-042;korrigiert;Themenpaket R-A;1;Arbeitsrecht;mc;;"Distraktor „elektronische Form“ war nicht eindeutig falsch (§ 126 Abs. 3, § 126a BGB lassen sie zu) – ersetzt; Erklärung präzisiert";
R-AR-045;korrigiert;Dubletten;1;Arbeitsrecht;mc;;"Fachlich präzisiert: Schwelle bezieht sich auf den Arbeitgeber (ohne Auszubildende), nicht den Betrieb; Distraktor „wichtiger Grund“ aus Z-EA-107; Erklärung um Antrag, Ablehnung und Brückenteilzeit ergänzt";
R-AR-048;korrigiert;Themenpaket R-A;1;Arbeitsrecht;mc;;Distraktoren waren offensichtlich zulässige Tätigkeiten – durch plausible Grenzfälle ersetzt;
R-AR-051;korrigiert;Themenpaket R-A;1;Arbeitsrecht;mc;;Kernaussagen der gelöschten Detailfragen zum Betriebsübergang (Kündigungsverbot, Widerspruch) in die Erklärung übernommen;
R-AR-054;korrigiert;Themenpaket R-A;1;Arbeitsrecht;mc;;"Rechtsänderung (BEG IV): Zeugnis seit 1.1.2025 mit Einwilligung elektronisch zulässig – Distraktor ersetzt, Erklärung aktualisiert; Optionen längengleich gestaltet (richtige Option war am Wortlaut erkennbar)";
R-AR-056;korrigiert;Themenpaket R-A;1;Arbeitsrecht;mc;;Optionen längengleich gestaltet (richtige Option war am Wortlaut erkennbar);
R-AR-061;korrigiert;Themenpaket R-A;1;Arbeitsrecht;mc;;"w widersprüchlich („acht Merkmale“ statt der Merkmale des § 1 AGG) – korrigiert; Optionen längengleich gestaltet (richtige Option war am Wortlaut erkennbar)";
R-AR-063;korrigiert;Themenpaket R-A;1;Arbeitsrecht;mc;;"Optionen längengleich gestaltet (richtige Option war am Wortlaut erkennbar); „Falsch, …“ aus den w-Texten entfernt";
R-AR-065;korrigiert;Themenpaket R-A;1;Arbeitsrecht;mc;;"Längenhinweis in der richtigen Option entfernt; Rechtsgrundlage präzisiert (§ 4 PflegeZG)";
R-AR-068;korrigiert;Themenpaket R-A;1;Arbeitsrecht;mc;;Rechtsänderung BEG IV: Elternzeitverlangen für ab 1.5.2025 geborene Kinder in Textform – Erklärung aktualisiert;
R-AR-069;korrigiert;Themenpaket R-A;1;Arbeitsrecht;mc;;"w fehlten; Rechtsstand 2026 ergänzt (Textform seit 2025, nicht im Transportgewerbe); Optionen längengleich gestaltet (richtige Option war am Wortlaut erkennbar)";
R-AR-070;korrigiert;Themenpaket R-A;1;Arbeitsrecht;mc;;"w fehlten; Mindestlohn auf Stand 2026 aktualisiert (Erklärung nannte 12,82 € von 2025)";
R-AR-071;korrigiert;Themenpaket R-A;1;Arbeitsrecht;open;;"Prüfungsschema: Handlungssituation, Punktebezug, Stichpunkte; elektronische Form seit 2025 ergänzt";
R-AR-072;korrigiert;Themenpaket R-A;1;Arbeitsrecht;open;;Handlungssituation mit Kraftverkehrsbezug, Punktebezug und Stichpunkte ergänzt;
R-AR-073;korrigiert;Themenpaket R-A;1;Arbeitsrecht;mc;;w fehlten;
R-AR-075;korrigiert;Themenpaket R-A;1;Arbeitsrecht;mc;;w fehlten;
R-AR-076;korrigiert;Themenpaket R-A;1;Arbeitsrecht;open;;Kraftverkehrsbezug, Punktebezug und Musterlösung in Stichpunkten;
R-AR-077;korrigiert;Themenpaket R-A;1;Arbeitsrecht;open;;"Punktebezug und Stichpunkte; Anhörung des Betriebsrats ergänzt";
R-AR-078;korrigiert;Themenpaket R-A;1;Arbeitsrecht;open;;Handlungssituation, Punktebezug, Stichpunkte und Beispiel ergänzt;
R-AR-079;korrigiert;Themenpaket R-A;1;Arbeitsrecht;open;;Handlungssituation mit Kraftverkehrsbezug, Punktebezug und Stichpunkte;
R-AR-110;korrigiert;Themenpaket R-A;1;Arbeitsrecht;mc;;"Wiederhergestellt als Variation (einzelnes geschütztes Merkmal erkennen; R-AR-061 fragt die Aufzählung); Verneinungsfrage positiv umformuliert, w ergänzt";
R-AR-112;korrigiert;Themenpaket R-A;1;Arbeitsrecht;mc;;"Wiederhergestellt als Variation (Form des Zeugnisses; R-AR-054 fragt die Zeugnisarten) und an den Rechtsstand angepasst: seit 1.1.2025 elektronische Form mit Einwilligung zulässig (§ 109 Abs. 3 GewO); w ergänzt";
R-AR-115;korrigiert;Themenpaket R-A;1;Arbeitsrecht;mc;;"w fehlten; Gedankenstriche im Fragetext korrigiert";
R-AR-116;korrigiert;Themenpaket R-A;1;Arbeitsrecht;mc;;"w fehlten; Grundsatz Equal Pay ab dem ersten Tag ergänzt";
R-AR-118;korrigiert;Themenpaket R-A;1;Arbeitsrecht;mc;;"Wiederhergestellt als Variation (Anwendung des Weisungsrechts im Fall und seine Grenzen; R-AR-005 fragt nur die Rechtsgrundlage); in eine Handlungssituation umgeformt, w ergänzt";
R-AR-120;korrigiert;Themenpaket R-A;1;Arbeitsrecht;mc;;"w fehlten; Normzitat korrigiert (§ 2 Abs. 1 Satz 9 statt Abs. 4 NachwG); Schriftform im Transportgewerbe ergänzt";
R-AR-121;korrigiert;Themenpaket R-A;1;Arbeitsrecht;mc;;"w fehlten; Fragetext sprachlich geglättet; Optionen längengleich gestaltet (richtige Option war am Wortlaut erkennbar)";
R-BR-027;korrigiert + umsortiert;Themenpaket R-B;1;Arbeitsrecht;mc;von Recht · Betriebsverfassung;"Tarif- und Arbeitskampfrecht ist kollektives Arbeitsrecht, nicht Betriebsverfassung; wie im Nachbarpaket (PX-R-057 ff.) unter Arbeitsrecht einsortiert.";
R-BR-028;korrigiert + umsortiert;Themenpaket R-B;1;Arbeitsrecht;mc;von Recht · Betriebsverfassung;"Tarif- und Arbeitskampfrecht ist kollektives Arbeitsrecht, nicht Betriebsverfassung; wie im Nachbarpaket (PX-R-057 ff.) unter Arbeitsrecht einsortiert.";
R-BR-029;korrigiert + umsortiert;Themenpaket R-B;1;Arbeitsrecht;mc;von Recht · Betriebsverfassung;"Tarif- und Arbeitskampfrecht ist kollektives Arbeitsrecht, nicht Betriebsverfassung; wie im Nachbarpaket (PX-R-057 ff.) unter Arbeitsrecht einsortiert.";
R-BR-030;korrigiert + umsortiert;Themenpaket R-B / Querschnitt;1;Arbeitsrecht;mc;von Recht · Betriebsverfassung;"Tarif- und Arbeitskampfrecht ist kollektives Arbeitsrecht, nicht Betriebsverfassung; wie im Nachbarpaket (PX-R-057 ff.) unter Arbeitsrecht einsortiert. | Erklärung um Bindung der Tarifparteien und Einwirkungspflicht aus der gelöschten Dublette PX-R-058 sowie die absolute Friedenspflicht ergänzt";
R-BR-031;korrigiert + umsortiert;Themenpaket R-B;1;Arbeitsrecht;mc;von Recht · Betriebsverfassung;Variation nach neuer Dublettenregel (Löschung zurückgenommen): Arten von Tarifverträgen benennen (R-BR-063 fragt die Funktion des Manteltarifvertrags). Als Tarifrecht zum Arbeitsrecht umsortiert.;
R-BR-032;korrigiert + umsortiert;Themenpaket R-B;1;Arbeitsrecht;mc;von Recht · Betriebsverfassung;"Tarif- und Arbeitskampfrecht ist kollektives Arbeitsrecht, nicht Betriebsverfassung; wie im Nachbarpaket (PX-R-057 ff.) unter Arbeitsrecht einsortiert.";
R-BR-033;korrigiert + umsortiert;Themenpaket R-B;1;Arbeitsrecht;mc;von Recht · Betriebsverfassung;"Tarif- und Arbeitskampfrecht ist kollektives Arbeitsrecht, nicht Betriebsverfassung; wie im Nachbarpaket (PX-R-057 ff.) unter Arbeitsrecht einsortiert.";
R-BR-034;korrigiert + umsortiert;Themenpaket R-B;1;Arbeitsrecht;mc;von Recht · Betriebsverfassung;"Tarif- und Arbeitskampfrecht ist kollektives Arbeitsrecht, nicht Betriebsverfassung; wie im Nachbarpaket (PX-R-057 ff.) unter Arbeitsrecht einsortiert.";
R-BR-035;korrigiert + umsortiert;Themenpaket R-B;1;Arbeitsrecht;mc;von Recht · Betriebsverfassung;"Tarif- und Arbeitskampfrecht ist kollektives Arbeitsrecht, nicht Betriebsverfassung; wie im Nachbarpaket (PX-R-057 ff.) unter Arbeitsrecht einsortiert.";
R-BR-036;korrigiert + umsortiert;Themenpaket R-B;1;Arbeitsrecht;mc;von Recht · Betriebsverfassung;"Tarif- und Arbeitskampfrecht ist kollektives Arbeitsrecht, nicht Betriebsverfassung; wie im Nachbarpaket (PX-R-057 ff.) unter Arbeitsrecht einsortiert.";
R-BR-037;korrigiert + umsortiert;Themenpaket R-B;1;Arbeitsrecht;mc;von Recht · Betriebsverfassung;"Tarif- und Arbeitskampfrecht ist kollektives Arbeitsrecht, nicht Betriebsverfassung; wie im Nachbarpaket (PX-R-057 ff.) unter Arbeitsrecht einsortiert.";
R-BR-038;korrigiert + umsortiert;Themenpaket R-B;1;Arbeitsrecht;mc;von Recht · Betriebsverfassung;"Tarif- und Arbeitskampfrecht ist kollektives Arbeitsrecht, nicht Betriebsverfassung; wie im Nachbarpaket (PX-R-057 ff.) unter Arbeitsrecht einsortiert.";
R-BR-059;korrigiert + umsortiert;Themenpaket R-B;1;Arbeitsrecht;mc;von Recht · Betriebsverfassung;"Tarif- und Arbeitskampfrecht ist kollektives Arbeitsrecht, nicht Betriebsverfassung; wie im Nachbarpaket (PX-R-057 ff.) unter Arbeitsrecht einsortiert. Distraktoren ohne w-Begründung; w ergänzt.";
R-BR-061;korrigiert + umsortiert;Themenpaket R-B;1;Arbeitsrecht;mc;von Recht · Betriebsverfassung;"Tarif- und Arbeitskampfrecht ist kollektives Arbeitsrecht, nicht Betriebsverfassung; wie im Nachbarpaket (PX-R-057 ff.) unter Arbeitsrecht einsortiert. Distraktoren ohne w-Begründung; w ergänzt. Fortgeltung beim Verbandsaustritt ergänzt (vgl. P-RE 29.4.2015 Aufg. 4).";
R-BR-062;korrigiert + umsortiert;Themenpaket R-B;1;Arbeitsrecht;mc;von Recht · Betriebsverfassung;"Tarif- und Arbeitskampfrecht ist kollektives Arbeitsrecht, nicht Betriebsverfassung; wie im Nachbarpaket (PX-R-057 ff.) unter Arbeitsrecht einsortiert. Distraktoren ohne w-Begründung; w ergänzt.";
R-BR-063;korrigiert + umsortiert;Themenpaket R-B;1;Arbeitsrecht;mc;von Recht · Betriebsverfassung;"Tarif- und Arbeitskampfrecht ist kollektives Arbeitsrecht, nicht Betriebsverfassung; wie im Nachbarpaket (PX-R-057 ff.) unter Arbeitsrecht einsortiert. Distraktoren ohne w-Begründung; w ergänzt. Erklärung korrigiert: Der Rahmentarifvertrag regelt die Entgeltgruppen und ist nicht mit dem Manteltarifvertrag gleichzusetzen.";
R-BR-064;korrigiert + umsortiert;Themenpaket R-B;1;Arbeitsrecht;mc;von Recht · Betriebsverfassung;"Tarif- und Arbeitskampfrecht ist kollektives Arbeitsrecht, nicht Betriebsverfassung; wie im Nachbarpaket (PX-R-057 ff.) unter Arbeitsrecht einsortiert. Distraktoren ohne w-Begründung; w ergänzt.";
R-BR-065;korrigiert + umsortiert;Themenpaket R-B;1;Arbeitsrecht;mc;von Recht · Betriebsverfassung;"Tarif- und Arbeitskampfrecht ist kollektives Arbeitsrecht, nicht Betriebsverfassung; wie im Nachbarpaket (PX-R-057 ff.) unter Arbeitsrecht einsortiert. Distraktoren ohne w-Begründung; w ergänzt.";
R-BR-066;korrigiert + umsortiert;Themenpaket R-B;1;Arbeitsrecht;mc;von Recht · Betriebsverfassung;"Tarif- und Arbeitskampfrecht ist kollektives Arbeitsrecht, nicht Betriebsverfassung; wie im Nachbarpaket (PX-R-057 ff.) unter Arbeitsrecht einsortiert. Distraktoren ohne w-Begründung; w ergänzt.";
R-BR-067;korrigiert + umsortiert;Themenpaket R-B;1;Arbeitsrecht;mc;von Recht · Betriebsverfassung;"Fragestamm verriet die Lösung („zulässige Rechtsausübung“); neutralisiert, w und Kraftverkehrsbeispiel ergänzt, als Individualarbeitsrecht zum Arbeitsrecht umsortiert.";
R-BR-068;korrigiert + umsortiert;Themenpaket R-B;1;Arbeitsrecht;mc;von Recht · Betriebsverfassung;"Tarif- und Arbeitskampfrecht ist kollektives Arbeitsrecht, nicht Betriebsverfassung; wie im Nachbarpaket (PX-R-057 ff.) unter Arbeitsrecht einsortiert. Distraktoren ohne w-Begründung; w ergänzt.";
R-BR-080;korrigiert + umsortiert;Themenpaket R-B;1;Arbeitsrecht;open;von Recht · Betriebsverfassung;"Tarif- und Arbeitskampfrecht ist kollektives Arbeitsrecht, nicht Betriebsverfassung; wie im Nachbarpaket (PX-R-057 ff.) unter Arbeitsrecht einsortiert. Anzahl der erwarteten Punkte im Operator ergänzt.";
R-AR-601;neu;Themenpaket R-A;1;Arbeitsrecht;mc;;Lücke: Arbeitszeit angestellter Fahrer nach § 21a ArbZG fehlt paketübergreifend (FT-Prüfung 20.11.2023 Aufg. 2c, 11.11.2025 Aufg. 1b);
R-AR-602;neu;Themenpaket R-A;1;Arbeitsrecht;open;;Lücke: Sonderregeln für Fahrer (§ 21a ArbZG) fehlen im Katalog (FT-Prüfung 20.11.2023 Aufg. 2b/c, 11.11.2025 Aufg. 1a/b);
R-AR-603;neu;Themenpaket R-A;1;Arbeitsrecht;mc;;Lücke: Pflicht zur Arbeitszeiterfassung (BAG 13.9.2022) ist nur als Mitbestimmungsfrage vorhanden (FT-Prüfung 11.11.2025 Aufg. 1a: lückenloser Arbeitszeitnachweis);
R-AR-604;neu;Themenpaket R-A;1;Arbeitsrecht;mc;;Lücke: arbeitszeitrechtliche Einordnung von Bereitschaftsdienst und Rufbereitschaft (IHK Mai 2021 Aufg. 2a/c);
R-AR-605;neu;Themenpaket R-A;1;Arbeitsrecht;open;;Lücke: Voraussetzungen der krankheitsbedingten Kündigung fehlen als eigene Aufgabe (IHK Nov. 2020 Aufg. 1a);
R-AR-606;neu;Themenpaket R-A;1;Arbeitsrecht;mc;;Lücke: Vergleichsgruppe und Ziel der Sozialauswahl fehlen (IHK Mai 2019 Aufg. 2a/c);
R-AR-607;neu;Themenpaket R-A;1;Arbeitsrecht;open;;Lücke: formale und inhaltliche Bestandteile der Abmahnung nur als Einzel-MC vorhanden (IHK Nov. 2021 und Mai 2024 Aufg. 2c);
R-AR-608;neu;Themenpaket R-A;1;Arbeitsrecht;mc;;Lücke: abmahnungsberechtigte Personen (IHK Nov. 2021 und Mai 2024 Aufg. 2b);
R-AR-609;neu;Themenpaket R-A;1;Arbeitsrecht;open;;Lücke: Arbeitspapiere bei Beendigung des Arbeitsverhältnisses (IHK Nov. 2021 Aufg. 4b);
R-AR-610;neu;Themenpaket R-A;1;Arbeitsrecht;open;;Lücke: Arbeitsgerichtsbarkeit (Zuständigkeit, Besetzung, Klageerhebung) fehlt als eigene Aufgabe (IHK Mai 2016 Aufg. 7b/c, Nov. 2020 Aufg. 1c, Nov. 2025 Aufg. 3d);
R-AR-611;neu;Themenpaket R-A;1;Arbeitsrecht;open;;"Lücke: Vertragsbeziehungen der Arbeitnehmerüberlassung und Form des Überlassungsvertrags (FT-Prüfung 15.5.2023 Aufg. 5a/b); Textform seit 2025";
R-AR-612;neu;Themenpaket R-A;1;Arbeitsrecht;mc;;Lücke: Anzeige- und Nachweispflichten im Krankheitsfall mit eAU (IHK Mai 2022 Aufg. 4);
R-AR-613;neu;Themenpaket R-A;1;Arbeitsrecht;mc;;Lücke: wöchentliche Höchstarbeitszeit nach § 3 ArbZG (IHK Nov. 2014 Aufg. 4a, Mai 2016 Aufg. 2b);
R-AR-614;neu;Themenpaket R-A;1;Arbeitsrecht;calc;;Lücke: Umrechnung des Mindesturlaubs bei Teilzeit (Übertragung zu IHK April 2015 Aufg. 3b);
PX-R-001;gelöscht;Querschnitt;1;Arbeitsschutz;mc;Dublette;"Dublette zu PX-Z-064 a) (offen: „Erläutern Sie drei Ziele der Unterweisung“ mit im Kern gleicher Musterlösung, nur andere Beschäftigtengruppe); PX-Z-064 fragt zusätzlich Themen für Fahrer und nennt Punkte; Stichpunkte übernommen";PX-Z-064
PX-R-004;gelöscht;Themenpaket R-B;1;Arbeitsschutz;mc;fachlich unbrauchbar, trivial oder nicht lösbar;Trivia ohne Rechtsgrundlage und ohne Prüfungsbezug (Faustregel zum Lenkspiel eines Staplers).;
PX-R-006;gelöscht;Querschnitt;1;Arbeitsschutz;mc;Dublette;"Dublette zu PX-K-034 (MC: Qualifikation für Arbeiten an HV-Systemen = fachkundige Person nach DGUV Information 209-093), gleiche Frageweise; PX-K-034 mit genauerer Situation (Freischalten, Tausch von HV-Komponenten) steht beim HV-Werkstattblock PX-K-032/-033. Hinweis zum HV-Arbeitsplatz übernommen.";PX-K-034
PX-R-014;gelöscht;Themenpaket R-B;1;Arbeitsschutz;mc;Dublette;Dublette: gleiche Frage und Antwort wie R-AS-007 (Schwelle für den Arbeitsschutzausschuss).;R-AS-007
PX-R-018;gelöscht;Themenpaket R-B;1;Arbeitsschutz;mc;Dublette;"Dublette: gleiche Frage (Ziel der Unterweisung) wie PX-R-011; Distraktoren zudem abwegig.";PX-R-011
PX-R-080;gelöscht;Themenpaket R-B;1;Arbeitsschutz;mc;Dublette;Dublette: gleiche Frage und Antwort wie R-AS-007 (Schwelle für den Arbeitsschutzausschuss).;R-AS-007
PX-R-132;gelöscht;Themenpaket R-B;1;Arbeitsschutz;mc;Dublette;Dublette von R-AS-001 und R-AS-023 (Verantwortung des Arbeitgebers, Übertragbarkeit von Aufgaben).;R-AS-001
R-AS-020;gelöscht;Themenpaket R-B;1;Arbeitsschutz;mc;Dublette;Dublette: Unfallanzeige nach § 193 SGB VII prüft PX-R-116 (mit Meldefrist und Beteiligung des Betriebsrats).;PX-R-116
R-AS-103;gelöscht;Dubletten;1;Arbeitsschutz;mc;fachlich unbrauchbar, trivial oder nicht lösbar;"Kombiniert Schwelle (R-AS-007) und Sitzungsturnus (R-AS-008); beide Punkte einzeln abgedeckt";R-AS-007
R-AS-105;gelöscht;Themenpaket R-B;1;Arbeitsschutz;mc;Dublette;Dublette von R-AS-009 (Sicherheitsbeauftragte ab mehr als 20 Beschäftigten).;R-AS-009
R-AS-107;gelöscht;Themenpaket R-B;1;Arbeitsschutz;mc;Dublette;Dublette von R-AS-013 (mindestens jährliche Unterweisung).;R-AS-013
R-AS-110;gelöscht;Dubletten;1;Arbeitsschutz;mc;Dublette;"Dublette: Inhalt der ArbStättV (Umkehrfrage); R-AS-015 hat die plausibleren Distraktoren (andere Arbeitsschutzverordnungen)";R-AS-015
PX-R-002;korrigiert;Themenpaket R-B;1;Arbeitsschutz;mc;;"Distraktoren abwegig (§ 433 BGB, § 7 StVG); durch typische Verwechslungen aus dem Arbeitsschutzrecht ersetzt, w und ergänzende Vorschriften (P-OK 18.5.2021 Aufg. 4b) ergänzt.";
PX-R-003;korrigiert;Themenpaket R-B / Optionslängen;1;Arbeitsschutz;mc;;"Distraktoren abwegig (ISO 9001, VO 561/2006, ADR); durch verwechselbare Prüfvorschriften ersetzt, Erklärung um Prüffrist und Fahrerbeauftragung ergänzt (vgl. P-OK 16.11.2021 Aufg. 1). | Klammertitel „(Flurförderzeuge)“ nahm die Antwort vorweg; Titelklammern bei allen Optionen aufgelöst, Titel in der Erklärung";
PX-R-005;korrigiert;Themenpaket R-B;1;Arbeitsschutz;mc;;"Distraktor „Sonnenbrille“ abwegig; ersetzt, Fachbegriffe präzisiert, Vorrang des Freischaltens ergänzt, w ergänzt. Optionen in der Länge angeglichen (richtige Option war deutlich länger).";
PX-R-009;korrigiert;Themenpaket R-B / Optionslängen;1;Arbeitsschutz;mc;;"Distraktoren ohne w-Begründung; w ergänzt. Rechtsgrundlagen (§ 22 Abs. 2, 3 SGB VII) ergänzt. | Richtige Option gestrafft; Distraktoren gleich gebaut, „ausschließlich“/„volle“ entfernt";
PX-R-010;korrigiert;Themenpaket R-B;1;Arbeitsschutz;mc;;"Distraktoren abwegig (Privatanschriften, Bankverbindung); durch plausible Verwechslungen ersetzt, Pflichtangaben erläutert (vgl. P-OK 16.5.2023 Aufg. 3a).";
PX-R-011;korrigiert;Themenpaket R-B / Querschnitt;1;Arbeitsschutz;mc;;Variation nach neuer Dublettenregel (Löschung zurückgenommen): mc zum Kernziel neben der offenen Aufgabe PX-R-001. Distraktoren abwegig (Finanzamt, Fuhrparkkosten) – durch typische Fehlvorstellungen ersetzt, w ergänzt. | Inhalt, Abgrenzung und Anlässe der Unterweisung aus der gelöschten Dublette Z-PE-022 in die Erklärung übernommen;
PX-R-015;korrigiert;Themenpaket R-B;1;Arbeitsschutz;mc→open;;"Frage war durch den Wortlaut gelöst („Lichtbogen, Körperdurchströmung“ → elektrisch); als offene Prüfungsaufgabe zu Gefährdungen bei E-Fahrzeugen neu gefasst (P-OK 8.5.2025 Aufg. 2a).";
PX-R-016;korrigiert;Themenpaket R-B;1;Arbeitsschutz;mc;;"Distraktoren ohne w-Begründung; w ergänzt.";
PX-R-017;korrigiert;Themenpaket R-B;1;Arbeitsschutz;mc;;"Distraktor „Betriebsgenehmigung durch die BALM“ abwegig; ersetzt, w und Erklärung (§ 3 Abs. 6, § 14 BetrSichV) ergänzt (vgl. P-OK 8.5.2025 Aufg. 2c).";
PX-R-019;korrigiert;Themenpaket R-B;1;Arbeitsschutz;mc→open;;"Distraktoren abwegig (Diesel, Reifensätze); die Ermittlung des Unterweisungsbedarfs wird offen gefragt (P-OK 12.11.2025 Aufg. 1b) – als Aufgabe mit vier Maßnahmen neu gefasst.";
PX-R-020;korrigiert;Themenpaket R-B;1;Arbeitsschutz;mc→open;;"Distraktoren abwegig (Lohnabrechnung, BALM); Aufgabe und Themen des ASA werden offen gefragt (P-OK 7.5.2026 Aufg. 1a, P-RE 29.4.2015 Aufg. 2a) – als Aufgabe neu gefasst.";
PX-R-116;korrigiert;Themenpaket R-B;1;Arbeitsschutz;mc;;"Erklärung fachlich falsch: Das SGB VII unterscheidet Arbeits- und Wegeunfall (§ 8 Abs. 1, 2), und Wegeunfälle bleiben beim Beitragsausgleich außer Ansatz (§ 162 SGB VII); korrigiert, Beteiligung des Betriebsrats ergänzt, w ergänzt; Dublette R-AS-020 zusammengeführt. Richtige Option gekürzt (war auffällig länger als die Distraktoren), Begründung in die Erklärung verlagert.";
PX-R-124;korrigiert;Themenpaket R-B;1;Arbeitsschutz;mc;;"Distraktoren ohne w-Begründung; w ergänzt. Optionen in der Länge angeglichen (richtige Option war deutlich länger).";
PX-R-141;korrigiert;Themenpaket R-B;1;Arbeitsschutz;mc;;"Variation nach neuer Dublettenregel (Löschung zurückgenommen): Anforderungen allgemein (PX-R-192 ist der Anwendungsfall); w ergänzt. Optionen in der Länge angeglichen (richtige Option war deutlich länger).";
PX-R-149;korrigiert;Themenpaket R-B;1;Arbeitsschutz;mc;;"Distraktoren ohne w-Begründung; w ergänzt.";
PX-R-156;korrigiert;Themenpaket R-B;1;Arbeitsschutz;mc;;"Distraktoren ohne w-Begründung; w ergänzt. Richtige Option gekürzt (war auffällig länger als die Distraktoren), Begründung in die Erklärung verlagert.";
PX-R-172;korrigiert;Themenpaket R-B;1;Arbeitsschutz;mc;;"Distraktoren ohne w-Begründung; w ergänzt. Richtige Option gekürzt (war auffällig länger als die Distraktoren), Begründung in die Erklärung verlagert. „Industriemeister“ durch „Meister“ ersetzt.";
PX-R-192;korrigiert;Themenpaket R-B / Optionslängen;1;Arbeitsschutz;mc;;"Distraktoren ohne w-Begründung; w ergänzt. Weg zum Sicherheitsmeister ergänzt (vgl. P-RE 2.5.2024 Aufg. 6b). | Paragrafenklammer aus der richtigen Option gestrichen (steht in der Erklärung); „immer“ beim Distraktor entfernt";
PX-R-193;korrigiert;Themenpaket R-B;1;Arbeitsschutz;mc;;"Richtige Option deutlich länger und anders gebaut als die Distraktoren; parallel formuliert, w ergänzt; R-AS-007/103 bleiben als Variationen; PX-R-014/080 sind Dubletten von R-AS-007. Optionen gleich gebaut und in der Länge angeglichen (richtige Option war auffällig länger).";
PX-R-227;korrigiert;Themenpaket R-B;1;Arbeitsschutz;mc;;"Zentrale Pflicht nach § 7 ArbSchG (Befähigung bei der Aufgabenübertragung berücksichtigen) fehlte; Option präzisiert, w ergänzt (vgl. P-RE 5.11.2015 Aufg. 6a). Richtige Option gekürzt (war auffällig länger als die Distraktoren), Begründung in die Erklärung verlagert. Alter im Fall ergänzt, damit der Distraktor Jugendarbeitsschutz eindeutig falsch ist.";
PX-R-232;korrigiert;Themenpaket R-B;1;Arbeitsschutz;mc;;"Variation nach neuer Dublettenregel (Löschung zurückgenommen): systematisches gegenüber reaktivem Vorgehen erkennen (R-AS-003 fragt die Reihenfolge, R-AS-026 offen); Distraktoren gleich gebaut und ähnlich lang (richtige Option war auffällig länger), w ergänzt, Rangfolge in der Erklärung auf STOP aktualisiert.";
PX-R-238;korrigiert;Themenpaket R-B;1;Arbeitsschutz;mc;;"Distraktoren ohne w-Begründung; w ergänzt. Richtige Option gekürzt (war auffällig länger als die Distraktoren), Begründung in die Erklärung verlagert.";
PX-Z-064;korrigiert + umsortiert;Themenpaket Z-B / Querschnitt;1;Arbeitsschutz;mc→open;von Zusammenarbeit · Berufsausbildung;"MC ohne Berufsausbildungsbezug (Arbeitsschutz-Unterweisung) mit unplausiblen Distraktoren; nach „Arbeitsschutz“ umsortiert und als offene Aufgabe nach P-OK 12.11.2025 Aufg. 1a/c und P-OK 07.05.2026 Aufg. 1b neu gefasst. | Stichpunkte der gelöschten Dublette PX-R-001 übernommen (Organisationsverschulden, Melden von Beinahe-Unfällen, Beitragszuschläge, Verhaltensbeeinflussung als Kernziel)";
PX-Z-116;korrigiert + umsortiert;Themenpaket Z-B;1;Arbeitsschutz;mc;von Zusammenarbeit · Berufsausbildung;"Thema ist die Arbeitsschutz-Unterweisung (§ 12 ArbSchG), nicht Berufsausbildung – nach „Arbeitsschutz“ umsortiert; richtige Option deutlich länger als die Distraktoren, angeglichen, w ergänzt.";
R-AS-001;korrigiert;Themenpaket R-B;1;Arbeitsschutz;mc;;"Distraktoren ohne w-Begründung; w ergänzt. Verantwortung der Führungskräfte nach § 13 ArbSchG ergänzt.";
R-AS-002;korrigiert;Themenpaket R-B;1;Arbeitsschutz;mc;;"Distraktoren ohne w-Begründung; w ergänzt.";
R-AS-003;korrigiert;Themenpaket R-B;1;Arbeitsschutz;mc;;"Distraktoren ohne w-Begründung; w ergänzt.";
R-AS-004;korrigiert;Themenpaket R-B;1;Arbeitsschutz;mc;;"Distraktoren ohne w-Begründung; w ergänzt.";
R-AS-005;korrigiert;Themenpaket R-B;1;Arbeitsschutz;mc;;"Distraktoren ohne w-Begründung; w ergänzt. Fundstellen und Zustimmung des Betriebsrats ergänzt; Angaben aus R-AS-106 ergänzt (R-AS-106 bleibt als Variation).";
R-AS-006;korrigiert;Themenpaket R-B;1;Arbeitsschutz;mc;;"Distraktoren ohne w-Begründung; w ergänzt. Weisungsfreiheit (§ 8 ASiG) ergänzt.";
R-AS-007;korrigiert;Themenpaket R-B / Zusammenführung;1;Arbeitsschutz;mc;;"Variation nach neuer Dublettenregel (Löschung zurückgenommen): reine Schwellenfrage (PX-R-193 fragt zusätzlich die Zusammensetzung); w ergänzt; wortgleiche Dubletten PX-R-014/080 gelöscht. | Gesetzeswortlaut „mehr als 20 Beschäftigte“ ohne „regelmäßig“ (§ 11 ASiG, per Websuche geprüft) und Teilzeitzählung aus der Dublettenfassung; schwachen Distraktor „250“ durch „ab dem ersten Beschäftigten“ ersetzt, w zu „10“ mit der Verwechslung § 23 KSchG";
R-AS-008;korrigiert;Themenpaket R-B;1;Arbeitsschutz;mc;;"Distraktoren ohne w-Begründung; w ergänzt. Zusammensetzung nach § 11 ASiG in der Erklärung präzisiert.";
R-AS-009;korrigiert;Themenpaket R-B;1;Arbeitsschutz;mc;;"Distraktoren ohne w-Begründung; w ergänzt. Ausnahmen nach § 22 Abs. 1 S. 2, 3 SGB VII ergänzt (vgl. P-RE 3.11.2021 Aufg. 6d).";
R-AS-010;korrigiert;Themenpaket R-B;1;Arbeitsschutz;mc;;"Distraktoren ohne w-Begründung; w ergänzt.";
R-AS-011;korrigiert;Themenpaket R-B;1;Arbeitsschutz;mc;;"Variation nach neuer Dublettenregel (Löschung zurückgenommen): Beispiele einer Schutzmaßnahme einordnen (R-AS-010 fragt die Rangfolge); w ergänzt.";
R-AS-012;korrigiert;Themenpaket R-B;1;Arbeitsschutz;mc;;"Distraktoren ohne w-Begründung; w ergänzt. Rechtsgrundlage § 15 SGB VII und Beispiele aus R-AS-108 ergänzt (R-AS-108 bleibt als Variation).";
R-AS-013;korrigiert;Themenpaket R-B;1;Arbeitsschutz;mc;;"Distraktoren ohne w-Begründung; w ergänzt. Jugendliche (halbjährlich) und Anlässe ergänzt; Inhalt der Dublette R-AS-107 übernommen.";
R-AS-014;korrigiert;Themenpaket R-B;1;Arbeitsschutz;mc;;"Distraktoren ohne w-Begründung; w ergänzt.";
R-AS-015;korrigiert;Themenpaket R-B;1;Arbeitsschutz;mc;;"Distraktoren ohne w-Begründung; w ergänzt.";
R-AS-016;korrigiert;Themenpaket R-B;1;Arbeitsschutz;mc;;"Distraktoren ohne w-Begründung; w ergänzt. Gefährdungsbeurteilung und Prüfungen (§§ 3, 14 BetrSichV) mit Fuhrparkbeispielen ergänzt.";
R-AS-017;korrigiert;Themenpaket R-B;1;Arbeitsschutz;mc;;"Distraktoren ohne w-Begründung; w ergänzt.";
R-AS-018;korrigiert;Themenpaket R-B;1;Arbeitsschutz;mc;;"Distraktoren ohne w-Begründung; w ergänzt.";
R-AS-019;korrigiert;Themenpaket R-B;1;Arbeitsschutz;mc;;"Distraktoren ohne w-Begründung; w ergänzt.";
R-AS-021;korrigiert;Themenpaket R-B;1;Arbeitsschutz;mc;;"Distraktoren ohne w-Begründung; w ergänzt. Aufbewahrungsfrist ergänzt.";
R-AS-022;korrigiert;Themenpaket R-B;1;Arbeitsschutz;mc;;"Distraktoren ohne w-Begründung; w ergänzt.";
R-AS-023;korrigiert;Themenpaket R-B;1;Arbeitsschutz;mc;;"Distraktoren ohne w-Begründung; w ergänzt.";
R-AS-025;korrigiert;Themenpaket R-B;1;Arbeitsschutz;mc;;"Verneinungsfrage positiv gefasst; Distraktoren mit w nach § 3 ASiG (vgl. P-RE 12.11.2014 Aufg. 1b).";
R-AS-026;korrigiert;Themenpaket R-B;1;Arbeitsschutz;open;;"Operator ohne Anzahl und ohne Handlungssituation; auf IHK-Schema ergänzt (vgl. P-RE 29.4.2015 Aufg. 2d).";
R-AS-101;korrigiert;Themenpaket R-B;1;Arbeitsschutz;mc;;"Distraktoren ohne w-Begründung; w ergänzt. Optionen in der Länge angeglichen (richtige Option war deutlich länger).";
R-AS-102;korrigiert;Themenpaket R-B;1;Arbeitsschutz;mc;;"Variation nach neuer Dublettenregel (Löschung zurückgenommen): Anwendung der Arbeitgeberverantwortung auf die Gefährdungsbeurteilung (R-AS-001 fragt die Grundverantwortung); w ergänzt.";
R-AS-104;korrigiert;Themenpaket R-B;1;Arbeitsschutz;mc;;"Distraktoren ohne w-Begründung; w ergänzt.";
R-AS-106;korrigiert;Themenpaket R-B;1;Arbeitsschutz;mc;;"Variation nach neuer Dublettenregel (Löschung zurückgenommen): Gesetz benennen (R-AS-005 fragt die zu bestellenden Personen); w ergänzt.";
R-AS-108;korrigiert;Themenpaket R-B;1;Arbeitsschutz;mc;;"Variation nach neuer Dublettenregel (Löschung zurückgenommen): Urheber der Unfallverhütungsvorschriften (R-AS-012 fragt den Begriff); w ergänzt.";
R-AS-109;korrigiert;Themenpaket R-B;1;Arbeitsschutz;mc;;"Distraktoren ohne w-Begründung; w ergänzt.";
R-UW-104;korrigiert + umsortiert;Themenpaket R-B;1;Arbeitsschutz;mc;von Recht · Umweltrecht;"Variation nach neuer Dublettenregel (Löschung zurückgenommen): Pflichtdokument erkennen (R-AS-019 fragt den Begriff Betriebsanweisung); als Gefahrstoffrecht zum Arbeitsschutz umsortiert, w ergänzt.";
R-UW-112;korrigiert + umsortiert;Themenpaket R-B;1;Arbeitsschutz;mc;von Recht · Umweltrecht;"Variation nach neuer Dublettenregel (Löschung zurückgenommen): höchste Stufe der Schutzmaßnahmen (R-AS-010 fragt die Rangfolge); als Gefahrstoffrecht zum Arbeitsschutz umsortiert, w ergänzt.";
R-AS-601;neu;Themenpaket R-B;1;Arbeitsschutz;open;;Lücke: Beteiligungsrechte des Betriebsrats im Arbeits- und Gesundheitsschutz (§§ 87 Abs. 1 Nr. 7, 89 BetrVG, § 9 ASiG), P-OK 21.11.2023 Aufg. 5b;
R-AS-602;neu;Themenpaket R-B;1;Arbeitsschutz;open;;Lücke: Stellung des Sicherheitsbeauftragten, Unvereinbarkeit mit einer Führungsfunktion (P-OK 16.5.2023 Aufg. 3b);
R-AS-603;neu;Themenpaket R-B;1;Arbeitsschutz;open;;Lücke: Ziele und Beteiligte der Unfalluntersuchung (P-RE 8.11.2023 Aufg. 6a, P-RE 7.5.2019 Aufg. 6c, P-RE 2.11.2020 Aufg. 6c/6d);
R-AS-604;neu;Themenpaket R-B;1;Arbeitsschutz;open;;Lücke: Anlässe zur Aktualisierung der Gefährdungsbeurteilung (P-RE 4.5.2022 Aufg. 6c);
R-AS-605;neu;Themenpaket R-B;1;Arbeitsschutz;open;;Lücke: Kontrollpunkte beim Umgang mit Gefahrstoffen (P-OK 16.5.2023 Aufg. 3a);
R-AS-606;neu;Themenpaket R-B;1;Arbeitsschutz;open;;Lücke: rechtlich vorgeschriebene Arbeitsschutzmaßnahmen des Unternehmens (P-OK 21.11.2023 Aufg. 5a, P-RE 3.5.2018 Aufg. 6a, P-RE 7.5.2019 Aufg. 6b);
R-AS-607;neu;Themenpaket R-B;1;Arbeitsschutz;open;;Lücke: inner- und außerbetriebliche Stellen im Arbeitsschutz (P-RE 6.11.2017 Aufg. 5c, P-RE 3.5.2018 Aufg. 6b, P-RE 5.5.2021 Aufg. 6d);
R-AS-608;neu;Themenpaket R-B;1;Arbeitsschutz;open;;"Lücke: Rechtsvorschriften des Arbeitsschutzes mit Regelungsbereich (P-RE 4.5.2022 Aufg. 6a, P-RE 5.5.2021 Aufg. 6a); bisher nur Einzel-mc";
R-AS-609;neu;Themenpaket R-B;1;Arbeitsschutz;open;;Lücke: Unterweisungsarten, -anlässe und Informationsquellen (P-OK 18.5.2021 Aufg. 4c);
PX-R-039;gelöscht;Themenpaket R-B;1;Betriebsverfassung;mc;Dublette;Dublette von R-BR-006 (Freistellung ab 200 Arbeitnehmern).;R-BR-006
PX-R-078;gelöscht;Themenpaket R-B;1;Betriebsverfassung;mc;Dublette;"Dublette von PX-R-037; zudem fehlerhaft „Betrieb“ statt „Unternehmen“ als Bezugsgröße des § 99 BetrVG.";PX-R-037
PX-R-087;gelöscht;Themenpaket R-B;1;Betriebsverfassung;mc;Dublette;"Dublette von R-BR-001 (Schwelle § 1 BetrVG); Erklärung behandelte zudem ein anderes Thema.";R-BR-001
PX-R-088;gelöscht;Themenpaket R-B;1;Betriebsverfassung;mc;Dublette;Dublette von PX-R-041 (Wahlzeitraum 1. März bis 31. Mai).;PX-R-041
PX-R-098;gelöscht;Themenpaket R-B;1;Betriebsverfassung;mc;Dublette;Dublette: gleiche Frage (Folge fehlender Anhörung) und gleiche Antwort wie R-BR-018.;R-BR-018
PX-R-137;gelöscht;Themenpaket R-B;1;Betriebsverfassung;mc;Dublette;"Dublette von R-BR-022 (vierteljährliche Betriebsversammlung); das Vorgehen der Gewerkschaft prüft PX-R-211.";R-BR-022
PX-R-167;gelöscht;Themenpaket R-B;1;Betriebsverfassung;mc;Dublette;Dublette von PX-R-215 (Streikaufruf durch den Betriebsrat unzulässig, § 74 Abs. 2).;PX-R-215
PX-R-189;gelöscht;Dubletten;1;Betriebsverfassung;mc;Dublette;"Dublette: Form der Betriebsvereinbarung (§ 77 Abs. 2 BetrVG); Erklärung übernommen";PX-R-060
PX-R-200;gelöscht;Themenpaket R-B;1;Betriebsverfassung;mc;Dublette;Dublette von PX-R-159 (Taschenkontrollen und Kameras, § 87 Abs. 1 Nr. 1 und 6).;PX-R-159
R-BR-044;gelöscht;Themenpaket R-B;1;Betriebsverfassung;mc;Dublette;Dublette: allgemeine Überwachungsaufgabe nach § 80 Abs. 1 Nr. 1 ist identisch in R-BR-117 abgefragt.;R-BR-117
R-BR-050;gelöscht;Themenpaket R-B;1;Betriebsverfassung;mc;Dublette;Dublette: Zweck des Sozialplans identisch in PX-R-154 (dort mit Beispielen für Sozialplaninhalte).;PX-R-154
R-BR-053;gelöscht;Themenpaket R-B;1;Betriebsverfassung;mc;nicht prüfungsrelevant / überholt;"Randwissen ohne Prüfungsbezug (Konzernbetriebsrat); die Abgrenzung steckt bereits im Distraktor von R-BR-052.";
R-BR-057;gelöscht;Themenpaket R-B;1;Betriebsverfassung;mc;nicht prüfungsrelevant / überholt;Nicht prüfungsrelevant: Unternehmensmitbestimmung (DrittelbG) kommt in Rahmenplan und Originalprüfungen RE/OK nicht vor.;
R-BR-058;gelöscht;Themenpaket R-B;1;Betriebsverfassung;mc;nicht prüfungsrelevant / überholt;Nicht prüfungsrelevant: Unternehmensmitbestimmung (MitbestG) kommt in Rahmenplan und Originalprüfungen RE/OK nicht vor.;
R-BR-060;gelöscht;Themenpaket R-B;1;Betriebsverfassung;mc;nicht prüfungsrelevant / überholt;Randwissen ohne Prüfungsbezug (Tarifeinheitsgesetz).;
R-BR-070;gelöscht;Dubletten;1;Betriebsverfassung;mc;Dublette;Dublette: Vier-Jahres-Turnus ist in PX-R-041 enthalten;PX-R-041
R-BR-101;gelöscht;Themenpaket R-B;1;Betriebsverfassung;mc;Dublette;Dublette von R-BR-001 (Schwelle § 1 BetrVG).;R-BR-001
R-BR-103;gelöscht;Themenpaket R-B;1;Betriebsverfassung;mc;Dublette;Dublette von R-BR-004 (Amtszeit vier Jahre).;R-BR-004
R-BR-104;gelöscht;Themenpaket R-B;1;Betriebsverfassung;mc;Dublette;Dublette von R-BR-012 (Lage der Arbeitszeit als Fall des § 87 Abs. 1 Nr. 2).;R-BR-012
R-BR-105;gelöscht;Themenpaket R-B;1;Betriebsverfassung;mc;Dublette;"Dublette von PX-R-037; zudem fehlerhaft „Betrieb“ statt „Unternehmen“ als Bezugsgröße des § 99 BetrVG.";PX-R-037
R-BR-107;gelöscht;Themenpaket R-B;1;Betriebsverfassung;mc;Dublette;"Dublette von R-BR-019 (Wochenfrist § 102 Abs. 2); der gute Distraktor „drei Tage“ wurde dorthin übernommen.";R-BR-019
R-BR-108;gelöscht;Themenpaket R-B;1;Betriebsverfassung;mc;Dublette;Dublette von R-BR-022 (vierteljährliche Betriebsversammlung).;R-BR-022
R-BR-109;gelöscht;Themenpaket R-B;1;Betriebsverfassung;mc;Dublette;Dublette von R-BR-016 (Zusammensetzung der Einigungsstelle).;R-BR-016
R-BR-114;gelöscht;Themenpaket R-B;1;Betriebsverfassung;mc;Dublette;Dublette: wortgleiche Frage und Antwort wie R-BR-021 (Schwelle für den Wirtschaftsausschuss).;R-BR-021
R-BR-118;gelöscht;Themenpaket R-B;1;Betriebsverfassung;mc;nicht prüfungsrelevant / überholt;"Randwissen (Schwelle des Sprecherausschussgesetzes); die Angabe steht jetzt in der Erklärung von R-BR-054.";R-BR-054
PX-R-008;korrigiert;Themenpaket R-B;1;Betriebsverfassung;mc;;"„Ab welcher Einsatzdauer“ missverständlich (bei geplantem Einsatz über drei Monate besteht das Wahlrecht schon ab dem ersten Tag); präzisiert, w und fehlende Wählbarkeit ergänzt.";
PX-R-037;korrigiert;Themenpaket R-B / Zusammenführung;1;Betriebsverfassung;mc;;"Distraktoren ohne w-Begründung; w ergänzt. Stamm „Betriebsgröße“ an die Bezugsgröße Unternehmen angepasst. | w zu „mehr als 10“ auf die typische Verwechslung mit § 23 KSchG umgestellt; Erklärung um die vier personellen Einzelmaßnahmen, Vorlage der Bewerbungsunterlagen und Unternehmensbezug ergänzt (Dublettenfassung)";
PX-R-038;korrigiert;Themenpaket R-B;1;Betriebsverfassung;mc;;"Distraktoren ohne w-Begründung; w ergänzt.";
PX-R-040;korrigiert;Themenpaket R-B;1;Betriebsverfassung;mc;;"Distraktoren ohne w-Begründung; w ergänzt. Richtige Option gekürzt (war auffällig länger als die Distraktoren), Begründung in die Erklärung verlagert.";
PX-R-041;korrigiert;Themenpaket R-B / Zusammenführung;1;Betriebsverfassung;mc;;"Distraktoren ohne w-Begründung; w ergänzt. Erklärung um Wahlen außerhalb des Turnus ergänzt. | Schwachen Distraktor „alle fünf Jahre jeweils im Januar“ durch „zu einem vom Arbeitgeber festgelegten Termin“ mit w ersetzt (Dublettenfassung)";
PX-R-042;korrigiert;Themenpaket R-B;1;Betriebsverfassung;mc;;"Distraktoren ohne w-Begründung; w ergänzt. Optionen gleich gebaut und in der Länge angeglichen (richtige Option war auffällig länger).";
PX-R-060;korrigiert;Themenpaket R-B / Zusammenführung;1;Betriebsverfassung;mc;;"Variation nach neuer Dublettenregel (Löschung zurückgenommen): Partner und Form kombiniert (R-BR-024 und PX-R-189 fragen je einzeln); richtige Option gekürzt (war auffällig länger), w ergänzt. | Fachbegriff „Betriebsversammlung“ statt „Belegschaftsversammlung“ mit w (§ 45 BetrVG); Erklärung um elektronische Form (seit 2021, per Websuche geprüft), Einigungsstellenspruch und unmittelbare, zwingende Wirkung (§ 77 Abs. 4) ergänzt (Dublettenfassung)";
PX-R-062;korrigiert;Themenpaket R-B;1;Betriebsverfassung;mc;;"Verneinungsfrage positiv gefasst; Distraktor „Einrichtung eines Betriebskindergartens“ war mehrdeutig (die Errichtung selbst ist mitbestimmungsfrei, nur Form, Ausgestaltung und Verwaltung nach § 87 Abs. 1 Nr. 8) – korrigiert; w ergänzt.";
PX-R-063;korrigiert;Themenpaket R-B;1;Betriebsverfassung;mc;;"Wissenspunkt (§ 87 Abs. 1 Nr. 6 bei Zeiterfassung) doppelte R-BR-014; auf den Kraftverkehrsfall Telematik/Fahrerüberwachung umgestellt, w ergänzt.";
PX-R-079;korrigiert;Themenpaket R-B;1;Betriebsverfassung;mc;;"Auslöser der Dreitagesfrist ist das Bestreiten der Dringlichkeit (§ 100 Abs. 2 S. 3); Fall präzisiert, w und Rechtsfolge bei Ablehnung ergänzt. Optionen gleich gebaut und in der Länge angeglichen (richtige Option war auffällig länger).";
PX-R-089;korrigiert;Themenpaket R-B;1;Betriebsverfassung;mc;;"Erklärung fachlich falsch: Das unbefristete Arbeitsverhältnis entsteht nicht durch die unterlassene Mitteilung, sondern durch das schriftliche Weiterbeschäftigungsverlangen des Auszubildenden (§ 78a Abs. 2, 5 BetrVG); korrigiert, w ergänzt (vgl. P-RE 8.11.2023 Aufg. 4d). Optionen in der Länge angeglichen (richtige Option war deutlich länger).";
PX-R-091;korrigiert;Themenpaket R-B;1;Betriebsverfassung;mc;;"Distraktoren ohne w-Begründung; w ergänzt. Richtige Option gekürzt (war auffällig länger als die Distraktoren), Begründung in die Erklärung verlagert.";
PX-R-092;korrigiert;Themenpaket R-B;1;Betriebsverfassung;mc;;"Distraktoren ohne w-Begründung; w ergänzt. Richtige Option inhaltlich ausformuliert.";
PX-R-101;korrigiert;Themenpaket R-B;1;Betriebsverfassung;mc;;"Distraktoren ohne w-Begründung; w ergänzt. § 622 Abs. 4 BGB ergänzt (vgl. P-RE 3.11.2022 Aufg. 1b/1c). Optionen in der Länge angeglichen (richtige Option war deutlich länger).";
PX-R-111;korrigiert;Themenpaket R-B / Optionslängen;1;Betriebsverfassung;mc;;"Richtige Option zu eng („muss eine Betriebsvereinbarung abschließen“ – Mitbestimmung auch über Regelungsabrede oder Einigungsstelle); präzisiert, w ergänzt. | Betriebsvereinbarung als Regelform aus der richtigen Option in die Erklärung; Optionen gleich gebaut („Sie …“)";
PX-R-114;korrigiert;Themenpaket R-B;1;Betriebsverfassung;mc;;"Wissenspunkt Zusammensetzung doppelt (R-BR-016); auf die in den Prüfungen gesondert gefragte Beschlussfassung umgestellt (P-RE 3.5.2018 Aufg. 3c, P-RE 5.5.2021 Aufg. 4c). Richtige Option gekürzt (war auffällig länger als die Distraktoren), Begründung in die Erklärung verlagert.";
PX-R-121;korrigiert;Themenpaket R-B / Optionslängen;1;Betriebsverfassung;mc;;"Fall („per Handy“) ist Rufbereitschaft, nicht Bereitschaftsdienst; Mitbestimmung stützt sich auf § 87 Abs. 1 Nr. 2 und 3, Aussage zur Vergütung war zu pauschal; korrigiert und auf den Kraftverkehr (Pannendienst) bezogen (vgl. P-RE 5.5.2021 Aufg. 2). | Paragrafenangabe aus der richtigen Option in die Erklärung (war einziger §-Verweis unter den Optionen); „nur“/„allein“ bei Distraktoren entfernt";
PX-R-122;korrigiert;Themenpaket R-B;1;Betriebsverfassung;mc;;"Distraktoren ohne w-Begründung; w ergänzt. Erklärung um Sitzungsrhythmus (§ 108) und Einigungsstelle (§ 109) ergänzt (vgl. P-RE 5.5.2021 Aufg. 3). Optionen gleich gebaut und in der Länge angeglichen (richtige Option war auffällig länger).";
PX-R-129;korrigiert;Themenpaket R-B;1;Betriebsverfassung;mc;;"Distraktoren ohne w-Begründung; w ergänzt. Richtige Option gekürzt (war auffällig länger als die Distraktoren), Begründung in die Erklärung verlagert.";
PX-R-130;korrigiert;Themenpaket R-B;1;Betriebsverfassung;calc;;"Fachlich überholt: Seit dem Betriebsrätemodernisierungsgesetz 2021 sind Arbeitnehmer ab 16 Jahren wahlberechtigt; die Minderjährigen wurden fälschlich abgezogen, und die Betriebsratsgröße (9 statt 11) war falsch. Zahlen angepasst, Rechenweg korrigiert.";
PX-R-138;korrigiert;Themenpaket R-B;1;Betriebsverfassung;mc;;"Distraktoren ohne w-Begründung; w ergänzt. Gerichtliche Durchsetzung nach § 104 S. 2 ergänzt. Optionen in der Länge angeglichen (richtige Option war deutlich länger).";
PX-R-147;korrigiert;Themenpaket R-B;1;Betriebsverfassung;mc;;"Distraktoren ohne w-Begründung; w ergänzt. Optionen in der Länge angeglichen (richtige Option war deutlich länger).";
PX-R-154;korrigiert;Themenpaket R-B;1;Betriebsverfassung;mc;;"Distraktoren ohne w-Begründung; w ergänzt. Richtige Option gekürzt (war auffällig länger als die Distraktoren), Begründung in die Erklärung verlagert.";
PX-R-155;korrigiert;Themenpaket R-B;1;Betriebsverfassung;mc;;"Distraktoren ohne w-Begründung; w ergänzt.";
PX-R-159;korrigiert;Themenpaket R-B;1;Betriebsverfassung;mc;;"Distraktoren ohne w-Begründung; w ergänzt. Datenschutzhinweis aus der Dublette PX-R-200 übernommen. Richtige Option gekürzt (war auffällig länger als die Distraktoren), Begründung in die Erklärung verlagert.";
PX-R-163;korrigiert;Themenpaket R-B;1;Betriebsverfassung;mc;;"Variation nach neuer Dublettenregel (Löschung zurückgenommen): Vergütung der Sitzungszeit (PX-R-209 fragt den Freistellungsanspruch); richtige Option gekürzt (Begründung in die Erklärung), w ergänzt.";
PX-R-169;korrigiert;Themenpaket R-B / Optionslängen;1;Betriebsverfassung;mc;;"Distraktoren ohne w-Begründung; w ergänzt. | Zeitpunkt (konstituierende Sitzung) aus der richtigen Option in die Erklärung";
PX-R-170;korrigiert;Themenpaket R-B;1;Betriebsverfassung;mc;;"Distraktoren ohne w-Begründung; w ergänzt. Richtige Option gekürzt (war auffällig länger als die Distraktoren), Begründung in die Erklärung verlagert.";
PX-R-177;korrigiert;Themenpaket R-B;1;Betriebsverfassung;mc;;"Distraktoren ohne w-Begründung; w ergänzt. Kündigungserklärungsfrist nach § 626 Abs. 2 BGB ergänzt. Richtige Option gekürzt (war auffällig länger als die Distraktoren), Begründung in die Erklärung verlagert.";
PX-R-178;korrigiert;Themenpaket R-B;1;Betriebsverfassung;mc;;"Verneinungsfrage positiv gefasst; Distraktor zum Vorschlagswesen präzisiert (mitbestimmt sind die Grundsätze, nicht die Prämienhöhe), w ergänzt.";
PX-R-179;korrigiert;Themenpaket R-B;1;Betriebsverfassung;mc→open;;"Aufzählungsfrage als mc mit auffällig langer richtiger Option; als offene Prüfungsaufgabe mit Rechtsgrundlagen neu gefasst (P-RE 6.11.2017 Aufg. 4b, P-RE 4.5.2022 Aufg. 5c).";
PX-R-188;korrigiert;Themenpaket R-B / Optionslängen;1;Betriebsverfassung;mc;;"Distraktoren ohne w-Begründung; w ergänzt. Richtige Option auf die Länge der Distraktoren gekürzt. | Paragrafenangabe aus der richtigen Option gestrichen (steht in der Erklärung); kurzen Distraktor gleich gebaut";
PX-R-198;korrigiert;Themenpaket R-B;1;Betriebsverfassung;mc;;"Distraktoren ohne w-Begründung; w ergänzt. Richtige Option gekürzt (war auffällig länger als die Distraktoren), Begründung in die Erklärung verlagert.";
PX-R-203;korrigiert;Themenpaket R-B;1;Betriebsverfassung;mc;;"Distraktoren ohne w-Begründung; w ergänzt. Richtige Option gekürzt (war auffällig länger als die Distraktoren), Begründung in die Erklärung verlagert.";
PX-R-209;korrigiert;Themenpaket R-B;1;Betriebsverfassung;mc;;"Distraktoren ohne w-Begründung; w ergänzt. Richtige Option gekürzt (war auffällig länger als die Distraktoren), Begründung in die Erklärung verlagert.";
PX-R-211;korrigiert;Themenpaket R-B;1;Betriebsverfassung;mc;;"Richtige Option war ein überlanger Sammelsatz neben kurzen Distraktoren, die Anzahl der Versammlungen doppelte R-BR-022; auf das Vorgehen der Gewerkschaft konzentriert (P-RE 5.11.2015 Aufg. 5e, P-RE 5.5.2020 Aufg. 3c).";
PX-R-212;korrigiert;Themenpaket R-B;1;Betriebsverfassung;mc;;"Distraktoren ohne w-Begründung; w ergänzt. Unklare Erklärung (Bezug auf nicht genannte dritte Regelung) neu gefasst. Richtige Option gekürzt (war auffällig länger als die Distraktoren), Begründung in die Erklärung verlagert.";
PX-R-215;korrigiert;Themenpaket R-B;1;Betriebsverfassung;mc;;"Distraktoren ohne w-Begründung; w ergänzt. Richtige Option gekürzt (war auffällig länger als die Distraktoren), Begründung in die Erklärung verlagert.";
PX-R-226;korrigiert;Themenpaket R-B;1;Betriebsverfassung;mc;;"Distraktoren ohne w-Begründung; w ergänzt. Richtige Option gekürzt (war auffällig länger als die Distraktoren), Begründung in die Erklärung verlagert.";
PX-R-237;korrigiert;Themenpaket R-B;1;Betriebsverfassung;mc;;"Distraktoren ohne w-Begründung; w ergänzt. Richtige Option gekürzt (war auffällig länger als die Distraktoren), Begründung in die Erklärung verlagert. Distraktor „Sozialgericht“ durch die typische Verwechslung „Urteilsverfahren“ ersetzt.";
PX-R-240;korrigiert;Themenpaket R-B;1;Betriebsverfassung;mc;;"Distraktoren ohne w-Begründung; w ergänzt. Richtige Option gekürzt (war auffällig länger als die Distraktoren), Begründung in die Erklärung verlagert.";
R-BR-001;korrigiert;Dubletten;1;Betriebsverfassung;mc;;Erklärung um Wahlberechtigung (§ 7) und Wählbarkeit (§ 8, ab 18 Jahren und sechs Monaten Betriebszugehörigkeit) ergänzt;
R-BR-004;korrigiert;Dubletten;1;Betriebsverfassung;mc;;Erklärung um Amtszeit bei Wahl außerhalb des regelmäßigen Zeitraums (§ 13 Abs. 3 BetrVG) ergänzt – vgl. Prüfung „… nur bis zur nächsten regelmäßigen Betriebsratswahl gewählt?“;
R-BR-005;korrigiert;Themenpaket R-B;1;Betriebsverfassung;mc;;"Richtige Option ungenau: Ab 101 Beschäftigten zählen nach § 9 BetrVG alle Arbeitnehmer, nicht nur die wahlberechtigten; Staffel präzisiert, Paragrafenangabe aus einem Distraktor entfernt.";
R-BR-006;korrigiert;Dubletten;1;Betriebsverfassung;mc;;Erklärung um Staffel und Abgrenzung zur Arbeitsbefreiung nach § 37 Abs. 2 BetrVG (aus PX-R-039) ergänzt;
R-BR-010;korrigiert;Themenpaket R-B;1;Betriebsverfassung;mc;;"Rangfolge Anhörung < Beratung ist in der Literatur uneinheitlich, ein Distraktor war dadurch angreifbar; neu als eindeutige, prüfungsnahe Zuordnung von Fällen zu Beteiligungsrechten (vgl. P-RE 6.11.2017 Aufg. 3).";
R-BR-012;korrigiert;Dubletten;1;Betriebsverfassung;mc;;"Distraktor zum Tarifvorbehalt aus R-BR-104 statt der abwegigen Gewinnausschüttung; Erklärung um Einigungsstelle und Telematik-Beispiel ergänzt";
R-BR-013;korrigiert;Themenpaket R-B;1;Betriebsverfassung;mc;;"Variation nach neuer Dublettenregel (Löschung zurückgenommen): andere Beispiele als PX-R-062/PX-R-178 (Produktpalette vs. Überstunden, Entlohnung, Ordnung); Verneinungsfrage positiv gefasst.";
R-BR-014;korrigiert;Themenpaket R-B;1;Betriebsverfassung;mc;;"BAG 13.9.2022 (Pflicht zur Arbeitszeiterfassung; Mitbestimmung nur beim Wie) und objektive Eignung ergänzt; w zur Anhörung präzisiert (Betriebsrat kann nicht endgültig verhindern, Einigungsstelle).";
R-BR-016;korrigiert;Dubletten;1;Betriebsverfassung;mc;;Erklärung um Beschlussfassung und Rechtsfolge des Spruchs ergänzt (vgl. Prüfung „Beschreiben Sie die Beschlussfassung … Rechtsfolge des Spruches“);
R-BR-017;korrigiert;Themenpaket R-B;1;Betriebsverfassung;mc;;"Schwelle des § 99 BetrVG bezieht sich auf das Unternehmen und auf wahlberechtigte Arbeitnehmer; Option und Erklärung korrigiert.";
R-BR-019;korrigiert;Themenpaket R-B / Zusammenführung;1;Betriebsverfassung;mc;;"Distraktor „zwei Tage“ ohne Bezug; ersetzt durch den typischen Fehler „drei Tage“ (außerordentliche Kündigung); Inhalt der Dublette R-BR-107 übernommen. | Unwirksamkeit einer Kündigung ohne Anhörung (§ 102 Abs. 1 BetrVG) aus der Dublettenfassung ergänzt";
R-BR-021;korrigiert;Themenpaket R-B / Zusammenführung;1;Betriebsverfassung;mc;;"Variation nach neuer Dublettenregel (Löschung zurückgenommen): reine Schwellenfrage neben PX-R-122 (Schwelle und Besetzung); Stamm „Betriebsgröße“ an die Bezugsgröße Unternehmen angepasst. | Distraktor „mindestens 500“ durch die typische Verwechslung „mehr als 20 wahlberechtigte“ (§§ 99, 111) ersetzt, w zu 200 mit § 38 BetrVG (Dublettenfassung); Besetzung nach § 107 ergänzt, weil PX-R-122 (Schwelle und Besetzung), auf das sich die Paketfassung stützte, gelöscht ist";
R-BR-022;korrigiert;Dubletten;1;Betriebsverfassung;mc;;Erklärung um die in Prüfungen gefragten Punkte ergänzt: Einladung des Arbeitgebers, Vergütung, Antragsrecht der Gewerkschaft, § 23 BetrVG;
R-BR-023;korrigiert;Themenpaket R-B;1;Betriebsverfassung;open;;"Ohne Operator/Punktbezug und mit falscher Schwelle („Betrieb“ statt Unternehmen, fehlende Wochenfrist/Zustimmungsfiktion); auf IHK-Schema umgestellt (Beteiligung + drei Reaktionen, vgl. P-RE 12.11.2014 Aufg. 2b/2c).";
R-BR-039;korrigiert;Themenpaket R-B;1;Betriebsverfassung;mc;;"Distraktoren ohne w-Begründung; w ergänzt.";
R-BR-040;korrigiert;Themenpaket R-B;1;Betriebsverfassung;mc;;"Distraktoren ohne w-Begründung; w ergänzt. Erklärung um die Betriebsgröße ergänzt.";
R-BR-041;korrigiert;Themenpaket R-B;1;Betriebsverfassung;mc;;"Distraktoren ohne w-Begründung; w ergänzt. Stimmengleichheit ergänzt.";
R-BR-042;korrigiert;Themenpaket R-B;1;Betriebsverfassung;mc;;"Distraktoren ohne w-Begründung; w ergänzt.";
R-BR-043;korrigiert;Themenpaket R-B;1;Betriebsverfassung;mc;;"Variation nach neuer Dublettenregel (Löschung zurückgenommen): Anspruch nach § 37 Abs. 6 (R-BR-116 fragt die Voraussetzung und Abgrenzung zu Abs. 7); w ergänzt.";
R-BR-045;korrigiert;Themenpaket R-B;1;Betriebsverfassung;mc;;"Distraktoren ohne w-Begründung; w ergänzt. Vorschlagsrecht ergänzt.";
R-BR-046;korrigiert;Themenpaket R-B;1;Betriebsverfassung;mc;;"Distraktoren ohne w-Begründung; w ergänzt. Optionen in der Länge angeglichen (richtige Option war deutlich länger).";
R-BR-047;korrigiert;Themenpaket R-B;1;Betriebsverfassung;mc;;"Distraktoren ohne w-Begründung; w ergänzt.";
R-BR-048;korrigiert;Themenpaket R-B;1;Betriebsverfassung;mc;;"Distraktoren ohne w-Begründung; w ergänzt.";
R-BR-049;korrigiert;Themenpaket R-B;1;Betriebsverfassung;mc;;"Distraktoren ohne w-Begründung; w ergänzt.";
R-BR-051;korrigiert;Themenpaket R-B;1;Betriebsverfassung;mc;;"Variation nach neuer Dublettenregel (Löschung zurückgenommen): Abgrenzung Interessenausgleich/Sozialplan (R-BR-113 ist der Anwendungsfall); w ergänzt.";
R-BR-052;korrigiert;Themenpaket R-B;1;Betriebsverfassung;mc;;"Distraktoren ohne w-Begründung; w ergänzt.";
R-BR-054;korrigiert;Themenpaket R-B;1;Betriebsverfassung;mc;;"Distraktoren ohne w-Begründung; w ergänzt. Schwelle des SprAuG aus der gelöschten R-BR-118 in die Erklärung übernommen.";
R-BR-055;korrigiert;Themenpaket R-B;1;Betriebsverfassung;mc;;"Distraktoren ohne w-Begründung; w ergänzt. Distraktor „25“ durch die typische Verwechslung mit der 20-Arbeitsplätze-Grenze ersetzt; Beteiligung vor Kündigung ergänzt.";
R-BR-056;korrigiert;Themenpaket R-B;1;Betriebsverfassung;open;;"Kein Operator/Punktbezug, Schwelle ungenau; als IHK-Aufgabe mit Stichpunkt-Lösung und Sozialplaninhalten neu gefasst (vgl. P-RE 7.5.2019 Aufg. 2d).";
R-BR-069;korrigiert;Themenpaket R-B;1;Betriebsverfassung;mc;;"Verneinungsfrage positiv umformuliert; w und Beispiele (Prokurist, Geschäftsführer) ergänzt.";
R-BR-071;korrigiert;Themenpaket R-B;1;Betriebsverfassung;mc;;"Distraktoren ohne w-Begründung; w ergänzt.";
R-BR-072;korrigiert;Themenpaket R-B;1;Betriebsverfassung;mc;;"Distraktoren ohne w-Begründung; w ergänzt.";
R-BR-073;korrigiert;Themenpaket R-B;1;Betriebsverfassung;mc;;"Distraktoren ohne w-Begründung; w ergänzt. Fundstellen in der Erklärung korrigiert (§ 82/99 ungenau), Fortgeltung nach dem Ausscheiden ergänzt.";
R-BR-074;korrigiert;Themenpaket R-B;1;Betriebsverfassung;mc;;"Distraktoren ohne w-Begründung; w ergänzt.";
R-BR-075;korrigiert;Themenpaket R-B;1;Betriebsverfassung;mc;;"Distraktoren ohne w-Begründung; w ergänzt.";
R-BR-077;korrigiert;Themenpaket R-B;1;Betriebsverfassung;open;;"Offene Frage ohne Punktbezug, Rangfolge Anhörung/Beratung strittig; neu als Unterscheidung Mitwirkung/Mitbestimmung mit Beispielen und Rechtsgrundlagen (vgl. P-RE 6.11.2017 Aufg. 3).";
R-BR-079;korrigiert;Themenpaket R-B;1;Betriebsverfassung;open;;"Musterlösung unvollständig (Zustimmungsfiktion, Widerspruchsgründe, Weiterbeschäftigungsanspruch fehlten; Widerspruch fälschlich auch bei außerordentlicher Kündigung); an die IHK-Aufgabe „vier Reaktionen und Wirkung“ angepasst (P-RE 3.5.2023 Aufg. 4c).";
R-BR-102;korrigiert;Themenpaket R-B;1;Betriebsverfassung;mc;;"Distraktoren ohne w-Begründung; w ergänzt.";
R-BR-106;korrigiert;Themenpaket R-B;1;Betriebsverfassung;mc;;"Distraktoren ohne w-Begründung; w ergänzt.";
R-BR-110;korrigiert;Themenpaket R-B;1;Betriebsverfassung;mc;;"Distraktoren ohne w-Begründung; w ergänzt. Wahlzeitraum ergänzt.";
R-BR-111;korrigiert;Themenpaket R-B;1;Betriebsverfassung;mc;;"Variation nach neuer Dublettenregel (Löschung zurückgenommen): Bedeutung der unmittelbaren und zwingenden Wirkung einschließlich Verzicht (R-BR-025 fragt nur die Wirkungsart); w ergänzt. Optionen in der Länge angeglichen (richtige Option war deutlich länger).";
R-BR-112;korrigiert;Themenpaket R-B;1;Betriebsverfassung;mc;;"Distraktoren ohne w-Begründung; w ergänzt. Abgrenzung zur freiwilligen Betriebsvereinbarung ergänzt.";
R-BR-113;korrigiert;Themenpaket R-B;1;Betriebsverfassung;mc;;"Distraktoren ohne w-Begründung; w ergänzt.";
R-BR-115;korrigiert;Themenpaket R-B;1;Betriebsverfassung;mc;;"Distraktoren ohne w-Begründung; w ergänzt.";
R-BR-116;korrigiert;Themenpaket R-B;1;Betriebsverfassung;mc;;"Distraktoren ohne w-Begründung; w ergänzt. Erklärung um § 37 Abs. 7 (vier Wochen für erstmals Gewählte) ergänzt (vgl. P-RE 3.11.2016 Aufg. 6c).";
R-BR-117;korrigiert;Themenpaket R-B;1;Betriebsverfassung;mc;;"Distraktoren ohne w-Begründung; w ergänzt. Optionen in der Länge angeglichen (richtige Option war deutlich länger).";
R-BR-601;neu;Themenpaket R-B;1;Betriebsverfassung;mc;;Lücke: Teilnahme der Gewerkschaft an Betriebsratssitzungen (§ 31 BetrVG), P-RE 5.11.2015 Aufg. 5d, P-RE 3.5.2016 Aufg. 1c;
R-BR-602;neu;Themenpaket R-B;1;Betriebsverfassung;calc;;Lücke: Wahlvorschläge und Stützunterschriften (§ 14 Abs. 4 BetrVG), P-RE 4.5.2022 Aufg. 5b;
R-BR-603;neu;Themenpaket R-B;1;Betriebsverfassung;open;;Lücke: Einstellung ohne vorherige Beteiligung des Betriebsrats (§§ 99–101 BetrVG), P-RE 2.5.2024 Aufg. 5b/5c;
R-BR-604;neu;Themenpaket R-B;1;Betriebsverfassung;open;;"Lücke: Organe der Arbeitnehmervertretung mit Rechtsgrundlagen (P-RE 6.11.2017 Aufg. 4a); bisher nur Einzelfragen als mc";
R-BR-605;neu;Themenpaket R-B;1;Betriebsverfassung;mc;;Lücke: Rechte des Arbeitgebers bei Betriebsversammlungen (§ 43 Abs. 2, 3 BetrVG), P-RE 5.11.2018 Aufg. 3d, P-RE 7.5.2019 Aufg. 3d/3e;
R-BR-606;neu;Themenpaket R-B;1;Betriebsverfassung;open;;"Lücke: Pflichten und Maßnahmen des Betriebsrats bei Diskriminierung (§§ 75, 80, 85, 104 BetrVG), P-RE 7.5.2019 Aufg. 4, P-RE 5.5.2020 Aufg. 4 (je 12 P); bisher nur mc zu § 104";
PX-R-118;gelöscht;Themenpaket R-B;1;Produkthaftung/Datenschutz;mc;Dublette;Dublette: gleiche Frage (welcher Grundsatz steht in Art. 5) und Antwort wie R-PH-104.;R-PH-104
PX-R-183;gelöscht;Themenpaket R-B;1;Produkthaftung/Datenschutz;mc;Dublette;Dublette von PX-R-225 (Bewerbungsunterlagen und Foto, gleicher Fall).;PX-R-225
R-PH-001;gelöscht;Themenpaket R-B;1;Produkthaftung/Datenschutz;mc;Dublette;Dublette von R-PH-108 (verschuldensunabhängige Gefährdungshaftung des ProdHaftG).;R-PH-108
R-PH-009;gelöscht;Themenpaket R-B;1;Produkthaftung/Datenschutz;mc;Dublette;Dublette von R-PH-110 (Selbstbehalt bei Sachschäden), dort neutral zur neuen Rechtslage formuliert.;R-PH-110
R-PH-011;gelöscht;Themenpaket R-B;1;Produkthaftung/Datenschutz;mc;nicht prüfungsrelevant / überholt;"Randwissen ohne Prüfungsbezug; die Erlöschensfrist steht jetzt in der Erklärung von R-PH-010.";R-PH-010
R-PH-013;gelöscht;Themenpaket R-B;1;Produkthaftung/Datenschutz;mc;Dublette;Dublette von PX-R-047 (personenbezogene Daten nach Art. 4 Nr. 1 DSGVO).;PX-R-047
R-PH-014;gelöscht;Dubletten;1;Produkthaftung/Datenschutz;mc;Dublette;"Dublette: Grundsätze nach Art. 5 DSGVO; R-PH-027 fragt sie wie die Prüfung offen ab („Nennen Sie …“), die MC-Distraktoren waren abwegig";R-PH-027
R-PH-019;gelöscht;Themenpaket R-B;1;Produkthaftung/Datenschutz;mc;Dublette;Dublette von R-PH-114 (Benennungspflicht nach § 38 BDSG).;R-PH-114
R-PH-021;gelöscht;Themenpaket R-B;1;Produkthaftung/Datenschutz;mc;Dublette;Dublette von R-PH-115 (Meldung von Datenpannen binnen 72 Stunden).;R-PH-115
R-PH-101;gelöscht;Themenpaket R-B;1;Produkthaftung/Datenschutz;mc;Dublette;Dublette von R-PH-108 (verschuldensunabhängige Haftung nach dem ProdHaftG).;R-PH-108
R-PH-104;gelöscht;Dubletten;1;Produkthaftung/Datenschutz;mc;Dublette;Dublette: Datenminimierung als Grundsatz des Art. 5 DSGVO;R-PH-015
R-PH-106;gelöscht;Dubletten;1;Produkthaftung/Datenschutz;mc;Dublette;"Dublette: Auftragsverarbeitung nach Art. 28 DSGVO (Randthema, eine Frage genügt); Verantwortung des Auftraggebers in die Erklärung von R-PH-020 übernommen";R-PH-020
R-PH-107;gelöscht;Themenpaket R-B;1;Produkthaftung/Datenschutz;mc;Dublette;Dublette von R-PH-114 (Benennungspflicht nach § 38 BDSG).;R-PH-114
R-PH-111;gelöscht;Themenpaket R-B;1;Produkthaftung/Datenschutz;mc;nicht prüfungsrelevant / überholt;"Randwissen ohne Prüfungsbezug (Haftungshöchstbetrag 85 Mio. €); der Höchstbetrag entfällt zudem mit der Umsetzung der EU-Richtlinie 2024/2853.";
PX-M-100;korrigiert + umsortiert;Themenpaket M-A / Querschnitt;1;Produkthaftung/Datenschutz;mc;von Methoden · EDV;"w fehlte, Distraktoren teils erfunden bzw. falsch zugeordnet (§ 4 BDSG ist Videoüberwachung); durch echte, verwechselbare Grundsätze ersetzt; in Fach 1 umsortiert, Erklärung vervollständigt. | Nach Verschiebung (aus M-A) umgekehrte Fassung von R-PH-015 (Definition → Begriff statt Begriff → Definition); zur Anwendung im Fall umgebaut, damit eine echte Variation bleibt – die Abgrenzung zu Speicherbegrenzung und Zweckbindung bleibt erhalten";
PX-R-046;korrigiert;Themenpaket R-B;1;Produkthaftung/Datenschutz;mc;;"Distraktoren ohne w-Begründung; w ergänzt. § 22 KUG, § 26 Abs. 2 BDSG und Widerruflichkeit ergänzt (vgl. P-RE 5.11.2025 Aufg. 7a).";
PX-R-047;korrigiert;Themenpaket R-B;1;Produkthaftung/Datenschutz;mc;;"Distraktoren ohne w-Begründung; w ergänzt. Optionen in der Länge angeglichen (richtige Option war deutlich länger).";
PX-R-071;korrigiert;Themenpaket R-B;1;Produkthaftung/Datenschutz;mc;;"Distraktoren ohne w-Begründung; w ergänzt. Optionen gleich gebaut und in der Länge angeglichen (richtige Option war auffällig länger).";
PX-R-072;korrigiert;Themenpaket R-B;1;Produkthaftung/Datenschutz;mc;;"Variation nach neuer Dublettenregel (Löschung zurückgenommen): Beispiel für TOM erkennen (R-PH-022 fragt den Begriff); w ergänzt.";
PX-R-126;korrigiert;Themenpaket R-B;1;Produkthaftung/Datenschutz;mc;;"Distraktoren ohne w-Begründung; w ergänzt. Richtige Option gekürzt (war auffällig länger als die Distraktoren), Begründung in die Erklärung verlagert.";
PX-R-134;korrigiert;Themenpaket R-B;1;Produkthaftung/Datenschutz;mc;;"Distraktoren ohne w-Begründung; w ergänzt.";
PX-R-157;korrigiert;Themenpaket R-B;1;Produkthaftung/Datenschutz;mc;;"Distraktoren ohne w-Begründung; w ergänzt. Katalog des Art. 15 und Monatsfrist ergänzt (vgl. P-RE 7.5.2019 Aufg. 7c). Richtige Option gekürzt (war auffällig länger als die Distraktoren), Begründung in die Erklärung verlagert.";
PX-R-173;korrigiert;Themenpaket R-B;1;Produkthaftung/Datenschutz;mc;;"Distraktoren ohne w-Begründung; w ergänzt. Rechtsgrundlage in der richtigen Option ergänzt. Richtige Option gekürzt (war auffällig länger als die Distraktoren), Begründung in die Erklärung verlagert.";
PX-R-196;korrigiert;Themenpaket R-B;1;Produkthaftung/Datenschutz;mc;;"Distraktoren ohne w-Begründung; w ergänzt. Selbstbehalt neutral (entfällt mit der EU-Richtlinie 2024/2853) formuliert. Richtige Option gekürzt (war auffällig länger als die Distraktoren), Begründung in die Erklärung verlagert. Name aus der Originalprüfung durch eine neutrale Person ersetzt.";
PX-R-197;korrigiert;Themenpaket R-B;1;Produkthaftung/Datenschutz;mc;;"Distraktoren ohne w-Begründung; w ergänzt. Richtige Option gekürzt (war auffällig länger als die Distraktoren), Begründung in die Erklärung verlagert. Name aus der Originalprüfung durch eine neutrale Person ersetzt.";
PX-R-208;korrigiert;Themenpaket R-B;1;Produkthaftung/Datenschutz;mc;;"Distraktoren ohne w-Begründung; w ergänzt. Distraktoren an die Länge der richtigen Option angeglichen, historische BDSG-Fundstellen entfernt. Richtige Option gekürzt (war auffällig länger als die Distraktoren), Begründung in die Erklärung verlagert.";
PX-R-214;korrigiert;Themenpaket R-B;1;Produkthaftung/Datenschutz;mc;;"Distraktoren ohne w-Begründung; w ergänzt. Einblicksrecht des Betriebsausschusses in Bruttolohnlisten (§ 80 Abs. 2 BetrVG) ergänzt (vgl. P-RE 3.5.2016 Aufg. 4b). Richtige Option gekürzt (war auffällig länger als die Distraktoren), Begründung in die Erklärung verlagert.";
PX-R-218;korrigiert;Themenpaket R-B;1;Produkthaftung/Datenschutz;mc;;"Distraktoren ohne w-Begründung; w ergänzt. Richtige Option gekürzt. Richtige Option gekürzt (war auffällig länger als die Distraktoren), Begründung in die Erklärung verlagert.";
PX-R-225;korrigiert;Themenpaket R-B;1;Produkthaftung/Datenschutz;mc;;"Distraktoren ohne w-Begründung; w ergänzt. Aufbewahrung wegen AGG-Fristen präzisiert, historische BDSG-Fundstelle entfernt. Optionen gleich gebaut und in der Länge angeglichen (richtige Option war auffällig länger).";
PX-R-234;korrigiert;Themenpaket R-B;1;Produkthaftung/Datenschutz;mc;;"Distraktoren ohne w-Begründung; w ergänzt. Historische Fundstelle entfernt, Beispiele nicht speicherbarer Daten präzisiert (vgl. P-RE 29.4.2015 Aufg. 5a/5b). Richtige Option gekürzt (war auffällig länger als die Distraktoren), Begründung in die Erklärung verlagert.";
PX-R-248;korrigiert;Themenpaket R-B;1;Produkthaftung/Datenschutz;mc→open;;"Richtige Option war ein überlanger Sammelsatz neben deutlich kürzeren Distraktoren; Benennung, Form und Aufgaben werden offen gefragt (P-RE 12.11.2014 Aufg. 9, P-RE 5.11.2018 Aufg. 7) – als offene Aufgabe mit Stand-2026-Hinweis neu gefasst.";
R-PH-002;korrigiert;Themenpaket R-B;1;Produkthaftung/Datenschutz;mc;;"Distraktoren ohne w-Begründung; w ergänzt.";
R-PH-003;korrigiert;Themenpaket R-B;1;Produkthaftung/Datenschutz;mc;;"Distraktoren ohne w-Begründung; w ergänzt.";
R-PH-004;korrigiert;Themenpaket R-B;1;Produkthaftung/Datenschutz;mc;;"Variation nach neuer Dublettenregel (Löschung zurückgenommen): Begriff Instruktionsfehler (R-PH-109 ist der Fall zum Erkennen); w ergänzt.";
R-PH-005;korrigiert;Themenpaket R-B;1;Produkthaftung/Datenschutz;mc;;"Distraktor „Zulieferer eines beanstandungsfreien Einzelbauteils“ fachlich angreifbar (Teilhersteller ist Hersteller nach § 4 Abs. 1); ersetzt durch den hilfsweise haftenden Händler, w ergänzt, Ausblick auf die neue Richtlinie neutral ergänzt.";
R-PH-006;korrigiert;Themenpaket R-B;1;Produkthaftung/Datenschutz;mc;;"Distraktoren ohne w-Begründung; w ergänzt.";
R-PH-007;korrigiert;Themenpaket R-B;1;Produkthaftung/Datenschutz;mc;;"Distraktoren ohne w-Begründung; w ergänzt. Abgrenzung zu § 823 BGB ergänzt.";
R-PH-008;korrigiert;Themenpaket R-B;1;Produkthaftung/Datenschutz;mc;;"Selbstbehalt in der richtigen Option als feste Größe genannt, entfällt aber mit der Umsetzung der EU-Richtlinie 2024/2853; neutral formuliert, w ergänzt.";
R-PH-010;korrigiert;Themenpaket R-B;1;Produkthaftung/Datenschutz;mc;;"Distraktoren ohne w-Begründung; w ergänzt. Erlöschensfrist (§ 13) und neue 25-Jahres-Frist bei Spätschäden in die Erklärung übernommen.";
R-PH-012;korrigiert;Themenpaket R-B;1;Produkthaftung/Datenschutz;mc;;"Distraktoren ohne w-Begründung; w ergänzt.";
R-PH-015;korrigiert;Themenpaket R-B;1;Produkthaftung/Datenschutz;mc;;"Distraktoren ohne w-Begründung; w ergänzt.";
R-PH-016;korrigiert;Themenpaket R-B;1;Produkthaftung/Datenschutz;mc;;"Distraktoren ohne w-Begründung; w ergänzt.";
R-PH-017;korrigiert;Themenpaket R-B;1;Produkthaftung/Datenschutz;mc;;"Distraktoren ohne w-Begründung; w ergänzt.";
R-PH-018;korrigiert;Themenpaket R-B;1;Produkthaftung/Datenschutz;mc;;"Variation nach neuer Dublettenregel (Löschung zurückgenommen): Begriff „Recht auf Vergessenwerden“ (R-PH-105 fragt die Voraussetzungen der Löschung); w ergänzt.";
R-PH-020;korrigiert;Themenpaket R-B;1;Produkthaftung/Datenschutz;mc;;"Distraktoren ohne w-Begründung; w ergänzt. Telematikdienstleister als Kraftverkehrsbeispiel ergänzt.";
R-PH-022;korrigiert;Themenpaket R-B;1;Produkthaftung/Datenschutz;mc;;"Distraktoren ohne w-Begründung; w ergänzt. Beispiele für TOM ergänzt (PX-R-072 bleibt als Variation) (vgl. P-RE 6.11.2024 Aufg. 8b).";
R-PH-023;korrigiert;Themenpaket R-B;1;Produkthaftung/Datenschutz;mc;;"Distraktoren ohne w-Begründung; w ergänzt. Weitere Sanktionen ergänzt.";
R-PH-024;korrigiert;Themenpaket R-B;1;Produkthaftung/Datenschutz;mc;;"Erklärung um die Rechtslage nach EuGH C-34/21 ergänzt (§ 26 Abs. 1 S. 1 BDSG nur noch eingeschränkt anwendbar; Beschäftigtendatengesetz geplant, Stand 2026), w ergänzt.";
R-PH-025;korrigiert;Themenpaket R-B;1;Produkthaftung/Datenschutz;open;;"Selbstbehalt und Höchstbetrag als dauerhaft gültig dargestellt, obwohl sie mit der EU-Richtlinie 2024/2853 entfallen; neutral formuliert und in Stichpunkten gegliedert.";
R-PH-102;korrigiert;Themenpaket R-B;1;Produkthaftung/Datenschutz;mc;;"Distraktoren ohne w-Begründung; w ergänzt.";
R-PH-103;korrigiert;Themenpaket R-B;1;Produkthaftung/Datenschutz;mc;;"Distraktoren ohne w-Begründung; w ergänzt.";
R-PH-105;korrigiert;Themenpaket R-B;1;Produkthaftung/Datenschutz;mc;;"Distraktoren ohne w-Begründung; w ergänzt.";
R-PH-110;korrigiert;Themenpaket R-B;1;Produkthaftung/Datenschutz;mc;;"Der Selbstbehalt von 500 € entfällt mit der Umsetzung der EU-Richtlinie 2024/2853; neutral formuliert (bisherige und künftige Rechtslage), w angepasst. Optionen in der Länge angeglichen (richtige Option war deutlich länger).";
R-PH-114;korrigiert;Themenpaket R-B / Zusammenführung;1;Produkthaftung/Datenschutz;mc;;"Veränderlicher Wert: Kennzeichnung „Stand 2026“ und Hinweis auf die angekündigte Streichung des § 38 Abs. 1 BDSG ergänzt; Dubletten R-PH-019/107 zusammengeführt. | Datenschutz-Folgenabschätzung als weiterer Auslöser sowie Veröffentlichung/Meldung und Stellung des Beauftragten aus der Dublettenfassung ergänzt (aus PX-R-248, sonst nirgends im Katalog; RE-Prüfungen fragen Voraussetzungen und Aufgaben); Rechtsstand § 38 BDSG per Websuche bestätigt";
R-PH-601;neu;Themenpaket R-B;1;Produkthaftung/Datenschutz;open;;Lücke: Zielsetzung der DSGVO und Rechtsrahmen des Datenschutzes in Deutschland (P-RE 7.5.2019 Aufg. 7a, P-RE 4.11.2019 Aufg. 7b/7c, P-RE 3.11.2021 Aufg. 8a);
R-PH-602;neu;Themenpaket R-B;1;Produkthaftung/Datenschutz;open;;"Lücke: Folgen von Datenschutzverstößen (P-RE 2.11.2020 Aufg. 8c); bisher nur mc zur Bußgeldhöhe";
R-PH-603;neu;Themenpaket R-B;1;Produkthaftung/Datenschutz;open;;Lücke: Widerruf der Einwilligung bei Mitarbeiterfotos (P-RE 4.5.2022 Aufg. 8, P-RE 2.5.2024 Aufg. 8);
R-PH-604;neu;Themenpaket R-B;1;Produkthaftung/Datenschutz;open;;Lücke: Quasi- und Teilhersteller, Abgrenzung ProdHaftG zur vertraglichen Gewährleistung zwischen Unternehmen (P-RE 3.5.2023 Aufg. 8);
PX-R-013;gelöscht;Themenpaket R-A;1;Sozialversicherung;mc;Dublette;Dublette zu PX-R-180 (Verletztengeld nach Ende der Entgeltfortzahlung) – nach der Variationsregel erneut geprüft: dieselbe Aufgabe (gleicher Wissenspunkt, gleiche Frageweise);PX-R-180
PX-R-064;gelöscht;Themenpaket R-A;1;Sozialversicherung;mc;Dublette;Dublette zu R-AR-058 (Sperrzeit nach Aufhebungsvertrag) – nach der Variationsregel erneut geprüft: dieselbe Aufgabe (gleicher Wissenspunkt, gleiche Frageweise);R-AR-058
PX-R-131;gelöscht;Themenpaket R-A;1;Sozialversicherung;mc;Dublette;Dublette zu R-SV-001 (fünf Zweige der Sozialversicherung) – nach der Variationsregel erneut geprüft: dieselbe Aufgabe (gleicher Wissenspunkt, gleiche Frageweise);R-SV-001
R-SV-004;gelöscht;Themenpaket R-A;1;Sozialversicherung;mc;Dublette;Dublette zu R-SV-110 (Träger der Unfallversicherung) – nach der Variationsregel erneut geprüft: dieselbe Aufgabe (gleicher Wissenspunkt, gleiche Frageweise);R-SV-110
R-SV-014;gelöscht;Themenpaket R-A;1;Sozialversicherung;mc;Dublette;Dublette zu R-SV-105 (Kinderlosenzuschlag, dort zusätzlich: wer ihn trägt) – nach der Variationsregel erneut geprüft: dieselbe Aufgabe (gleicher Wissenspunkt, gleiche Frageweise);R-SV-105
R-SV-023;gelöscht;Themenpaket R-A;1;Sozialversicherung;open;Dublette;Dublette: gleiche Rechnung wie R-SV-901 (3.000 €, 18,6 %, 279 €), zudem als open statt calc angelegt – nach der Variationsregel erneut geprüft: dieselbe Aufgabe (gleicher Wissenspunkt, gleiche Frageweise);R-SV-901
R-SV-025;gelöscht;Themenpaket R-A;1;Sozialversicherung;mc;Dublette;Dublette zu R-SV-027 (Solidaritäts- und Äquivalenzprinzip) – nach der Variationsregel erneut geprüft: dieselbe Aufgabe (gleicher Wissenspunkt, gleiche Frageweise);R-SV-027
R-SV-101;gelöscht;Dubletten;1;Sozialversicherung;mc;Dublette;Dublette: fünf Zweige, zudem als Verneinungsfrage („NICHT“) gestellt;R-SV-001
R-SV-102;gelöscht;Themenpaket R-A;1;Sozialversicherung;mc;Dublette;Dublette zu R-SV-011 (RV-Beitragssatz) – nach der Variationsregel erneut geprüft: dieselbe Aufgabe (gleicher Wissenspunkt, gleiche Frageweise);R-SV-011
R-SV-104;gelöscht;Themenpaket R-A;1;Sozialversicherung;mc;Dublette;"Dublette zu R-SV-012 (ALV-Beitragssatz); die hälftige Tragung fragt R-SV-003 ab, Stand 2025 veraltet – nach der Variationsregel erneut geprüft: dieselbe Aufgabe (gleicher Wissenspunkt, gleiche Frageweise)";R-SV-012
R-SV-106;gelöscht;Themenpaket R-A;1;Sozialversicherung;mc;nicht prüfungsrelevant / überholt;"veränderlicher Wert ohne Prüfungsbezug (BBG-Betrag 2025, zudem veraltet); Bedeutung der BBG in R-SV-015 und PX-R-182, Anwendung als neue Rechenaufgabe";R-SV-015
R-SV-109;gelöscht;Themenpaket R-A;1;Sozialversicherung;mc;nicht prüfungsrelevant / überholt;nicht prüfungsrelevant (Künstlersozialversicherung);
R-SV-111;gelöscht;Themenpaket R-A;1;Sozialversicherung;mc;nicht prüfungsrelevant / überholt;"nicht prüfungsrelevant (Abrechnungsdetail DEÜV-Frist); branchenrelevante Sofortmeldung in R-SV-117";R-SV-117
R-SV-112;gelöscht;Themenpaket R-A;1;Sozialversicherung;mc;nicht prüfungsrelevant / überholt;nicht prüfungsrelevant (Fälligkeit des Gesamtsozialversicherungsbeitrags);
R-SV-113;gelöscht;Themenpaket R-A;1;Sozialversicherung;mc;Dublette;Dublette zu R-SV-007 (Krankenkasse als Einzugsstelle) – nach der Variationsregel erneut geprüft: dieselbe Aufgabe (gleicher Wissenspunkt, gleiche Frageweise);R-SV-007
R-SV-114;gelöscht;Themenpaket R-A;1;Sozialversicherung;mc;nicht prüfungsrelevant / überholt;"nicht prüfungsrelevant in dieser Tiefe (Insolvenzgeld); Insolvenzgeldumlage U3 in R-SV-108 enthalten";R-SV-108
R-SV-115;gelöscht;Themenpaket R-A;1;Sozialversicherung;mc;fachlich unbrauchbar, trivial oder nicht lösbar;veränderlicher Wert ohne Prüfungsbezug (Übergangsbereich/Midijob);
PX-R-027;korrigiert;Themenpaket R-A;1;Sozialversicherung;mc;;"Wiederhergestellt als Variation (Zuordnung von Leistung und Träger; PX-R-180 fragt den zeitlichen Ablauf im Fall); w ergänzt, Auszahlung durch die Krankenkasse erklärt";
PX-R-065;korrigiert;Themenpaket R-A;1;Sozialversicherung;mc;;"w fehlten; Optionen längengleich gestaltet (richtige Option war am Wortlaut erkennbar)";
PX-R-081;korrigiert;Themenpaket R-A;1;Sozialversicherung;mc;;"w fehlten; Optionen längengleich gestaltet (richtige Option war am Wortlaut erkennbar)";
PX-R-090;korrigiert;Themenpaket R-A;1;Sozialversicherung;mc;;"w fehlten; Optionen längengleich gestaltet (richtige Option war am Wortlaut erkennbar)";
PX-R-115;korrigiert;Themenpaket R-A;1;Sozialversicherung;mc;;"w fehlten; Anspruchsumfang 2026 und Verhältnis zu § 616 BGB ergänzt";
PX-R-123;korrigiert;Themenpaket R-A;1;Sozialversicherung;mc;;"w fehlten; Optionen längengleich gestaltet (richtige Option war am Wortlaut erkennbar)";
PX-R-139;korrigiert;Themenpaket R-A;1;Sozialversicherung;mc;;"w fehlten; Optionen längengleich gestaltet (richtige Option war am Wortlaut erkennbar)";
PX-R-148;korrigiert;Themenpaket R-A;1;Sozialversicherung;mc;;"w fehlten; Minderung der Anspruchsdauer und zuständiger Zweig ergänzt; Optionen längengleich gestaltet (richtige Option war am Wortlaut erkennbar)";
PX-R-164;korrigiert;Themenpaket R-A;1;Sozialversicherung;mc;;"w fehlten; Rechtsgrundlage präzisiert; Optionen längengleich gestaltet (richtige Option war am Wortlaut erkennbar)";
PX-R-171;korrigiert;Themenpaket R-A;1;Sozialversicherung;mc;;"w fehlten; Optionen längengleich gestaltet (richtige Option war am Wortlaut erkennbar)";
PX-R-180;korrigiert;Themenpaket R-A;1;Sozialversicherung;mc;;"w fehlten; Optionen längengleich gestaltet (richtige Option war am Wortlaut erkennbar)";
PX-R-182;korrigiert;Themenpaket R-A;1;Sozialversicherung;mc;;"w fehlten; Werte 2026 ergänzt; Formulierung präzisiert; Optionen längengleich gestaltet (richtige Option war am Wortlaut erkennbar)";
PX-R-186;korrigiert;Themenpaket R-A;1;Sozialversicherung;mc;;"fachlich angreifbar: Werkstudenten sind regelmäßig nur studentisch bzw. familienversichert und haben keinen Krankengeldanspruch – Sachverhalt auf regulären Beschäftigten umgestellt; w ergänzt; Optionen längengleich gestaltet (richtige Option war am Wortlaut erkennbar)";
PX-R-199;korrigiert;Themenpaket R-A;1;Sozialversicherung;mc;;"w fehlten; Optionen längengleich gestaltet (richtige Option war am Wortlaut erkennbar)";
PX-R-213;korrigiert;Themenpaket R-A;1;Sozialversicherung;mc;;"w fehlten; Optionen längengleich gestaltet (richtige Option war am Wortlaut erkennbar)";
PX-R-224;korrigiert;Themenpaket R-A;1;Sozialversicherung;mc;;"w fehlten; Optionen längengleich gestaltet (richtige Option war am Wortlaut erkennbar)";
PX-R-247;korrigiert;Themenpaket R-A;1;Sozialversicherung;mc;;"w fehlten; Optionen längengleich gestaltet (richtige Option war am Wortlaut erkennbar)";
R-SV-001;korrigiert;Themenpaket R-A / Zusammenführung;1;Sozialversicherung;mc;;"w fehlten | Träger der fünf Zweige und Hinweis auf die Erwerbsminderungsrente (w) aus der Dublettenfassung ergänzt; Leistungen nicht übernommen (fragt R-SV-026)";
R-SV-002;korrigiert;Themenpaket R-A;1;Sozialversicherung;mc;;"Wiederhergestellt als Variation (Finanzierung im Vergleich aller Zweige; R-SV-110 fragt Träger und Finanzierung der Unfallversicherung); w ergänzt, Distraktor Pflegeversicherung wegen des Kinderlosenzuschlags durch Arbeitslosenversicherung ersetzt";
R-SV-003;korrigiert;Themenpaket R-A;1;Sozialversicherung;mc;;"w fehlten; Erklärung korrigiert (KV-Zusatzbeitrag ist seit 2019 paritätisch, keine Ausnahme)";
R-SV-005;korrigiert;Themenpaket R-A;1;Sozialversicherung;mc;;w fehlten;
R-SV-006;korrigiert;Themenpaket R-A;1;Sozialversicherung;mc;;w fehlten;
R-SV-007;korrigiert;Themenpaket R-A;1;Sozialversicherung;mc;;"w fehlten; Rechtsgrundlage ergänzt";
R-SV-008;korrigiert;Themenpaket R-A;1;Sozialversicherung;mc;;w fehlten;
R-SV-009;korrigiert;Themenpaket R-A;1;Sozialversicherung;mc;;w fehlten;
R-SV-010;korrigiert;Themenpaket R-A;1;Sozialversicherung;mc;;"w fehlten; Stand auf 2026 aktualisiert (Zusatzbeitrag 2,9 %)";
R-SV-011;korrigiert;Themenpaket R-A;1;Sozialversicherung;mc;;"w fehlten; Stand 2026";
R-SV-012;korrigiert;Themenpaket R-A;1;Sozialversicherung;mc;;"w fehlten; Stand 2026";
R-SV-013;korrigiert;Themenpaket R-A;1;Sozialversicherung;mc;;"w fehlten; Stand 2026";
R-SV-015;korrigiert;Themenpaket R-A;1;Sozialversicherung;mc;;"w fehlten; Werte 2026 ergänzt";
R-SV-016;korrigiert;Themenpaket R-A;1;Sozialversicherung;mc;;"Wiederhergestellt als Variation (Begriff der JAEG; PX-R-182 grenzt JAEG und BBG ab, R-SV-116 fragt die Folgen); Antwort präzisiert, w ergänzt, Werte 2026";
R-SV-017;korrigiert;Themenpaket R-A;1;Sozialversicherung;mc;;w fehlten;
R-SV-018;korrigiert;Themenpaket R-A;1;Sozialversicherung;mc;;"richtige Option veraltet („Aufstockungsoption“ – seit 2013 RV-Pflicht mit Befreiungsmöglichkeit); w fehlten; Stand 2026. Umlaut-Hinweis „Pauschsteuer“ ist korrekt geschrieben";
R-SV-019;korrigiert;Themenpaket R-A;1;Sozialversicherung;mc;;"w fehlten; Wert auf 2026 aktualisiert (Erklärung nannte 556 € von 2025)";
R-SV-020;korrigiert;Themenpaket R-A;1;Sozialversicherung;mc;;w fehlten;
R-SV-021;korrigiert;Themenpaket R-A;1;Sozialversicherung;mc;;"w fehlten; Rechtsgrundlage ergänzt";
R-SV-022;korrigiert;Themenpaket R-A;1;Sozialversicherung;mc;;"w fehlten; missverständlicher Distraktor (Weg zur Nahrungsaufnahme in der Pause kann versichert sein) ersetzt; mitversicherte Umwege ergänzt";
R-SV-024;korrigiert;Themenpaket R-A;1;Sozialversicherung;mc;;"Wiederhergestellt als Variation (Abgrenzung der Lohnersatzleistungen der Sozialversicherungszweige; PX-R-139 fragt den zeitlichen Ablauf im Fall); Sachverhalt eindeutig gemacht (Krankheit, kein Arbeitsunfall), w ergänzt";
R-SV-026;korrigiert;Themenpaket R-A;1;Sozialversicherung;open;;"prüfungsnah umgestellt (IHK fragt Zweige mit Trägern und Leistungen ab); Handlungssituation, Punktebezug, Stichpunkte";
R-SV-027;korrigiert;Themenpaket R-A;1;Sozialversicherung;open;;Punktebezug und Musterlösung in Stichpunkten;
R-SV-103;korrigiert;Themenpaket R-A;1;Sozialversicherung;mc;;"w fehlten; Stand 2026";
R-SV-105;korrigiert;Themenpaket R-A;1;Sozialversicherung;mc;;"w fehlten; Stand 2026";
R-SV-107;korrigiert;Themenpaket R-A;1;Sozialversicherung;mc;;"Wert veraltet (2025) – auf 2026 aktualisiert; w fehlten";
R-SV-108;korrigiert;Themenpaket R-A;1;Sozialversicherung;mc;;"w fehlten; Optionen längengleich gestaltet (richtige Option war am Wortlaut erkennbar)";
R-SV-110;korrigiert;Themenpaket R-A / Zusammenführung;1;Sozialversicherung;mc;;w fehlten | Beitragsbemessung nach Entgeltsumme und Gefahrklasse aus der Dublettenfassung ergänzt;
R-SV-116;korrigiert;Themenpaket R-A;1;Sozialversicherung;mc;;"Wiederhergestellt als Variation (Folgen der Überschreitung; PX-R-182 grenzt JAEG und BBG ab); Zeitpunkt (Ablauf des Kalenderjahres) und Arbeitgeberzuschuss ergänzt, w ergänzt, Wert 2026";
R-SV-117;korrigiert;Themenpaket R-A;1;Sozialversicherung;mc;;"w fehlten; Optionen längengleich gestaltet (richtige Option war am Wortlaut erkennbar)";
R-SV-118;korrigiert;Themenpaket R-A;1;Sozialversicherung;mc;;w fehlten;
R-SV-901;korrigiert;Themenpaket R-A;1;Sozialversicherung;calc;;Rundungsvorgabe ergänzt, Rechenweg in deutschem Zahlenformat;
R-SV-902;korrigiert;Themenpaket R-A;1;Sozialversicherung;calc;;Rundungsvorgabe ergänzt, Rechenweg in deutschem Zahlenformat;
R-SV-903;korrigiert;Themenpaket R-A;1;Sozialversicherung;calc;;Rundungsvorgabe ergänzt, Rechenweg in deutschem Zahlenformat;
R-SV-910;korrigiert;Themenpaket R-A;1;Sozialversicherung;calc;;Rundungsvorgabe ergänzt, Rechenweg in deutschem Zahlenformat;
R-SV-911;korrigiert;Themenpaket R-A;1;Sozialversicherung;calc;;"Wiederhergestellt: Rechenvariante mit anderen Zahlen (Obergrenze je Vorlage entfällt); Rundungsvorgabe und „ohne Zusatzbeitrag“ ergänzt";
R-SV-912;korrigiert;Themenpaket R-A;1;Sozialversicherung;calc;;"Wiederhergestellt: Rechenvariante mit anderer gesuchter Größe (Arbeitgeberanteil) und anderen Zahlen; Ersatzschreibungen (Beschaeftigter, Haelfte) korrigiert, Rundungsvorgabe ergänzt";
R-SV-913;korrigiert;Themenpaket R-A;1;Sozialversicherung;calc;;"Wiederhergestellt: Rechenvariante mit anderen Zahlen; Ersatzschreibung (betraegt) korrigiert, Rundungsvorgabe ergänzt";
R-SV-914;korrigiert;Themenpaket R-A;1;Sozialversicherung;calc;;"Ersatzschreibungen (ae/ue) korrigiert; Rundungsvorgabe ergänzt";
R-SV-915;korrigiert;Themenpaket R-A;1;Sozialversicherung;calc;;"Ersatzschreibung (Beitragssaetze) korrigiert; Rundungsvorgabe ergänzt; im Fragetext klargestellt, dass Zusatzbeitrag und Kinderlosenzuschlag unberücksichtigt bleiben";
R-SV-916;korrigiert;Themenpaket R-A / Zusammenführung;1;Sozialversicherung;calc;;"Ersatzschreibungen (betraegt, Saetze) korrigiert; Rundungsvorgabe ergänzt | Vereinfachung (ohne Zusatzbeitrag und Kinderlosenzuschlag) aus der Dublettenfassung in Frage und Erklärung aufgenommen – wie bei R-SV-915";
R-SV-917;korrigiert;Themenpaket R-A;1;Sozialversicherung;calc;;"Wiederhergestellt: Rechenvariante mit anderer gesuchter Größe (Arbeitgeberanteil) und anderen Zahlen; Ersatzschreibung (betraegt) korrigiert, Rundungsvorgabe und „ohne Zusatzbeitrag“ ergänzt";
R-SV-918;korrigiert;Themenpaket R-A;1;Sozialversicherung;calc;;"Ersatzschreibung (betraegt) korrigiert; Rundungsvorgabe ergänzt";
R-SV-919;korrigiert;Themenpaket R-A;1;Sozialversicherung;calc;;"Ersatzschreibungen (fuer, Beitraege, Saetze) korrigiert; Rundungsvorgabe ergänzt";
R-SV-601;neu;Themenpaket R-A;1;Sozialversicherung;mc;;Lücke: Abgrenzung Arbeits- und Sozialgericht (IHK Nov. 2015 Aufg. 6c, Nov. 2016 Aufg. 1b);
R-SV-602;neu;Themenpaket R-A;1;Sozialversicherung;open;;Lücke: Berechnungsgrundlagen des BG-Beitrags (IHK Mai 2021 Aufg. 5b);
R-SV-603;neu;Themenpaket R-A;1;Sozialversicherung;mc;;Lücke: Begriff des Arbeitsunfalls (IHK Mai 2023 Aufg. 5a);
R-SV-604;neu;Themenpaket R-A;1;Sozialversicherung;mc;;Lücke: Kreis der Versicherungspflichtigen in der Krankenversicherung (IHK Nov. 2017 Aufg. 8a);
R-SV-605;neu;Themenpaket R-A;1;Sozialversicherung;open;;Lücke: versicherungspflichtige und -freie Personen in der Arbeitslosenversicherung (IHK Mai 2023 Aufg. 7b);
R-SV-606;neu;Themenpaket R-A;1;Sozialversicherung;calc;;"Lücke: Wirkung der Beitragsbemessungsgrenze nur als Definition vorhanden; Rechenaufgabe zur Übertragung (IHK Nov. 2017 Aufg. 8b)";
R-SV-607;neu;Themenpaket R-A;1;Sozialversicherung;open;;"Lücke: offene Fallaufgabe zur Einkommenssicherung bei Arbeits- und Privatunfall mit Höhe der Leistungen; bisher nur MC (IHK Mai 2016 Aufg. 3a, Nov. 2017 Aufg. 5a)";
PX-R-043;gelöscht;Themenpaket R-B;1;Umweltrecht;mc;Dublette;"Dublette: gleiche Frage (Anzahl und Bezeichnung der WGK) und Antwort wie R-UW-105; Stamm schrieb die Einstufung zudem ungenau dem WHG zu.";R-UW-105
PX-R-069;gelöscht;Themenpaket R-B;1;Umweltrecht;mc;Dublette;Dublette von R-UW-004 (Abfallhierarchie § 6 KrWG).;R-UW-004
PX-R-117;gelöscht;Themenpaket R-B;1;Umweltrecht;mc;Dublette;Dublette: gleiche Frage (Abstufung der WGK) und Antwort wie R-UW-105.;R-UW-105
PX-R-125;gelöscht;Themenpaket R-B;1;Umweltrecht;mc;Dublette;Dublette von R-UW-002 (Definition des Verursacherprinzips).;R-UW-002
PX-R-133;gelöscht;Themenpaket R-B;1;Umweltrecht;mc;Dublette;"Dublette: gleiche Frage (Begriff Emission) und Antwort wie R-UW-109; Erklärung nannte zudem für beide Begriffe dieselbe Fundstelle.";R-UW-109
PX-R-194;gelöscht;Themenpaket R-B;1;Umweltrecht;mc;Dublette;Dublette von R-UW-007 (Emission/Immission).;R-UW-007
PX-R-210;gelöscht;Themenpaket R-B;1;Umweltrecht;mc;Dublette;Dublette von PX-R-166 (Gemeinlastprinzip, gleicher Fall).;PX-R-166
R-UW-017;gelöscht;Querschnitt;1;Umweltrecht;mc;Dublette;"Dublette zu K-GG-120 (MC: Wer muss einen Gefahrgutbeauftragten bestellen?), nach Gefahrgut verschoben. K-GG-120 ist genauer (Befördern, Verpacken, Befüllen, Be- und Entladen) und hat den typischeren Distraktor; Rechtsgrundlagen § 3/§ 2 GbV in die Erklärung übernommen.";K-GG-120
R-UW-018;gelöscht;Dubletten;1;Umweltrecht;mc;Dublette;"Dublette: ADR als Regelwerk für Gefahrgut auf der Straße; gehört zum Bereich Gefahrgut. Hinweis auf GGVSEB, IMDG-Code und Luftverkehr übernommen.";K-GG-101
R-UW-101;gelöscht;Themenpaket R-B;1;Umweltrecht;mc;Dublette;Dublette von R-UW-004 (Abfallhierarchie § 6 KrWG).;R-UW-004
R-UW-102;gelöscht;Themenpaket R-B;1;Umweltrecht;mc;Dublette;"Dublette von R-UW-008 (Zweck des BImSchG); richtige Option zudem deutlich länger als die Distraktoren.";R-UW-008
R-UW-103;gelöscht;Themenpaket R-B;1;Umweltrecht;mc;Dublette;Dublette von R-UW-007 (Emission/Immission).;R-UW-007
R-UW-105;gelöscht;Dubletten;1;Umweltrecht;mc;Dublette;"Dublette: Einstufung nach AwSV in WGK 1–3; PX-R-181 fragt wie die Prüfung zusätzlich nach der Rechtsnorm";PX-R-181
R-UW-106;gelöscht;Dubletten;1;Umweltrecht;mc;Dublette;"Dublette: Kennzeichnung gefährlicher Abfälle mit Sternchen; Hinweis auf das Nachweisverfahren übernommen.";K-AB-127
R-UW-108;gelöscht;Dubletten;1;Umweltrecht;mc;Dublette;"Dublette: Aufgaben des Gefahrgutbeauftragten; gehört zum Bereich Gefahrgut. GbV und Aufbewahrungsfrist übernommen.";K-GG-110
R-UW-110;gelöscht;Themenpaket R-B;1;Umweltrecht;mc;Dublette;Dublette: gleiche Frage (erste Stufe der Abfallhierarchie) und Antwort wie R-UW-005.;R-UW-005
R-UW-114;gelöscht;Dubletten;1;Umweltrecht;mc;Dublette;Dublette: Bedeutung WGK 3 ist Teil von PX-R-181;PX-R-181
R-UW-116;gelöscht;Dubletten;1;Umweltrecht;mc;Dublette;"Dublette: Regelungsgegenstand des BBodSchG (Umkehrfrage); R-UW-021 fragt wie die Prüfung nach dem Zweck des Gesetzes";R-UW-021
PX-R-044;korrigiert;Themenpaket R-B;1;Umweltrecht;mc;;"Distraktoren ohne w-Begründung; w ergänzt.";
PX-R-045;korrigiert;Themenpaket R-B;1;Umweltrecht;mc;;"Variation nach neuer Dublettenregel (Löschung zurückgenommen): Prinzip aus der Beschreibung erkennen (R-UW-003 erklärt den Begriff); w ergänzt.";
PX-R-070;korrigiert;Themenpaket R-B;1;Umweltrecht;mc;;"Distraktoren ohne w-Begründung; w ergänzt.";
PX-R-142;korrigiert;Themenpaket R-B;1;Umweltrecht;mc→open;;"Mc prüfte nur die triviale Rangfolge (Quelle vor PSA); die Prüfung fragt Auswirkungen und Maßnahmen offen (P-RE 5.5.2020 Aufg. 7b/7c) – als offene Aufgabe mit Kraftverkehrsbezug neu gefasst.";
PX-R-150;korrigiert;Themenpaket R-B;1;Umweltrecht;mc→open;;"Distraktoren („ausschließlich …“) machten die Lösung offensichtlich; als offene Aufgabe mit Handlungssituation neu gefasst (P-RE 4.11.2019 Aufg. 8b/8c).";
PX-R-158;korrigiert;Themenpaket R-B;1;Umweltrecht;mc→open;;"Fünf mc-Fragen zu Emission/Immission (Dubletten); die Prüfungen verlangen die Unterscheidung mit Beispielen (P-RE 4.5.2022 Aufg. 7b, P-RE 2.5.2024 Aufg. 7b) – als offene Aufgabe neu gefasst.";
PX-R-166;korrigiert;Themenpaket R-B / Zusammenführung;1;Umweltrecht;mc;;"Distraktoren ohne w-Begründung; w ergänzt. | Einordnung als Ausnahme vom Verursacherprinzip und verschuldensunabhängige Haftung des bekannten Einleiters (§ 89 WHG, aus PX-R-210) aus der Dublettenfassung ergänzt";
PX-R-181;korrigiert;Themenpaket R-B;1;Umweltrecht;mc;;"Richtige Option deutlich länger als die Distraktoren; parallel gebaut, typische Verwechslung (umgekehrte Reihenfolge) aufgenommen, Beispiele aus dem Fuhrpark ergänzt; R-UW-105/114 bleiben als Variationen; PX-R-043/117 sind Dubletten von R-UW-105.";
PX-R-195;korrigiert;Themenpaket R-B;1;Umweltrecht;mc;;"Variation nach neuer Dublettenregel (Löschung zurückgenommen): Prinzip aus der Beschreibung erkennen (R-UW-002 erklärt den Begriff, PX-R-044 ist ein konkreter Fall); w ergänzt.";
PX-R-228;korrigiert;Themenpaket R-B;1;Umweltrecht;mc;;"Erklärung veraltet: Verpackungsgesetz seit 12.8.2026 durch EU-Verpackungsverordnung und VerpackDG, Batteriegesetz seit Oktober 2025 durch das Batterierecht-Durchführungsgesetz (zur EU-Batterieverordnung) abgelöst; aktualisiert, w ergänzt, R-UW-013 bleibt als Variation (Begriff). Optionen in der Länge angeglichen (richtige Option war deutlich länger).";
PX-R-236;korrigiert;Themenpaket R-B;1;Umweltrecht;mc;;"Distraktoren ohne w-Begründung; w ergänzt. Richtige Option gekürzt (war auffällig länger als die Distraktoren), Begründung in die Erklärung verlagert.";
PX-R-245;korrigiert;Themenpaket R-B;1;Umweltrecht;mc;;"Distraktoren ohne w-Begründung; w ergänzt.";
PX-R-246;korrigiert;Themenpaket R-B;1;Umweltrecht;mc;;"Richtige Option deutlich länger als die Distraktoren, Distraktor „Datenschutzbeauftragter unkündbar“ unscharf; parallel neu gebaut, w ergänzt (vgl. P-RE 12.11.2014 Aufg. 7b). Richtige Option gekürzt (war auffällig länger als die Distraktoren), Begründung in die Erklärung verlagert.";
R-UW-001;korrigiert;Themenpaket R-B;1;Umweltrecht;mc;;"Die Prüfungen fragen vier Prinzipien einschließlich Gemeinlastprinzip (z. B. P-RE 5.11.2025 Aufg. 6b, P-RE 8.11.2023 Aufg. 7a); der bisherige Distraktor mit Gemeinlastprinzip war dadurch angreifbar. Neu gefasst, w ergänzt.";
R-UW-002;korrigiert;Themenpaket R-B / Zusammenführung;1;Umweltrecht;mc;;"Distraktoren ohne w-Begründung; w ergänzt. | Beispiele aus dem Kraftverkehr (CO₂-Aufschlag der Lkw-Maut, Entsorgungspflicht des Abfallerzeugers) aus der Dublettenfassung ergänzt";
R-UW-003;korrigiert;Themenpaket R-B;1;Umweltrecht;mc;;"Distraktoren ohne w-Begründung; w ergänzt.";
R-UW-004;korrigiert;Themenpaket R-B;1;Umweltrecht;mc;;"Distraktoren ohne w-Begründung; w ergänzt.";
R-UW-005;korrigiert;Themenpaket R-B;1;Umweltrecht;mc;;"Variation nach neuer Dublettenregel (Löschung zurückgenommen): Einzelstufe der Abfallhierarchie (R-UW-004 fragt die Gesamtrangfolge); w ergänzt; wortgleiche Dublette R-UW-110 gelöscht.";
R-UW-006;korrigiert;Themenpaket R-B;1;Umweltrecht;mc;;"Distraktoren ohne w-Begründung; w ergänzt.";
R-UW-007;korrigiert;Themenpaket R-B / Zusammenführung;1;Umweltrecht;mc;;"Distraktoren ohne w-Begründung; w ergänzt. Fundstellen und Beispiel aus dem Fuhrpark ergänzt; Dubletten R-UW-103/109, PX-R-133/194 zusammengeführt. | Unplausiblen Distraktor (im Freien/Innenräume) durch die typische Verwechslung „vertauschte Definition“ mit lateinischer Merkhilfe ersetzt; Lärmbeispiel ergänzt (Dublettenfassung)";
R-UW-008;korrigiert;Themenpaket R-B;1;Umweltrecht;mc;;"Distraktoren ohne w-Begründung; w ergänzt. Zweck nach § 1 BImSchG und Verkehrsbezug ergänzt; Dublette R-UW-102 zusammengeführt.";
R-UW-009;korrigiert;Themenpaket R-B;1;Umweltrecht;mc;;"Richtige Option wiederholte das Stichwort der Frage („genehmigungsbedürftige Anlagen“); neutral umformuliert, w ergänzt. Optionen in der Länge angeglichen (richtige Option war deutlich länger).";
R-UW-010;korrigiert;Themenpaket R-B;1;Umweltrecht;mc;;"Distraktoren ohne w-Begründung; w ergänzt. Gewässerarten nach § 2 WHG (P-RE 3.11.2021 Aufg. 7b) und Fuhrparkbezug ergänzt.";
R-UW-011;korrigiert;Themenpaket R-B;1;Umweltrecht;mc;;"Distraktoren ohne w-Begründung; w ergänzt. Fundstellen und Störfallbeauftragter ergänzt.";
R-UW-012;korrigiert;Themenpaket R-B;1;Umweltrecht;mc;;"Distraktoren ohne w-Begründung; w ergänzt.";
R-UW-013;korrigiert;Themenpaket R-B;1;Umweltrecht;mc;;"Variation nach neuer Dublettenregel (Löschung zurückgenommen): Begriff der Produktverantwortung (PX-R-228 fragt die Adressaten); w ergänzt, Verweis auf das außer Kraft getretene Verpackungs- und Batteriegesetz aktualisiert.";
R-UW-014;korrigiert;Themenpaket R-B / Querschnitt;1;Umweltrecht;mc;;"Das Verpackungsgesetz ist mit Ablauf des 11.8.2026 außer Kraft getreten; seit 12.8.2026 gelten EU-Verpackungsverordnung (VO (EU) 2025/40, PPWR) und Verpackungsrecht-Durchführungsgesetz (BGBl. I 2026 Nr. 207). Frage und Erklärung auf die neue Rechtslage umgestellt, Distraktoren ohne Überschneidung mit neuen PPWR-Pflichten gewählt, w ergänzt. | Rechtsstand VerpackDG (seit 12.8.2026, per Websuche geprüft): Registrierungspflicht gilt jetzt auch für Transportverpackungen – in w und Erklärung ergänzt; „unentgeltlich zurücknehmen“ an die neue Rücknahmeregelung angepasst";
R-UW-015;korrigiert;Themenpaket R-B;1;Umweltrecht;mc;;"Distraktoren ohne w-Begründung; w ergänzt.";
R-UW-016;korrigiert;Themenpaket R-B;1;Umweltrecht;mc;;"Distraktoren ohne w-Begründung; w ergänzt.";
R-UW-019;korrigiert;Themenpaket R-B;1;Umweltrecht;mc;;"Distraktoren ohne w-Begründung; w ergänzt.";
R-UW-020;korrigiert;Themenpaket R-B;1;Umweltrecht;mc;;"Distraktor „optische Ordnung“ abwegig; durch die typische Fehlvorstellung „nur für Haushalte“ ersetzt, Gewerbeabfallverordnung und Werkstattbeispiele ergänzt, w ergänzt.";
R-UW-021;korrigiert;Themenpaket R-B;1;Umweltrecht;mc;;"Distraktoren ohne w-Begründung; w ergänzt. Bodenfunktionen nach § 2 BBodSchG ergänzt (P-RE 7.5.2019 Aufg. 8a); R-UW-116 bleibt als Variation (Gesetz benennen).";
R-UW-022;korrigiert;Themenpaket R-B;1;Umweltrecht;mc;;"Distraktoren ohne w-Begründung; w ergänzt.";
R-UW-023;korrigiert;Themenpaket R-B;1;Umweltrecht;mc;;"Distraktoren ohne w-Begründung; w ergänzt.";
R-UW-025;korrigiert;Themenpaket R-B;1;Umweltrecht;mc;;"Distraktoren ohne w-Begründung; w ergänzt.";
R-UW-026;korrigiert;Themenpaket R-B;1;Umweltrecht;open;;"Die Prüfungen verlangen vier Prinzipien (einschließlich Gemeinlastprinzip), nicht drei; Aufgabe mit Handlungssituation und Beispielen neu gefasst (P-RE 3.5.2023 Aufg. 6b, P-RE 5.11.2025 Aufg. 6b).";
R-UW-107;korrigiert;Themenpaket R-B;1;Umweltrecht;mc;;"Variation nach neuer Dublettenregel (Löschung zurückgenommen): Abgrenzung EMAS/ISO 14001 (R-UW-015 fragt die Systeme, R-UW-016 den Zweck); richtige Option gekürzt, w ergänzt, Erklärung um Rechtsgrundlage und Registrierstelle ergänzt.";
R-UW-109;korrigiert;Leitung;1;Umweltrecht;mc;;Leitung;
R-UW-111;korrigiert;Themenpaket R-B;1;Umweltrecht;mc;;"Distraktoren ohne w-Begründung; w ergänzt.";
R-UW-113;korrigiert;Themenpaket R-B;1;Umweltrecht;mc;;"Variation nach neuer Dublettenregel (Löschung zurückgenommen): Normbezeichnung für die Zertifizierung (R-UW-015 fragt die Systeme EMAS/ISO 14001); w ergänzt.";
R-UW-115;korrigiert;Themenpaket R-B;1;Umweltrecht;mc;;"Distraktoren ohne w-Begründung; w ergänzt.";
R-UW-601;neu;Themenpaket R-B;1;Umweltrecht;open;;"Lücke: Überblick über Umweltgesetze mit Praxisbezug (P-RE 3.11.2022 Aufg. 6a, P-RE 5.5.2021 Aufg. 7a, P-RE 29.4.2015 Aufg. 6b); bisher nur Einzel-mc";
R-UW-602;neu;Themenpaket R-B;1;Umweltrecht;open;;Lücke: Ziele und wesentliche Bestimmungen des WHG mit Bezug zum Fuhrpark (P-RE 6.11.2017 Aufg. 6b, P-RE 3.11.2021 Aufg. 7a);
R-UW-603;neu;Themenpaket R-B;1;Umweltrecht;open;;Lücke: Auswirkungen von Luftverunreinigungen und Überwachung der Luftreinhaltung (P-RE 4.5.2022 Aufg. 7c/7d, P-RE 2.5.2024 Aufg. 7c/7d);
R-VR-101;gelöscht;Themenpaket R-A;1;Vertrags- und Handelsrecht;mc;nicht prüfungsrelevant / überholt;nicht prüfungsrelevant: allgemeines Vertrags-/Handelsrecht gehört nicht zur BQ „Rechtsbewusstes Handeln“ (IHK-Prüfungsstruktur: Individualarbeitsrecht, BetrVG, Sozialversicherung, Arbeitsschutz, Umweltrecht, Produkthaftung/Datenschutz) und kommt in keiner Prüfung 2014–2025 vor (Aufbau der Willenserklärung);
R-VR-103;gelöscht;Themenpaket R-A;1;Vertrags- und Handelsrecht;mc;nicht prüfungsrelevant / überholt;nicht prüfungsrelevant: allgemeines Vertrags-/Handelsrecht gehört nicht zur BQ „Rechtsbewusstes Handeln“ (IHK-Prüfungsstruktur: Individualarbeitsrecht, BetrVG, Sozialversicherung, Arbeitsschutz, Umweltrecht, Produkthaftung/Datenschutz) und kommt in keiner Prüfung 2014–2025 vor (invitatio ad offerendum);
R-VR-104;gelöscht;Themenpaket R-A;1;Vertrags- und Handelsrecht;mc;nicht prüfungsrelevant / überholt;nicht prüfungsrelevant: allgemeines Vertrags-/Handelsrecht gehört nicht zur BQ „Rechtsbewusstes Handeln“ (IHK-Prüfungsstruktur: Individualarbeitsrecht, BetrVG, Sozialversicherung, Arbeitsschutz, Umweltrecht, Produkthaftung/Datenschutz) und kommt in keiner Prüfung 2014–2025 vor (Schweigen, kaufmännisches Bestätigungsschreiben);
R-VR-105;gelöscht;Themenpaket R-A;1;Vertrags- und Handelsrecht;mc;Dublette;Dublette zu R-AR-004 (Dienst- und Werkvertrag) – nach der Variationsregel erneut geprüft: dieselbe Aufgabe (gleicher Wissenspunkt, gleiche Frageweise);R-AR-004
R-VR-106;gelöscht;Themenpaket R-A;1;Vertrags- und Handelsrecht;mc;nicht prüfungsrelevant / überholt;nicht prüfungsrelevant: allgemeines Vertrags-/Handelsrecht gehört nicht zur BQ „Rechtsbewusstes Handeln“ (IHK-Prüfungsstruktur: Individualarbeitsrecht, BetrVG, Sozialversicherung, Arbeitsschutz, Umweltrecht, Produkthaftung/Datenschutz) und kommt in keiner Prüfung 2014–2025 vor (Pflichten aus dem Kaufvertrag);
R-VR-107;gelöscht;Themenpaket R-A;1;Vertrags- und Handelsrecht;mc;nicht prüfungsrelevant / überholt;"nicht prüfungsrelevant: allgemeines Vertrags-/Handelsrecht gehört nicht zur BQ „Rechtsbewusstes Handeln“ (IHK-Prüfungsstruktur: Individualarbeitsrecht, BetrVG, Sozialversicherung, Arbeitsschutz, Umweltrecht, Produkthaftung/Datenschutz) und kommt in keiner Prüfung 2014–2025 vor (Grundstückskauf); Nichtigkeit bei Formverstoß ist in R-AR-008 und R-AR-044 abgedeckt";
R-VR-109;gelöscht;Themenpaket R-A;1;Vertrags- und Handelsrecht;mc;nicht prüfungsrelevant / überholt;nicht prüfungsrelevant: allgemeines Vertrags-/Handelsrecht gehört nicht zur BQ „Rechtsbewusstes Handeln“ (IHK-Prüfungsstruktur: Individualarbeitsrecht, BetrVG, Sozialversicherung, Arbeitsschutz, Umweltrecht, Produkthaftung/Datenschutz) und kommt in keiner Prüfung 2014–2025 vor (Schuldnerverzug);
R-VR-110;gelöscht;Themenpaket R-A;1;Vertrags- und Handelsrecht;mc;nicht prüfungsrelevant / überholt;nicht prüfungsrelevant: allgemeines Vertrags-/Handelsrecht gehört nicht zur BQ „Rechtsbewusstes Handeln“ (IHK-Prüfungsstruktur: Individualarbeitsrecht, BetrVG, Sozialversicherung, Arbeitsschutz, Umweltrecht, Produkthaftung/Datenschutz) und kommt in keiner Prüfung 2014–2025 vor (Verzugszinssatz);
R-VR-111;gelöscht;Themenpaket R-A;1;Vertrags- und Handelsrecht;mc;nicht prüfungsrelevant / überholt;nicht prüfungsrelevant: allgemeines Vertrags-/Handelsrecht gehört nicht zur BQ „Rechtsbewusstes Handeln“ (IHK-Prüfungsstruktur: Individualarbeitsrecht, BetrVG, Sozialversicherung, Arbeitsschutz, Umweltrecht, Produkthaftung/Datenschutz) und kommt in keiner Prüfung 2014–2025 vor (Mängelrechte beim Kauf);
R-VR-112;gelöscht;Themenpaket R-A;1;Vertrags- und Handelsrecht;mc;Dublette;"nicht prüfungsrelevant: allgemeines Vertrags-/Handelsrecht gehört nicht zur BQ „Rechtsbewusstes Handeln“ (IHK-Prüfungsstruktur: Individualarbeitsrecht, BetrVG, Sozialversicherung, Arbeitsschutz, Umweltrecht, Produkthaftung/Datenschutz) und kommt in keiner Prüfung 2014–2025 vor (Verjährung von Mängelansprüchen); zudem Dublette zu R-VR-120";
R-VR-113;gelöscht;Themenpaket R-A;1;Vertrags- und Handelsrecht;mc;Dublette;"nicht prüfungsrelevant: allgemeines Vertrags-/Handelsrecht gehört nicht zur BQ „Rechtsbewusstes Handeln“ (IHK-Prüfungsstruktur: Individualarbeitsrecht, BetrVG, Sozialversicherung, Arbeitsschutz, Umweltrecht, Produkthaftung/Datenschutz) und kommt in keiner Prüfung 2014–2025 vor (Kaufmannsbegriff gehört zu BWL/Rechtsformen); zudem Dublette zu R-VR-123/R-VR-133";
R-VR-114;gelöscht;Themenpaket R-A;1;Vertrags- und Handelsrecht;mc;nicht prüfungsrelevant / überholt;nicht prüfungsrelevant: allgemeines Vertrags-/Handelsrecht gehört nicht zur BQ „Rechtsbewusstes Handeln“ (IHK-Prüfungsstruktur: Individualarbeitsrecht, BetrVG, Sozialversicherung, Arbeitsschutz, Umweltrecht, Produkthaftung/Datenschutz) und kommt in keiner Prüfung 2014–2025 vor (Formkaufmann – Rechtsformen werden im Fach BWL geprüft);
R-VR-115;gelöscht;Themenpaket R-A;1;Vertrags- und Handelsrecht;mc;Dublette;"nicht prüfungsrelevant: allgemeines Vertrags-/Handelsrecht gehört nicht zur BQ „Rechtsbewusstes Handeln“ (IHK-Prüfungsstruktur: Individualarbeitsrecht, BetrVG, Sozialversicherung, Arbeitsschutz, Umweltrecht, Produkthaftung/Datenschutz) und kommt in keiner Prüfung 2014–2025 vor (Abteilungen des Handelsregisters); zudem Dublette zu R-VR-124/R-VR-134";
R-VR-118;gelöscht;Themenpaket R-A;1;Vertrags- und Handelsrecht;mc;Dublette;"nicht prüfungsrelevant: allgemeines Vertrags-/Handelsrecht gehört nicht zur BQ „Rechtsbewusstes Handeln“ (IHK-Prüfungsstruktur: Individualarbeitsrecht, BetrVG, Sozialversicherung, Arbeitsschutz, Umweltrecht, Produkthaftung/Datenschutz) und kommt in keiner Prüfung 2014–2025 vor (Rügepflicht § 377 HGB); zudem Dublette zu R-VR-131";
R-VR-119;gelöscht;Themenpaket R-A;1;Vertrags- und Handelsrecht;mc;nicht prüfungsrelevant / überholt;nicht prüfungsrelevant: allgemeines Vertrags-/Handelsrecht gehört nicht zur BQ „Rechtsbewusstes Handeln“ (IHK-Prüfungsstruktur: Individualarbeitsrecht, BetrVG, Sozialversicherung, Arbeitsschutz, Umweltrecht, Produkthaftung/Datenschutz) und kommt in keiner Prüfung 2014–2025 vor (Rechtsmangel beim Kauf);
R-VR-120;gelöscht;Themenpaket R-A;1;Vertrags- und Handelsrecht;mc;Dublette;"nicht prüfungsrelevant: allgemeines Vertrags-/Handelsrecht gehört nicht zur BQ „Rechtsbewusstes Handeln“ (IHK-Prüfungsstruktur: Individualarbeitsrecht, BetrVG, Sozialversicherung, Arbeitsschutz, Umweltrecht, Produkthaftung/Datenschutz) und kommt in keiner Prüfung 2014–2025 vor (Verjährung von Mängelansprüchen); zudem Dublette zu R-VR-112";
R-VR-121;gelöscht;Themenpaket R-A;1;Vertrags- und Handelsrecht;mc;Dublette;"nicht prüfungsrelevant: allgemeines Vertrags-/Handelsrecht gehört nicht zur BQ „Rechtsbewusstes Handeln“ (IHK-Prüfungsstruktur: Individualarbeitsrecht, BetrVG, Sozialversicherung, Arbeitsschutz, Umweltrecht, Produkthaftung/Datenschutz) und kommt in keiner Prüfung 2014–2025 vor (Verzugszinsen); zudem Dublette zu R-VR-110";
R-VR-122;gelöscht;Themenpaket R-A;1;Vertrags- und Handelsrecht;mc;Dublette;"nicht prüfungsrelevant: allgemeines Vertrags-/Handelsrecht gehört nicht zur BQ „Rechtsbewusstes Handeln“ (IHK-Prüfungsstruktur: Individualarbeitsrecht, BetrVG, Sozialversicherung, Arbeitsschutz, Umweltrecht, Produkthaftung/Datenschutz) und kommt in keiner Prüfung 2014–2025 vor (Eigentumsvorbehalt); zudem Dublette zu R-VR-130";
R-VR-123;gelöscht;Themenpaket R-A;1;Vertrags- und Handelsrecht;mc;Dublette;"nicht prüfungsrelevant: allgemeines Vertrags-/Handelsrecht gehört nicht zur BQ „Rechtsbewusstes Handeln“ (IHK-Prüfungsstruktur: Individualarbeitsrecht, BetrVG, Sozialversicherung, Arbeitsschutz, Umweltrecht, Produkthaftung/Datenschutz) und kommt in keiner Prüfung 2014–2025 vor (Istkaufmann); zudem Dublette zu R-VR-113/R-VR-133";
R-VR-124;gelöscht;Themenpaket R-A;1;Vertrags- und Handelsrecht;mc;Dublette;"nicht prüfungsrelevant: allgemeines Vertrags-/Handelsrecht gehört nicht zur BQ „Rechtsbewusstes Handeln“ (IHK-Prüfungsstruktur: Individualarbeitsrecht, BetrVG, Sozialversicherung, Arbeitsschutz, Umweltrecht, Produkthaftung/Datenschutz) und kommt in keiner Prüfung 2014–2025 vor (Handelsregister); zudem Dublette zu R-VR-115/R-VR-134, Lösung im Fragetext angelegt";
R-VR-125;gelöscht;Themenpaket R-A;1;Vertrags- und Handelsrecht;mc;Dublette;"Dublette zu R-VR-116 (gleiche Aufgabe wie das Original von R-VR-116: Umfang der Prokura am Beispiel Grundstücke; R-VR-116 bleibt positiv formuliert), zudem Verneinungsfrage – nach der Variationsregel erneut geprüft: dieselbe Aufgabe (gleicher Wissenspunkt, gleiche Frageweise)";R-VR-116
R-VR-126;gelöscht;Themenpaket R-A;1;Vertrags- und Handelsrecht;mc;nicht prüfungsrelevant / überholt;nicht prüfungsrelevant: allgemeines Vertrags-/Handelsrecht gehört nicht zur BQ „Rechtsbewusstes Handeln“ (IHK-Prüfungsstruktur: Individualarbeitsrecht, BetrVG, Sozialversicherung, Arbeitsschutz, Umweltrecht, Produkthaftung/Datenschutz) und kommt in keiner Prüfung 2014–2025 vor (überraschende AGB-Klauseln);
R-VR-127;gelöscht;Themenpaket R-A;1;Vertrags- und Handelsrecht;mc;Dublette;Dublette zu R-VR-117 (Vertragsschluss durch Antrag und Annahme) – nach der Variationsregel erneut geprüft: dieselbe Aufgabe (gleicher Wissenspunkt, gleiche Frageweise);R-VR-117
R-VR-128;gelöscht;Themenpaket R-A;1;Vertrags- und Handelsrecht;mc;Dublette;Dublette zu PX-R-053 (Zugang nach § 130 BGB, dort prüfungsnah bei der Kündigung) – nach der Variationsregel erneut geprüft: dieselbe Aufgabe (gleicher Wissenspunkt, gleiche Frageweise);PX-R-053
R-VR-129;gelöscht;Themenpaket R-A;1;Vertrags- und Handelsrecht;mc;nicht prüfungsrelevant / überholt;nicht prüfungsrelevant: allgemeines Vertrags-/Handelsrecht gehört nicht zur BQ „Rechtsbewusstes Handeln“ (IHK-Prüfungsstruktur: Individualarbeitsrecht, BetrVG, Sozialversicherung, Arbeitsschutz, Umweltrecht, Produkthaftung/Datenschutz) und kommt in keiner Prüfung 2014–2025 vor (Begriff der AGB);
R-VR-130;gelöscht;Themenpaket R-A;1;Vertrags- und Handelsrecht;mc;Dublette;"nicht prüfungsrelevant: allgemeines Vertrags-/Handelsrecht gehört nicht zur BQ „Rechtsbewusstes Handeln“ (IHK-Prüfungsstruktur: Individualarbeitsrecht, BetrVG, Sozialversicherung, Arbeitsschutz, Umweltrecht, Produkthaftung/Datenschutz) und kommt in keiner Prüfung 2014–2025 vor (Eigentumsvorbehalt); zudem Dublette zu R-VR-122";
R-VR-131;gelöscht;Themenpaket R-A;1;Vertrags- und Handelsrecht;mc;Dublette;"nicht prüfungsrelevant: allgemeines Vertrags-/Handelsrecht gehört nicht zur BQ „Rechtsbewusstes Handeln“ (IHK-Prüfungsstruktur: Individualarbeitsrecht, BetrVG, Sozialversicherung, Arbeitsschutz, Umweltrecht, Produkthaftung/Datenschutz) und kommt in keiner Prüfung 2014–2025 vor (Rügefrist § 377 HGB); zudem Dublette zu R-VR-118";
R-VR-132;gelöscht;Themenpaket R-A;1;Vertrags- und Handelsrecht;mc;nicht prüfungsrelevant / überholt;nicht prüfungsrelevant: allgemeines Vertrags-/Handelsrecht gehört nicht zur BQ „Rechtsbewusstes Handeln“ (IHK-Prüfungsstruktur: Individualarbeitsrecht, BetrVG, Sozialversicherung, Arbeitsschutz, Umweltrecht, Produkthaftung/Datenschutz) und kommt in keiner Prüfung 2014–2025 vor (Verzug 30 Tage nach Rechnungszugang);
R-VR-133;gelöscht;Themenpaket R-A;1;Vertrags- und Handelsrecht;mc;Dublette;"nicht prüfungsrelevant: allgemeines Vertrags-/Handelsrecht gehört nicht zur BQ „Rechtsbewusstes Handeln“ (IHK-Prüfungsstruktur: Individualarbeitsrecht, BetrVG, Sozialversicherung, Arbeitsschutz, Umweltrecht, Produkthaftung/Datenschutz) und kommt in keiner Prüfung 2014–2025 vor (Istkaufmann); zudem Dublette zu R-VR-113/R-VR-123";
R-VR-134;gelöscht;Themenpaket R-A;1;Vertrags- und Handelsrecht;mc;Dublette;"nicht prüfungsrelevant: allgemeines Vertrags-/Handelsrecht gehört nicht zur BQ „Rechtsbewusstes Handeln“ (IHK-Prüfungsstruktur: Individualarbeitsrecht, BetrVG, Sozialversicherung, Arbeitsschutz, Umweltrecht, Produkthaftung/Datenschutz) und kommt in keiner Prüfung 2014–2025 vor (Handelsregister); zudem Dublette zu R-VR-115/R-VR-124";
R-VR-136;gelöscht;Themenpaket R-A;1;Vertrags- und Handelsrecht;mc;nicht prüfungsrelevant / überholt;nicht prüfungsrelevant: allgemeines Vertrags-/Handelsrecht gehört nicht zur BQ „Rechtsbewusstes Handeln“ (IHK-Prüfungsstruktur: Individualarbeitsrecht, BetrVG, Sozialversicherung, Arbeitsschutz, Umweltrecht, Produkthaftung/Datenschutz) und kommt in keiner Prüfung 2014–2025 vor (Vertragsstrafe);
B-RF-020;korrigiert + umsortiert;Themenpaket B-C / Zusammenführung;1;Vertrags- und Handelsrecht;mc;von BWL · Rechtsformen;"Kaufmannseigenschaft ist Handelsrecht (HGB), keine Rechtsform – nach Vertrags- und Handelsrecht umsortiert | Abgrenzung Freiberufler (aus R-VR-133) aus der Dublettenfassung ergänzt; Einsortierung Vertrags- und Handelsrecht der Paketfassung beibehalten";
B-RF-021;korrigiert + umsortiert;Themenpaket B-C;1;Vertrags- und Handelsrecht;mc;von BWL · Rechtsformen;"Erklärung zählte die eG zu den Handelsgesellschaften; Beispiel „große OHG“ beim Istkaufmann schief; Handelsrecht – nach Vertrags- und Handelsrecht umsortiert";
B-RF-022;korrigiert + umsortiert;Themenpaket B-C;1;Vertrags- und Handelsrecht;mc;von BWL · Rechtsformen;Handelsregister ist Handelsrecht (HGB) – nach Vertrags- und Handelsrecht umsortiert;
B-RF-026;korrigiert + umsortiert;Themenpaket B-C;1;Vertrags- und Handelsrecht;mc;von BWL · Rechtsformen;"Verneinungsfrage („NICHT“) positiv umformuliert; Handelsrecht – nach Vertrags- und Handelsrecht umsortiert";
B-RF-027;korrigiert + umsortiert;Themenpaket B-C;1;Vertrags- und Handelsrecht;mc;von BWL · Rechtsformen;Handlungsvollmacht ist Handelsrecht (HGB), keine Rechtsform – nach Vertrags- und Handelsrecht umsortiert;
B-RF-035;korrigiert + umsortiert;Themenpaket B-C / Zusammenführung;1;Vertrags- und Handelsrecht;open;von BWL · Rechtsformen;"Musterlösung als Fließtext statt Stichpunkte; Umfang nach § 49 HGB (nicht § 48) zugeordnet; Handelsrecht – nach Vertrags- und Handelsrecht umsortiert | Widerspruch geklärt (per Websuche, § 48 Abs. 1, § 49 Abs. 2 HGB): Nur Grundstücksgeschäfte sind mit besonderer Befugnis möglich; Prokura erteilen, Jahresabschluss unterschreiben u. Ä. darf der Prokurist gar nicht. Frage und Musterlösung danach getrennt (Dublettenfassung); Situation, Stichpunkte und Einsortierung der Paketfassung beibehalten";
M-DV-113;korrigiert + umsortiert;Themenpaket M-A;1;Vertrags- und Handelsrecht;mc;von Methoden · EDV;"w fehlte; Rechtsfrage zu Formvorschriften – in Fach 1 umsortiert, Ausnahme § 623 BGB ergänzt.";
PX-R-220;korrigiert;Themenpaket R-A;1;Vertrags- und Handelsrecht;mc;;"w fehlten; Optionen längengleich gestaltet (richtige Option war am Wortlaut erkennbar)";
R-VR-102;korrigiert;Themenpaket R-A;1;Vertrags- und Handelsrecht;mc;;"w fehlten; veralteter Distraktor („Entmündigung“, 1992 abgeschafft) ersetzt; Bezug zum Ausbildungsvertrag ergänzt";
R-VR-108;korrigiert;Themenpaket R-A;1;Vertrags- und Handelsrecht;mc;;"randständige Irrtumsanfechtung auf die prüfungsrelevante Anfechtung des Arbeitsvertrags wegen Täuschung (§§ 123, 124 BGB) umgestellt; w ergänzt";
R-VR-116;korrigiert;Themenpaket R-A;1;Vertrags- und Handelsrecht;mc;;"Wiederhergestellt als Variation (Umfang der Prokura am Beispiel erkennen, mit Bezug zur Personalarbeit wie in den RE-Prüfungen; R-VR-135 fragt die Definition); Verneinungsfrage positiv umformuliert, w ergänzt";
R-VR-117;korrigiert;Themenpaket R-A;1;Vertrags- und Handelsrecht;mc;;"w fehlten; Bezug zum Arbeitsvertrag ergänzt; Zeichensetzung vereinheitlicht";
R-VR-135;korrigiert;Themenpaket R-A / Zusammenführung;1;Vertrags- und Handelsrecht;mc;;"w fehlten; Bezug zum Arbeitsrecht ergänzt; Optionen längengleich gestaltet (richtige Option war am Wortlaut erkennbar) | Außergewöhnliche Geschäfte und Nichtbeschränkbarkeit gegenüber Dritten (§ 50 HGB) aus der Dublettenfassung ergänzt";
B-OR-012;gelöscht;Themenpaket B-B;2;Betriebsorganisation;mc;Dublette;Dublette: prüft denselben Wissenspunkt wie B-OR-011 (Sparten = Objektprinzip, funktional = Verrichtungsprinzip).;B-OR-011
B-OR-017;gelöscht;Dubletten;2;Betriebsorganisation;mc;Dublette;"Dublette: drei AKV-Elemente; Delegation wird in der Prüfung unter Zusammenarbeit/Führung gefragt; Distraktor „Kontrolle“ übernommen";Z-FM-007
B-OR-019;gelöscht;Dubletten;2;Betriebsorganisation;mc;Dublette;"Dublette: fachliche/disziplinarische Weisungsbefugnis; wird in der Prüfung unter Führung (ZI) gefragt – Optionen und w in PX-Z-074 übernommen";PX-Z-074
B-OR-045;gelöscht;Themenpaket B-B;2;Betriebsorganisation;mc;Dublette;"Dublette: prüft denselben Wissenspunkt wie B-OR-014 (Leitungsspanne ↔ flache/steile Hierarchie); zudem ohne w-Texte.";B-OR-014
B-OR-101;gelöscht;Themenpaket B-B;2;Betriebsorganisation;mc;Dublette;Dublette: prüft denselben Wissenspunkt wie B-OR-006 (Merkmal Einliniensystem).;B-OR-006
B-OR-102;gelöscht;Themenpaket B-B;2;Betriebsorganisation;mc;Dublette;Dublette: prüft denselben Wissenspunkt wie B-OR-008 (Mehrliniensystem/Funktionsmeisterprinzip).;B-OR-008
B-OR-103;gelöscht;Themenpaket B-B;2;Betriebsorganisation;mc;Dublette;Dublette: prüft denselben Wissenspunkt wie B-OR-003 (Funktion der Stabsstelle).;B-OR-003
B-OR-104;gelöscht;Themenpaket B-B;2;Betriebsorganisation;mc;Dublette;Dublette: prüft denselben Wissenspunkt wie B-OR-010/B-OR-040 (Matrix: Doppelunterstellung, Kompetenzkonflikte).;B-OR-010
B-OR-105;gelöscht;Themenpaket B-B;2;Betriebsorganisation;mc;Dublette;Dublette: prüft denselben Wissenspunkt wie B-OR-023 (Gegenstand der Ablauforganisation).;B-OR-023
B-OR-106;gelöscht;Themenpaket B-B;2;Betriebsorganisation;mc;Dublette;Dublette: prüft denselben Wissenspunkt wie B-OR-002 (Instanz = Stelle mit Leitungsbefugnis).;B-OR-002
B-OR-107;gelöscht;Themenpaket B-B;2;Betriebsorganisation;mc;Dublette;Dublette: prüft denselben Wissenspunkt wie B-OR-020 (Begriff Dezentralisation).;B-OR-020
B-OR-108;gelöscht;Themenpaket B-B;2;Betriebsorganisation;mc;Dublette;Dublette: prüft denselben Wissenspunkt wie B-OR-017 (AKV-/Kongruenzprinzip).;B-OR-017
B-OR-113;gelöscht;Themenpaket B-B;2;Betriebsorganisation;calc;fachlich unbrauchbar, trivial oder nicht lösbar;"Triviale Division ohne Prüfungsbezug; der Begriff Leitungsspanne ist in B-OR-013 abgedeckt.";B-OR-013
B-OR-116;gelöscht;Themenpaket B-B;2;Betriebsorganisation;mc;Dublette;Dublette: prüft denselben Wissenspunkt wie B-OR-023 (Abgrenzung Ablauf-/Aufbauorganisation).;B-OR-023
B-OR-119;gelöscht;Themenpaket B-B;2;Betriebsorganisation;mc;Dublette;Dublette: prüft denselben Wissenspunkt wie B-OR-032 (Einfluss-/Stab-Projektorganisation).;B-OR-032
B-OR-121;gelöscht;Themenpaket B-B;2;Betriebsorganisation;mc;nicht prüfungsrelevant / überholt;Nicht prüfungsrelevant: Porters Wertschöpfungskette kommt in den BW-/OK-Prüfungen nicht vor, reines Randwissen.;
PX-B-038;gelöscht;Themenpaket B-B;2;Betriebsorganisation;mc;Dublette;Dublette: prüft denselben Wissenspunkt wie B-OR-002 (Begriff Instanz).;B-OR-002
PX-B-039;gelöscht;Themenpaket B-B;2;Betriebsorganisation;mc;Dublette;Verneinungsfrage („NICHT“) und Dublette: prüft denselben Wissenspunkt wie B-OR-022 (Inhalte der Stellenbeschreibung).;B-OR-022
PX-B-086;gelöscht;Themenpaket B-B;2;Betriebsorganisation;mc;Dublette;"Dublette: prüft denselben Wissenspunkt wie B-OR-039 (Spartenorganisation bei unterschiedlichen Produktgruppen); Distraktoren zudem absurd.";B-OR-039
PX-B-087;gelöscht;Dubletten;2;Betriebsorganisation;mc;Dublette;"Dublette: horizontaler Unternehmenszusammenschluss; PX-B-136 nennt in der Erklärung die Ziele (vgl. Prüfung „Beschreiben Sie jeweils eine Zielsetzung …“)";PX-B-136
PX-B-089;gelöscht;Themenpaket B-B;2;Betriebsorganisation;mc;Dublette;Dublette: prüft denselben Wissenspunkt wie B-OR-009 (Stabliniensystem = Linie + beratende Stäbe).;B-OR-009
PX-B-101;gelöscht;Themenpaket B-B;2;Betriebsorganisation;mc;Dublette;Dublette: prüft denselben Wissenspunkt wie B-OR-001/B-OR-002 (Stelle und Instanz).;B-OR-002
PX-B-129;gelöscht;Themenpaket B-B;2;Betriebsorganisation;mc;Dublette;Dublette: prüft denselben Wissenspunkt wie B-OR-009 (Kennzeichen Stabliniensystem).;B-OR-009
PX-B-137;gelöscht;Themenpaket B-B;2;Betriebsorganisation;mc;Dublette;"Erklärung passt nicht zur Frage (behandelt die Stellenbeschreibung); Dublette: prüft denselben Wissenspunkt wie B-OR-003/PX-B-094 (Instanz vs. Stabsstelle).";PX-B-094
PX-B-168;gelöscht;Themenpaket B-B;2;Betriebsorganisation;mc;Dublette;"Dublette: prüft denselben Wissenspunkt wie B-OR-039 (Gründe für Spartenorganisation); Distraktoren absurd; offene Fassung neu ergänzt.";B-OR-039
PX-B-213;gelöscht;Themenpaket B-B;2;Betriebsorganisation;mc;Dublette;Dublette: prüft denselben Wissenspunkt wie B-OR-003/B-OR-009 (Aufgabe der Stäbe).;B-OR-003
PX-B-224;gelöscht;Themenpaket B-B;2;Betriebsorganisation;mc;Dublette;"Dublette: prüft denselben Wissenspunkt wie B-OR-004 (Aufgabenanalyse/-synthese); Erklärung verfehlt die Frage; Vorgehensweise als offene Aufgabe neu ergänzt.";B-OR-004
PX-B-236;gelöscht;Themenpaket B-B;2;Betriebsorganisation;mc;Dublette;Dublette: prüft denselben Wissenspunkt wie B-OR-040 (Nachteil der Matrixorganisation).;B-OR-040
B-OR-002;korrigiert;Dubletten;2;Betriebsorganisation;mc;;"Zwei gleichartige Distraktoren (Ausführungs-/Hilfsstelle) durch die Begriffe Abteilung und Stelle aus PX-B-038 ersetzt; w ergänzt";
B-OR-005;korrigiert;Themenpaket B-B;2;Betriebsorganisation;mc;;Richtige Option war durch „U. a.“ anders gebaut als die Distraktoren (Hinweis im Wortlaut);
B-OR-035;korrigiert;Optionslängen;2;Betriebsorganisation;mc;;Englische Klammerbegriffe aus der richtigen Option in die Erklärung verschoben;
B-OR-038;korrigiert;Variation zurückgeholt;2;Betriebsorganisation;mc;;"Variation: Begriff aus einem Beispiel erkennen (B-OR-013 fragt die Definition); Fuhrpark-Fall, Distraktor „Führungsintensität“ durch die gebräuchliche Leitungsintensität ersetzt (Geschwister B-OR-113, reine Division, bleibt gelöscht)";
B-OR-041;korrigiert;Themenpaket B-B;2;Betriebsorganisation;open;;Ohne Situation und Punktebezug, Musterlösung als Fließtext – ins IHK-Schema mit Stichpunkten gebracht;
B-OR-042;korrigiert;Themenpaket B-B;2;Betriebsorganisation;open;;Ohne Situation und Punktebezug, Musterlösung als Fließtext – an IHK-Aufgabe „Unterschied anhand von zwei Aspekten“ angepasst;
B-OR-043;korrigiert;Themenpaket B-B;2;Betriebsorganisation;open;;Ohne Situation und Punktebezug, Fließtext – als IHK-Aufgabe (Merkmale sowie Vor- und Nachteil je System) mit Stichpunkten neu gefasst;
B-OR-044;korrigiert;Themenpaket B-B;2;Betriebsorganisation;open;;Ohne Situation und Punktebezug – mit Transfer auf eine Einführungssituation und Stichpunkten neu gefasst;
B-OR-109;korrigiert;Variation zurückgeholt;2;Betriebsorganisation;mc;;"Variation: B-OR-004 fragt nur die Namen der zwei Schritte; hier Aufgabensynthese im Fall erkennen und von Arbeitssynthese/Stellenbeschreibung abgrenzen; zur Fallfrage umgebaut, w ergänzt (Geschwister PX-B-224 bleibt gelöscht)";
B-OR-110;korrigiert;Themenpaket B-B;2;Betriebsorganisation;calc;;Ersatzschreibungen (Kapazitaet) und „x“ als Malzeichen in der Erklärung korrigiert;
B-OR-112;korrigiert;Themenpaket B-B;2;Betriebsorganisation;calc;;"Ersatzschreibungen; „Nachbereitungszeit“ neben der Rüstzeit entspricht nicht der REFA-Gliederung – als Auftragszeit T = tr + m · te in Stunden gefasst";
B-OR-114;korrigiert;Themenpaket B-B;2;Betriebsorganisation;mc;;Distraktoren ohne w-Erklärung – w-Texte ergänzt;
B-OR-115;korrigiert;Themenpaket B-B;2;Betriebsorganisation;mc;;Distraktoren ohne w-Erklärung – w-Texte ergänzt;
B-OR-117;korrigiert;Themenpaket B-B;2;Betriebsorganisation;mc;;Distraktoren ohne w-Erklärung – w-Texte ergänzt;
B-OR-118;korrigiert;Themenpaket B-B;2;Betriebsorganisation;mc;;Distraktoren ohne w-Erklärung – w-Texte ergänzt;
B-OR-120;korrigiert;Themenpaket B-B;2;Betriebsorganisation;mc;;"w-Texte ergänzt; absurder Distraktor (Kapitalbeteiligungen) durch plausible Verwechslung (Qualifikationsmatrix) ersetzt; Optionen in der Länge angeglichen (richtige Option war auffällig länger)";
PX-B-031;korrigiert;Themenpaket B-B;2;Betriebsorganisation;mc;;"w-Texte ergänzt; unsinnige Distraktoren (Bestellkosten, Fixkosten) durch plausible Fehlannahmen ersetzt";
PX-B-040;korrigiert;Themenpaket B-B;2;Betriebsorganisation;mc;;"w-Texte ergänzt; richtige Option war deutlich länger als die Distraktoren (Längenhinweis) – Optionen angeglichen";
PX-B-054;korrigiert;Themenpaket B-B;2;Betriebsorganisation;mc;;"w-Texte ergänzt; „Material“ bestimmt die Kapazität nicht (Verbrauchsfaktor) und der Beschäftigungsgrad bezieht sich auf die Kapazität, nicht auf eine Planbeschäftigung – korrigiert; Optionen in der Länge angeglichen (richtige Option war auffällig länger)";
PX-B-055;korrigiert;Themenpaket B-B;2;Betriebsorganisation;mc;;"Distraktoren ohne w-Erklärung – w-Texte ergänzt; Optionen in der Länge angeglichen (richtige Option war auffällig länger)";
PX-B-056;korrigiert;Themenpaket B-B;2;Betriebsorganisation;mc;;"w-Texte ergänzt; richtige Option zählte vier Maßnahmen auf, Distraktoren je eine (Längenhinweis) – Optionen angeglichen, Frage vereinfacht";
PX-B-094;korrigiert;Themenpaket B-B;2;Betriebsorganisation;mc;;Distraktoren ohne w-Erklärung – w-Texte ergänzt;
PX-B-095;korrigiert;Themenpaket B-B;2;Betriebsorganisation;mc;;"Distraktoren ohne w-Erklärung – w-Texte ergänzt; Optionen in der Länge angeglichen (richtige Option war auffällig länger)";
PX-B-100;korrigiert;Themenpaket B-B;2;Betriebsorganisation;mc;;Distraktoren ohne w-Erklärung – w-Texte ergänzt;
PX-B-102;korrigiert;Themenpaket B-B;2;Betriebsorganisation;mc;;"Distraktoren ohne w-Erklärung – w-Texte ergänzt; Optionen in der Länge angeglichen (richtige Option war auffällig länger)";
PX-B-108;korrigiert;Variation zurückgeholt;2;Betriebsorganisation;calc;;"Variation: Kapazitätsplanung mit Unterdeckung (Beschäftigungsgrad über 100 %), PX-B-139 hat freie Kapazität; Werkstattfall, Rundung und Deutung ergänzt";
PX-B-123;korrigiert;Themenpaket B-B;2;Betriebsorganisation;mc;;"Distraktoren ohne w-Erklärung – w-Texte ergänzt; Optionen in der Länge angeglichen (richtige Option war auffällig länger)";
PX-B-147;korrigiert;Variation zurückgeholt;2;Betriebsorganisation;mc;;"Variation: Matrix im Fall erkennen und von der Spartenorganisation abgrenzen (B-OR-010/B-OR-040 fragen Merkmale); Busunternehmen als Fall, w ergänzt, Erklärung beantwortet jetzt die Frage (Geschwister B-OR-104 bleibt gelöscht)";
PX-B-201;korrigiert;Themenpaket B-B;2;Betriebsorganisation;mc;;"w-Texte ergänzt; richtige Option war eine Aufzählung mehrerer Nachteile und deutlich länger (Längenhinweis) – angeglichen";
PX-B-202;korrigiert;Themenpaket B-B;2;Betriebsorganisation;mc;;"w-Texte ergänzt; richtige Option deutlich länger als die Distraktoren – angeglichen";
PX-B-211;korrigiert;Themenpaket B-B;2;Betriebsorganisation;mc;;"Erklärung enthielt fachfremden Satz zur GmbH (Aufsichtsrat); richtige Option zu lang; w-Texte ergänzt";
PX-B-226;korrigiert;Themenpaket B-B;2;Betriebsorganisation;mc;;Distraktoren ohne w-Erklärung – w-Texte ergänzt;
PX-B-237;korrigiert;Themenpaket B-B;2;Betriebsorganisation;mc→open;;"Distraktoren absurd (Forming/Storming, Abschreibung …), Erklärung beantwortete die Frage nicht; da es kein einheitliches Phasenmodell gibt, als offene Aufgabe mit Musterlösung gefasst";
PX-B-244;korrigiert;Themenpaket B-B;2;Betriebsorganisation;mc;;"w-Texte ergänzt; richtige Option deutlich länger (Längenhinweis) – angeglichen";
PX-Z-091;korrigiert + umsortiert;Themenpaket Z-A;2;Betriebsorganisation;mc;von Zusammenarbeit · Führungsmethoden;"fehlende Begründungen (w) für alle Distraktoren ergänzt; umsortiert nach BWL/Betriebsorganisation (Organisationskonzept)";
B-OR-601;neu;Themenpaket B-B;2;Betriebsorganisation;open;;"Lücke: Matrixorganisation als offene Aufgabe – Aufbau beschreiben, Nachteile aufzeigen (P-BW-20150430 Aufg. 2; P-BW-20200506 Aufg. 2)";
B-OR-602;neu;Themenpaket B-B;2;Betriebsorganisation;open;;"Lücke: Gründe und Probleme beim Wechsel zur Spartenorganisation als offene Aufgabe (P-BW-20240503 Aufg. 3; P-BW-20180504 Aufg. 3; P-BW-20161104 Aufg. 3)";
B-OR-603;neu;Themenpaket B-B;2;Betriebsorganisation;open;;Lücke: Auswirkungen von Unter- und Überorganisation als offene Aufgabe (P-BW-20141113 Aufg. 2c);
B-OR-604;neu;Themenpaket B-B;2;Betriebsorganisation;open;;Lücke: Gründe für Organisationswandel und Ansätze der Organisationsentwicklung (P-BW-20150430 Aufg. 4a/4c);
B-OR-605;neu;Themenpaket B-B;2;Betriebsorganisation;open;;Lücke: Vorgehensweise bei der Gestaltung von Aufbau- und Ablauforganisation (P-BW-20151106 Aufg. 2a);
B-OR-606;neu;Themenpaket B-B;2;Betriebsorganisation;open;;"Lücke: Dokumentationsformen der Aufbau- und Ablauforganisation und ihr Informationsgehalt (P-BW-20210506 Aufg. 2b/2c; P-BW-20151106 Aufg. 2b)";
B-OR-607;neu;Themenpaket B-B;2;Betriebsorganisation;open;;"Lücke: Maßnahmen zur effizienteren Gestaltung von Aufbau- und Ablauforganisation (P-BW-20201103 Aufg. 4b/4c; P-BW-20181106 Aufg. 5)";
B-OR-608;neu;Themenpaket B-B;2;Betriebsorganisation;open;;"Lücke: Stellenbeschreibung (Inhalte, Vorteile für Stelleninhaber und Unternehmen) als offene Aufgabe (P-BW-20191105 Aufg. 2; P-BW-20220505 Aufg. 2; P-BW-20251106 Aufg. 3)";
B-OR-609;neu;Themenpaket B-B;2;Betriebsorganisation;open;;"Lücke: Verrichtungs- und Flussprinzip (Werkstatt- vs. Reihenfertigung) als offene Aufgabe mit Transfer auf die Kfz-Werkstatt (P-BW-20201103 Aufg. 3; P-BW-20220505 Aufg. 4; P-BW-20161104 Aufg. 2)";
B-OR-610;neu;Themenpaket B-B;2;Betriebsorganisation;open;;"Lücke: Outsourcing – Gründe dafür und dagegen als offene Aufgabe im Kraftverkehrskontext (P-BW-20221104 Aufg. 4; P-OK-20250508 Aufg. 1; P-BW-20190508 Aufg. 3)";
B-OR-611;neu;Themenpaket B-B;2;Betriebsorganisation;open;;Lücke: Planungsprinzipien (Top-down, Gegenstromverfahren) als offene Aufgabe (P-BW-20221104 Aufg. 3);
B-OR-612;neu;Themenpaket B-B;2;Betriebsorganisation;calc;;"Lücke: Personalbedarf unter Berücksichtigung von Zeitgrad und Störzeiten (P-BW-20240503 Aufg. 2b; Einfluss des Zeitgrads P-BW-20150430 Aufg. 3c)";
B-OR-613;neu;Themenpaket B-B;2;Betriebsorganisation;open;;Lücke: Kapazitätsbegriff und kurz-/mittelfristige Kapazitätsanpassung, übertragen auf den Fuhrpark (P-BW-20241107 Aufg. 2);
B-OR-614;neu;Themenpaket B-B;2;Betriebsorganisation;open;;Lücke: Fertigungsverfahren (Einzel-, Serien-, Massen-, Sortenfertigung) mit Beispielen (P-BW-20180504 Aufg. 6);
B-CO-101;gelöscht;Themenpaket B-A;2;Controlling;mc;Dublette;Dublette zu B-CO-120 (Kernaufgabe des Controllings);B-CO-120
B-CO-109;gelöscht;Themenpaket B-A;2;Controlling;mc;Dublette;"Dublette zu B-CO-122 (Spitzenkennzahl des DuPont-Systems); B-CO-122 hat die klareren Optionen";B-CO-122
B-CO-110;gelöscht;Themenpaket B-A;2;Controlling;mc;Dublette;"Dublette zu B-CO-127 (Abweichungs-/Ausnahmebericht); zudem wiederholte die richtige Option den Fragetext (Hinweis im Wortlaut)";B-CO-127
B-CO-111;gelöscht;Themenpaket B-A;2;Controlling;mc;Dublette;Dublette zu B-CO-125 (vier Perspektiven der Balanced Scorecard);B-CO-125
B-CO-119;gelöscht;Themenpaket B-A;2;Controlling;calc;nicht prüfungsrelevant / überholt;Nicht prüfungsrelevant: Cashflow-Umsatz-Rate ist Randwissen der Bilanzanalyse und kommt in BW-/OK-Prüfungen nicht vor;
B-CO-124;gelöscht;Themenpaket B-A;2;Controlling;mc;nicht prüfungsrelevant / überholt;Nicht prüfungsrelevant: Zero-Base-Budgeting ist Randwissen und kommt in BW-/OK-Prüfungen nicht vor;
B-CO-126;gelöscht;Querschnitt;2;Controlling;mc;Dublette;"Dublette zu B-MW-107 (MC „A-Güter: hoher Wert-, geringer Mengenanteil“; nach Umsortierung beide in Materialwirtschaft); B-MW-107 hat die besseren Distraktoren (XYZ-Abgrenzung); Folge für die Disposition und Werkstattbeispiel übernommen";B-MW-107
B-CO-128;gelöscht;Querschnitt;2;Controlling;mc;Dublette;"Dublette zu B-QM-125 (MC „Was versteht man unter Benchmarking?“ zweimal, gleiche Lösung: systematischer Vergleich mit dem Klassenbesten); B-QM-125 hat die plausibleren Distraktoren (Endkontrolle, Pareto, FMEA statt fachfremder Rechnungswesen-Begriffe); Formen und Controlling-Bezug aus B-CO-128 übernommen";B-QM-125
B-CO-129;gelöscht;Themenpaket B-A;2;Controlling;mc;nicht prüfungsrelevant / überholt;Nicht prüfungsrelevant: Frühwarnsysteme sind Randwissen des strategischen Controllings ohne Bezug zu BW-/OK-Prüfungen;
B-CO-102;korrigiert;Themenpaket B-A / Querschnitt;2;Controlling;mc;;"Distraktoren ohne „w“ ergänzt | Schwacher Distraktor („Eigenkapital je Euro Umsatz“, w nur „keine Rentabilitätskennzahl“) durch die typische Verwechslung mit der Gesamtkapitalrentabilität aus der gelöschten Dublette B-RW-027 ersetzt; Erklärung mit Beispiel ergänzt";
B-CO-103;korrigiert;Themenpaket B-A;2;Controlling;mc;;Distraktoren ohne „w“ ergänzt;
B-CO-104;korrigiert;Themenpaket B-A;2;Controlling;mc;;"Distraktoren ohne „w“ ergänzt; Erklärung verwies auf „Aussage 0“ (Optionen werden gemischt) – neu formuliert";
B-CO-105;korrigiert;Themenpaket B-A;2;Controlling;mc;;Distraktoren ohne „w“ ergänzt;
B-CO-106;korrigiert;Themenpaket B-A;2;Controlling;mc;;Distraktoren ohne „w“ ergänzt;
B-CO-107;korrigiert;Themenpaket B-A / Querschnitt;2;Controlling;mc;;"Distraktoren ohne „w“ ergänzt | Schwacher Distraktor mit Signalwort „ausschließlich“ durch den Distraktor „Fortschreibung der Vorjahreswerte“ aus der gelöschten Dublette B-RW-037 ersetzt; Abweichungsanalyse/Regelkreis in der Erklärung ergänzt";
B-CO-108;korrigiert;Themenpaket B-A;2;Controlling;mc;;"Distraktoren ohne „w“ ergänzt; Kraftverkehrsbeispiel in der Erklärung ergänzt";
B-CO-116;korrigiert;Themenpaket B-A;2;Controlling;calc;;"HTML-Entity „&gt;“ in der Erklärung durch Text ersetzt (wird in der App nicht überall umgesetzt)";
B-CO-120;korrigiert;Themenpaket B-A / Querschnitt;2;Controlling;mc;;"Distraktoren ohne „w“ ergänzt | Distraktoren aus der gelöschten Dublette B-RW-035 übernommen: „alleinige Überwachung“ (Signalwort) ersetzt, Verwechslung mit Revision/Abschlussprüfung statt HGB-Aufstellung; „To control“ in der Erklärung";
B-CO-121;korrigiert;Themenpaket B-A;2;Controlling;mc;;Distraktoren ohne „w“ ergänzt;
B-CO-122;korrigiert;Themenpaket B-A;2;Controlling;mc;;"Distraktoren ohne „w“ ergänzt; Optionen gleichartig gestaltet";
B-CO-123;korrigiert;Themenpaket B-A;2;Controlling;mc;;"Distraktoren ohne „w“ ergänzt; „EUR“ durch „€“ ersetzt";
B-CO-125;korrigiert;Themenpaket B-A;2;Controlling;mc;;"Distraktoren ohne „w“ ergänzt; Optionslängen angeglichen";
B-CO-127;korrigiert;Themenpaket B-A;2;Controlling;mc;;"Distraktoren ohne „w“ ergänzt; Optionslängen angeglichen, Praxisbeispiel ergänzt";
B-CO-132;korrigiert;Themenpaket B-A;2;Controlling;calc;;"HTML-Entity „&gt;“ in der Erklärung durch Text ersetzt";
B-CO-136;korrigiert;Variation zurückgeholt;2;Controlling;calc;;"Variation: Break-even-Menge mit anderen Zahlen (Ersatz PX-B-071 gibt Kostenfunktionen vor); als Speditionsfall formuliert, Rundung ergänzt";
B-CO-137;korrigiert;Variation zurückgeholt;2;Controlling;calc;;"Variation statt Dublette: Original rechnete mit denselben Zahlen wie B-CO-112; neu rückwärts gerechnet (gesucht: erforderliche Umsatzrendite bei Ziel-ROI), andere Zahlen, Rundung ergänzt";
B-CO-138;korrigiert;Variation zurückgeholt;2;Controlling;calc;;"Variation: Soll-Ist-Vergleich mit Kostenunterschreitung (günstige Abweichung), B-CO-118 zeigt eine Überschreitung; Zahlen geändert, Rundung und Deutung ergänzt";
B-CO-139;korrigiert;Variation zurückgeholt;2;Controlling;calc;;"Variation: Cashflow mit Verminderung der Rückstellungen (Abzug), B-CO-117 hat nur Zurechnungen; Vorzeichenlogik erklärt, Rundungsvorgabe ergänzt";
B-CO-140;korrigiert;Variation zurückgeholt;2;Controlling;calc;;"Variation: Wirtschaftlichkeit unter 1 (unwirtschaftlich) im Fahrzeugfall wie in der OK-Prüfung; die vorhandenen Aufgaben liegen alle über 1; Zahlen geändert, Rundung und Bewertung ergänzt";
B-CO-143;korrigiert;Variation zurückgeholt;2;Controlling;calc;;"Variation: Kapazitätsauslastung rückwärts gerechnet (gesucht: zusätzliche Stunden für eine Zielauslastung), die vorhandenen Aufgaben rechnen nur vorwärts; Werkstattfall, Umlaute und Rundung ergänzt";
B-FI-134;korrigiert + umsortiert;Variation zurückgeholt;2;Controlling;calc;von BWL · Finanzierung;"Variation: Eigenkapitalrentabilität rückwärts (gesucht: Mindestgewinn), B-CO-113 rechnet vorwärts; Ersatzschreibungen behoben, zu Controlling umsortiert wie B-CO-113";
PX-B-015;korrigiert;Themenpaket B-A;2;Controlling;calc;;"Wie in der Prüfung um die Zielvorgabe ergänzt (Abweichung in Prozentpunkten); reine Auslastungsrechnung war vorlagengleich mit B-CO-134";
PX-B-084;korrigiert;Themenpaket B-A / Optionslängen;2;Controlling;mc;;"Distraktoren ohne „w“ ergänzt; Erklärung verwies auf nicht genannte Daten (203.700 €, 39,90 €) | Distraktoren wie die richtige Option mit Begründung versehen; alle Optionen gleich gebaut";
PX-B-232;korrigiert;Variation zurückgeholt;2;Controlling;calc;;"Variation: Break-even-Beschäftigungsgrad mit anderen Zahlen; Ausgangsgrad von 72 % auf 60 % geändert, damit das Ergebnis nicht wie bei PX-B-180 wieder 80 % lautet; Rundung und Verlustdeutung ergänzt";
B-CO-601;neu;Themenpaket B-A;2;Controlling;open;;Lücke: Vorschläge zur Verbesserung der Fahrzeugwirtschaftlichkeit (P-OK-20251112 Aufg. 2c);
B-CO-602;neu;Themenpaket B-A;2;Controlling;calc;;Lücke: Kennzahlensystem Fuhrpark – Kosten je Auftrag gegenüber Zielvorgabe (P-OK-20231121 Aufg. 4a);
B-CO-603;neu;Themenpaket B-A;2;Controlling;calc;;Lücke: Kennzahl Schadenshäufigkeit mit Abweichung von der Zielvorgabe (P-OK-20231121 Aufg. 4c);
B-CO-604;neu;Themenpaket B-A;2;Controlling;open;;Lücke: Maßnahmen zur Erfüllung von Kennzahl-Zielvorgaben (P-OK-20231121 Aufg. 4b, 4d);
B-FI-122;gelöscht;Themenpaket B-A;2;Finanzierung;mc;Dublette;"Dublette zu B-FI-101 (Zuordnung zur Innenfinanzierung); zudem Ersatzschreibungen";B-FI-101
B-FI-123;gelöscht;Themenpaket B-A;2;Finanzierung;mc;Dublette;"Dublette zu B-FI-103 (Unterscheidung Eigen-/Fremdkapital aus der Gegenperspektive); zudem Ersatzschreibungen";B-FI-103
B-FI-125;gelöscht;Themenpaket B-A;2;Finanzierung;mc;nicht prüfungsrelevant / überholt;Nicht prüfungsrelevant: Leverage-Effekt ist Randwissen der Finanzierungstheorie ohne Bezug zu BW-/OK-Prüfungen;
B-FI-127;gelöscht;Themenpaket B-A;2;Finanzierung;mc;nicht prüfungsrelevant / überholt;"Nicht prüfungsrelevant: dynamische Investitionsrechnung (Kapitalwertmethode) wird in BW-/OK-Prüfungen nicht verlangt; dort nur Kostenvergleich";
B-FI-128;gelöscht;Themenpaket B-A;2;Finanzierung;mc;Dublette;Dublette zu B-FI-111 (identische Zahlen 120.000 € / 30.000 € → 4 Jahre);B-FI-111
B-FI-129;gelöscht;Themenpaket B-A;2;Finanzierung;mc;Dublette;Dublette zu B-FI-104 (Merkmale des Kontokorrentkredits);B-FI-104
B-FI-130;gelöscht;Themenpaket B-A;2;Finanzierung;calc;Rechenvorlage mehrfach;"Nicht prüfungsrelevant und vorlagengleich: Zinsen einer Geldanlage (Tageszinsformel) – Zinsrechnung bereits mit B-FI-120 und B-FI-121 geübt; zudem Ersatzschreibungen";B-FI-121
B-FI-132;gelöscht;Themenpaket B-A;2;Finanzierung;calc;nicht prüfungsrelevant / überholt;Nicht prüfungsrelevant: Näherungsformel für den Effektivzins eines Ratenkredits ist Randwissen (Verbraucherkredit);
B-FI-133;gelöscht;Themenpaket B-A;2;Finanzierung;calc;nicht prüfungsrelevant / überholt;Nicht prüfungsrelevant: Kapitalwertberechnung (dynamische Investitionsrechnung) kommt in BW-/OK-Prüfungen nicht vor;
B-FI-140;gelöscht;Themenpaket B-A;2;Finanzierung;calc;nicht prüfungsrelevant / überholt;"Nicht prüfungsrelevant: Kapitalbedarfsrechnung für das Umlaufvermögen kommt in BW-/OK-Prüfungen nicht vor; zudem Ersatzschreibungen";
B-FI-143;gelöscht;Themenpaket B-A;2;Finanzierung;calc;nicht prüfungsrelevant / überholt;"Fachlich unsauber (Beleihungswert ≠ Verkehrswert × Beleihungsauslauf; gemeint ist die Beleihungsgrenze) und nicht prüfungsrelevant";
B-CO-142;korrigiert + umsortiert;Variation zurückgeholt;2;Finanzierung;calc;von BWL · Controlling;"Variation: Amortisationsrechnung rückwärts (gesucht: höchstens zulässiger Kapitaleinsatz); vorhandene Aufgaben ergeben schon zweimal 4 Jahre vorwärts; zur Investitionsrechnung (Finanzierung) umsortiert wie Ersatz B-FI-115";
B-FI-101;korrigiert;Themenpaket B-A;2;Finanzierung;mc;;"Distraktoren ohne „w“ ergänzt; Hinweis im Wortlaut der richtigen Option („aus dem betrieblichen Umsatzprozess“) entfernt – Beispiel Selbstfinanzierung";
B-FI-102;korrigiert;Themenpaket B-A;2;Finanzierung;mc;;"Distraktoren ohne „w“ ergänzt; Optionslängen angeglichen";
B-FI-103;korrigiert;Themenpaket B-A;2;Finanzierung;mc;;Distraktoren ohne „w“ ergänzt;
B-FI-104;korrigiert;Themenpaket B-A;2;Finanzierung;mc;;Distraktoren ohne „w“ ergänzt;
B-FI-105;korrigiert;Themenpaket B-A / Querschnitt;2;Finanzierung;mc;;"Distraktoren ohne „w“ ergänzt; Anführungszeichen vereinheitlicht | Doppelter „zinslos/günstig“-Distraktor (mit Signalwort „stets“) durch den Distraktor „Verzugszinsen“ aus der gelöschten Dublette B-RW-017 ersetzt; Erklärung ergänzt";
B-FI-106;korrigiert;Themenpaket B-A;2;Finanzierung;mc;;"Distraktoren ohne „w“ ergänzt; Optionslängen angeglichen";
B-FI-107;korrigiert;Variation zurückgeholt;2;Finanzierung;mc;;"Anderer Teilaspekt: Liquiditätssicherung über Forderungsverkauf (B-FI-126 fragt den Kontokorrentkredit bei Unterdeckung); als Fall formuliert, Distraktoren neu und von B-FI-126 verschieden, w ergänzt";
B-FI-108;korrigiert;Themenpaket B-A;2;Finanzierung;mc;;Distraktoren ohne „w“ ergänzt;
B-FI-109;korrigiert;Themenpaket B-A;2;Finanzierung;mc;;Distraktoren ohne „w“ ergänzt;
B-FI-110;korrigiert;Themenpaket B-A;2;Finanzierung;mc;;Distraktoren ohne „w“ ergänzt;
B-FI-111;korrigiert;Themenpaket B-A / Zusammenführung;2;Finanzierung;mc;;"Distraktoren ohne „w“ ergänzt; „EUR“ durch „€“ ersetzt | Erklärung um die Risikoaussage der Amortisationsrechnung ergänzt (kürzere Amortisationszeit = geringeres Risiko), aus der Dublettenfassung";
B-FI-112;korrigiert;Themenpaket B-A;2;Finanzierung;mc;;Distraktoren ohne „w“ ergänzt;
B-FI-113;korrigiert;Themenpaket B-A / Querschnitt;2;Finanzierung;mc;;"Fachlich unklar: „im engeren Sinne“ widersprach der Erklärung (dort Eigenkapital, in der Option langfristiges Kapital); als praxisnahe Fristenkongruenz-Frage im Fuhrpark neu gefasst, „w“ ergänzt | Distraktor mit Signalwort „stets“ durch die 1:1-Regel aus der gelöschten Dublette B-RW-020 ersetzt";
B-FI-118;korrigiert;Dubletten;2;Finanzierung;calc;;"Formel aus dem Fragetext genommen (steht im Rechenweg und wird in B-CO-106 abgefragt) – prüfungsnah „Berechnen Sie …“; Kraftverkehrsbezug";
B-FI-124;korrigiert;Themenpaket B-A;2;Finanzierung;mc;;"Ersatzschreibungen (ae/oe/ue) korrigiert; „w“ ergänzt; Optionslängen angeglichen; Fuhrparkbezug";
B-FI-126;korrigiert;Themenpaket B-A;2;Finanzierung;mc;;"Ersatzschreibungen (ae/oe/ue/ss) korrigiert; „w“ ergänzt";
B-FI-131;korrigiert;Themenpaket B-A / Zusammenführung;2;Finanzierung;calc;;Ersatzschreibungen (ae/oe/ue) und „EUR“ korrigiert, Erklärung ergänzt | Aufteilung der ersten Annuität in Zins (4.800 €) und Tilgung (3.600 €) aus der Dublettenfassung ergänzt;
B-FI-135;korrigiert;Themenpaket B-A;2;Finanzierung;calc;;"Ersatzschreibungen korrigiert; Rechenweg (Näherung) eindeutig benannt und genauer Wert ergänzt";
B-FI-136;korrigiert;Variation zurückgeholt;2;Finanzierung;calc;;"Variation: Skonto-Jahreszins mit anderer Frist (20 statt 30 Kredittage); „effektiver Jahreszins“ durch „überschlägig“ ersetzt, genauer Wert in e; Rundungsvorgabe";
B-FI-137;korrigiert;Variation zurückgeholt;2;Finanzierung;calc;;"Variation: Leasing-Gesamtkosten mit anderen Zahlen; Fahrzeug realistisch gewählt (Kleintransporter), Umlaute, Rundungsvorgabe";
B-FI-138;korrigiert;Variation zurückgeholt;2;Finanzierung;calc;;"Variation: Annuitätendarlehen mit anderen Zahlen, gesucht jetzt der Tilgungsanteil im 2. Jahr (B-FI-131 fragt nur die Annuität); Umlaute, Rundungsvorgabe";
B-FI-139;korrigiert;Variation zurückgeholt;2;Finanzierung;calc;;"Variation: Zinsrechnung über mehrere Jahre (endfälliges Darlehen) – B-FI-120/B-FI-121 rechnen mit Monaten bzw. Tagen; Umlaute, Rundungsvorgabe";
B-FI-141;korrigiert;Variation zurückgeholt;2;Finanzierung;calc;;"Variation: Liquidität 2. Grades mit anderen Zahlen; Vorräte als Abgrenzung zum 3. Grad ergänzt; Umlaute, Rundungsvorgabe";
B-FI-142;korrigiert;Variation zurückgeholt;2;Finanzierung;calc;;"Variation abgewandelt: Tageszinsrechnung rückwärts (Zinssatz gesucht) statt einer fast gleichen Geldanlage wie B-RW-914; Kontext Kontokorrentkredit; gleichwertiges Geschwister B-FI-130 bleibt gelöscht";
B-RW-013;korrigiert + umsortiert;Themenpaket B-C;2;Finanzierung;mc;von BWL · Rechnungswesen;"Distraktoren ohne Begründung (w) – ergänzt; Thema Finanzierung – umsortiert";
B-RW-014;korrigiert + umsortiert;Themenpaket B-C;2;Finanzierung;mc;von BWL · Rechnungswesen;"Distraktoren ohne Begründung (w) – ergänzt; Thema Finanzierung – umsortiert";
B-RW-015;korrigiert + umsortiert;Themenpaket B-C;2;Finanzierung;mc;von BWL · Rechnungswesen;"Distraktoren ohne Begründung (w) – ergänzt; mit Fuhrparkbezug als Anwendungsfall formuliert; Thema Finanzierung – umsortiert";
B-RW-018;korrigiert + umsortiert;Themenpaket B-C;2;Finanzierung;mc;von BWL · Rechnungswesen;"Distraktoren ohne Begründung (w) – ergänzt; Thema Finanzierung – umsortiert";
B-RW-019;korrigiert + umsortiert;Themenpaket B-C;2;Finanzierung;mc;von BWL · Rechnungswesen;"Distraktoren ohne Begründung (w) – ergänzt; Thema Finanzierung – umsortiert";
B-RW-021;korrigiert + umsortiert;Themenpaket B-C;2;Finanzierung;mc;von BWL · Rechnungswesen;"Distraktoren ohne Begründung (w) – ergänzt; Investitionsrechnung gehört zu Finanzierung – umsortiert";
B-RW-022;korrigiert + umsortiert;Themenpaket B-C;2;Finanzierung;mc;von BWL · Rechnungswesen;"Distraktoren ohne Begründung (w) – ergänzt; Investitionsrechnung gehört zu Finanzierung – umsortiert";
B-RW-023;korrigiert + umsortiert;Variation zurückgeholt;2;Finanzierung;mc;von BWL · Rechnungswesen;"Variation: Rückwärtsrechnung – gesucht ist der erforderliche Rückfluss bei vorgegebener Amortisationszeit; Distraktoren mit typischen Fehlern und w; wie der Ersatz B-RW-041 nach Finanzierung einsortiert";
B-RW-024;korrigiert + umsortiert;Themenpaket B-C;2;Finanzierung;mc;von BWL · Rechnungswesen;"Distraktoren ohne Begründung (w) – ergänzt; Investitionsrechnung gehört zu Finanzierung – umsortiert";
B-RW-039;korrigiert + umsortiert;Themenpaket B-C;2;Finanzierung;open;von BWL · Rechnungswesen;"Musterlösung als Fließtext statt Stichpunkte; Operator mit Anzahl der Merkmale präzisiert; Thema Finanzierung – umsortiert";
B-RW-041;korrigiert + umsortiert;Themenpaket B-C;2;Finanzierung;open;von BWL · Rechnungswesen;"Kapitalbezug der Rentabilität war offen (gesamter vs. durchschnittlicher Kapitaleinsatz); Musterlösung als Fließtext; Investitionsrechnung gehört zu Finanzierung – umsortiert";
B-RW-906;korrigiert + umsortiert;Variation zurückgeholt;2;Finanzierung;calc;von BWL · Rechnungswesen;"Variation: Rückwärtsrechnung (Zinssatz gesucht) statt einer weiteren Tageszinsrechnung mit 4 % und 90 Tagen; Rundungsvorgabe; wie der Ersatz B-RW-914 nach Finanzierung einsortiert";
B-RW-914;korrigiert + umsortiert;Themenpaket B-C;2;Finanzierung;calc;von BWL · Rechnungswesen;"Zinsrechnung gehört zu Finanzierung – umsortiert; Schreibweise „p. a.“ vereinheitlicht";
B-KR-036;gelöscht;Themenpaket B-A;2;Kostenrechnung;mc;Dublette;Dublette zu B-KR-104 (Unterschied Voll-/Teilkostenrechnung, gleiche Fragestellung);B-KR-104
B-KR-039;gelöscht;Themenpaket B-A;2;Kostenrechnung;mc;Dublette;Dublette zu B-KR-105 (Formel Stückdeckungsbeitrag);B-KR-105
B-KR-047;gelöscht;Themenpaket B-A;2;Kostenrechnung;mc;Dublette;Dublette: kurzfristige Preisuntergrenze wird in PX-B-085 (MC kurz-/langfristig) und B-KR-061 (offen) vollständig abgefragt;PX-B-085
B-KR-054;gelöscht;Themenpaket B-A;2;Kostenrechnung;mc;nicht prüfungsrelevant / überholt;"Nicht prüfungsrelevant: Handelskalkulation (Handelsspanne, Kalkulationszuschlag, Handlungskosten) kommt in den BW- und OK-Prüfungen nicht vor; dort wird Industrie-/Transportkalkulation verlangt";
B-KR-055;gelöscht;Themenpaket B-A;2;Kostenrechnung;mc;nicht prüfungsrelevant / überholt;"Nicht prüfungsrelevant: Handelskalkulation (Handelsspanne, Kalkulationszuschlag, Handlungskosten) kommt in den BW- und OK-Prüfungen nicht vor; dort wird Industrie-/Transportkalkulation verlangt";
B-KR-056;gelöscht;Themenpaket B-A;2;Kostenrechnung;mc;nicht prüfungsrelevant / überholt;"Nicht prüfungsrelevant: Handelskalkulation (Handelsspanne, Kalkulationszuschlag, Handlungskosten) kommt in den BW- und OK-Prüfungen nicht vor; dort wird Industrie-/Transportkalkulation verlangt";
B-KR-057;gelöscht;Themenpaket B-A;2;Kostenrechnung;mc;nicht prüfungsrelevant / überholt;"Nicht prüfungsrelevant: Handelskalkulation mit Einstandspreis und Handlungskostenzuschlag; das prüfungsrelevante Schema Selbstkosten → Barverkaufspreis deckt B-KR-026 ab";B-KR-026
B-KR-058;gelöscht;Themenpaket B-A;2;Kostenrechnung;mc;nicht prüfungsrelevant / überholt;"Nicht prüfungsrelevant: Handelskalkulation (Handelsspanne, Kalkulationszuschlag, Handlungskosten) kommt in den BW- und OK-Prüfungen nicht vor; dort wird Industrie-/Transportkalkulation verlangt";
B-KR-062;gelöscht;Themenpaket B-A;2;Kostenrechnung;open;nicht prüfungsrelevant / überholt;Nicht prüfungsrelevant: Handelskalkulation eines Großhändlers (Einstandspreis, Handlungskostenzuschlag) kommt in den BW-/OK-Prüfungen nicht vor;
B-KR-102;gelöscht;Themenpaket B-A;2;Kostenrechnung;mc;Dublette;Dublette zu B-KR-016 (Aufgabe des Betriebsabrechnungsbogens);B-KR-016
B-KR-114;gelöscht;Themenpaket B-A;2;Kostenrechnung;calc;Rechenvorlage mehrfach;"Exakte Dublette zu B-KR-901 (54.000 €, 45 €, 27 € → 3.000 Stück); Vorlage Break-even-Menge mit B-KR-045, PX-B-071 u. a. ausgeschöpft";PX-B-071
B-KR-124;gelöscht;Themenpaket B-A;2;Kostenrechnung;mc;nicht prüfungsrelevant / überholt;"Nicht prüfungsrelevant: Kuppelkalkulation (Restwertmethode) betrifft Kuppelproduktion (z. B. Chemie) und kommt in BW-/OK-Prüfungen nicht vor; Erklärung verwies zudem auf Optionsnummern";
B-KR-125;gelöscht;Themenpaket B-A;2;Kostenrechnung;mc;Rechenvorlage mehrfach;Dublette zu B-KR-133 (identische Plandaten 100.000 €/40.000 € fix/10.000 h/8.000 h, gleiche Verbrauchsabweichung-Vorlage);B-KR-133
B-KR-127;gelöscht;Themenpaket B-A;2;Kostenrechnung;mc;nicht prüfungsrelevant / überholt;"Nicht prüfungsrelevant: Prozesskostenrechnung (lmi/lmn-Prozesse) kommt in BW-/OK-Prüfungen nicht vor; Erklärung verwies zudem auf Optionsnummern";
B-KR-129;gelöscht;Themenpaket B-A;2;Kostenrechnung;mc;Dublette;Dublette: kurzfristige Preisuntergrenze bereits in PX-B-085 und B-KR-061 (richtige Option zudem deutlich länger);PX-B-085
B-KR-134;gelöscht;Themenpaket B-A;2;Kostenrechnung;calc;nicht prüfungsrelevant / überholt;"Nicht prüfungsrelevant: Beschäftigungsabweichung der flexiblen Plankostenrechnung ist Randwissen; Plankostenrechnung mit B-KR-126 und B-KR-133 ausreichend vertreten";B-KR-133
B-KR-136;gelöscht;Themenpaket B-A;2;Kostenrechnung;calc;Rechenvorlage mehrfach;"Vorlagengleich: Sollkostenberechnung ist Teilschritt von B-KR-133; Plankostenrechnung ist Randwissen";B-KR-133
PX-B-047;gelöscht;Themenpaket B-A;2;Kostenrechnung;calc;fachlich unbrauchbar, trivial oder nicht lösbar;"Einzelschritt ohne Rundungsvorgabe (68,679 …); in PX-B-046 als zweistufige Aufgabe mit Rundungsvorgabe aufgegangen";PX-B-046
B-KR-001;korrigiert;Themenpaket B-A;2;Kostenrechnung;mc;;"Distraktoren ohne „w“ ergänzt; Erklärung sprachlich bereinigt";
B-KR-002;korrigiert;Themenpaket B-A;2;Kostenrechnung;mc;;Distraktoren ohne „w“ ergänzt;
B-KR-003;korrigiert;Themenpaket B-A;2;Kostenrechnung;mc;;"Distraktoren ohne „w“ ergänzt; Optionslängen angeglichen";
B-KR-004;korrigiert;Themenpaket B-A;2;Kostenrechnung;mc;;Distraktoren ohne „w“ ergänzt;
B-KR-005;korrigiert;Themenpaket B-A;2;Kostenrechnung;mc;;Distraktoren ohne „w“ ergänzt;
B-KR-006;korrigiert;Themenpaket B-A;2;Kostenrechnung;mc;;"Distraktoren ohne „w“ ergänzt; Grammatik der richtigen Option korrigiert („Zusatzkosten steht kein Aufwand gegenüber“)";
B-KR-007;korrigiert;Themenpaket B-A;2;Kostenrechnung;mc;;Distraktoren ohne „w“ ergänzt;
B-KR-008;korrigiert;Themenpaket B-A;2;Kostenrechnung;mc;;Distraktoren ohne „w“ ergänzt;
B-KR-009;korrigiert;Themenpaket B-A;2;Kostenrechnung;mc;;Distraktoren ohne „w“ ergänzt;
B-KR-010;korrigiert;Themenpaket B-A;2;Kostenrechnung;mc;;"Distraktoren ohne „w“ ergänzt; Fragetext ohne Bezug („Welche drei Stufen …?“) präzisiert";
B-KR-011;korrigiert;Themenpaket B-A;2;Kostenrechnung;mc;;Distraktoren ohne „w“ ergänzt;
B-KR-012;korrigiert;Themenpaket B-A;2;Kostenrechnung;mc;;Distraktoren ohne „w“ ergänzt;
B-KR-013;korrigiert;Themenpaket B-A;2;Kostenrechnung;mc;;Distraktoren ohne „w“ ergänzt;
B-KR-014;korrigiert;Themenpaket B-A;2;Kostenrechnung;mc;;Distraktoren ohne „w“ ergänzt;
B-KR-015;korrigiert;Themenpaket B-A;2;Kostenrechnung;mc;;Distraktoren ohne „w“ ergänzt;
B-KR-016;korrigiert;Themenpaket B-A;2;Kostenrechnung;mc;;Distraktoren ohne „w“ ergänzt;
B-KR-017;korrigiert;Themenpaket B-A;2;Kostenrechnung;mc;;Distraktoren ohne „w“ ergänzt;
B-KR-018;korrigiert;Themenpaket B-A;2;Kostenrechnung;mc;;"Distraktoren ohne „w“ ergänzt; Erklärung um Bezugsbasis der VwVt-Gemeinkosten ergänzt";
B-KR-019;korrigiert;Themenpaket B-A;2;Kostenrechnung;mc;;Distraktoren ohne „w“ ergänzt;
B-KR-020;korrigiert;Variation zurückgeholt;2;Kostenrechnung;mc;;"Variation: Zuschlagssatz der Fertigung statt des Materials (B-KR-019), andere Zahlen; Distraktoren mit typischen Fehlern und w";
B-KR-021;korrigiert;Themenpaket B-A;2;Kostenrechnung;mc;;"Distraktoren ohne „w“ ergänzt; unplausiblen Distraktor ersetzt, Optionslängen angeglichen";
B-KR-022;korrigiert;Themenpaket B-A;2;Kostenrechnung;mc;;Distraktoren ohne „w“ ergänzt;
B-KR-023;korrigiert;Themenpaket B-A;2;Kostenrechnung;mc;;"Distraktoren ohne „w“ ergänzt; Erklärung um Sondereinzelkosten der Fertigung ergänzt";
B-KR-024;korrigiert;Variation zurückgeholt;2;Kostenrechnung;mc;;"Variation: Zuschlagskalkulation bis zu den Herstellkosten (B-KR-123 rechnet bis zu den Selbstkosten); w mit typischen Auslassungsfehlern ergänzt";
B-KR-025;korrigiert;Themenpaket B-A;2;Kostenrechnung;mc;;Distraktoren ohne „w“ ergänzt;
B-KR-026;korrigiert;Themenpaket B-A;2;Kostenrechnung;mc;;Distraktoren ohne „w“ ergänzt;
B-KR-027;korrigiert;Themenpaket B-A;2;Kostenrechnung;mc;;"Distraktoren ohne „w“ ergänzt; unklaren Fragetext („Was ergänzt …?“) präzisiert";
B-KR-028;korrigiert;Themenpaket B-A;2;Kostenrechnung;mc;;Distraktoren ohne „w“ ergänzt;
B-KR-029;korrigiert;Themenpaket B-A;2;Kostenrechnung;mc;;Distraktoren ohne „w“ ergänzt;
B-KR-030;korrigiert;Themenpaket B-A;2;Kostenrechnung;mc;;Distraktoren ohne „w“ ergänzt;
B-KR-031;korrigiert;Variation zurückgeholt;2;Kostenrechnung;mc;;"Variation abgewandelt: Äquivalenzziffernkalkulation im Lager mit anderen Ziffern, gesucht die teuerste Sorte – die Rohfassung war fast zahlengleich mit B-KR-122/B-KR-132; w ergänzt";
B-KR-032;korrigiert;Themenpaket B-A;2;Kostenrechnung;mc;;Distraktoren ohne „w“ ergänzt;
B-KR-033;korrigiert;Themenpaket B-A;2;Kostenrechnung;mc;;Distraktoren ohne „w“ ergänzt;
B-KR-034;korrigiert;Themenpaket B-A;2;Kostenrechnung;open;;Musterlösung in Stichpunkte (IHK-Lösungshinweis) umgeformt, Handlungssituation ergänzt;
B-KR-035;korrigiert;Themenpaket B-A;2;Kostenrechnung;open;;Musterlösung in Stichpunkte umgeformt, Operator „rechnerisch nachvollziehbar“ wie in der IHK-Prüfung;
B-KR-037;korrigiert;Themenpaket B-A;2;Kostenrechnung;mc;;Distraktoren ohne „w“ ergänzt;
B-KR-038;korrigiert;Themenpaket B-A;2;Kostenrechnung;mc;;Distraktoren ohne „w“ ergänzt;
B-KR-040;korrigiert;Themenpaket B-A;2;Kostenrechnung;mc;;Distraktoren ohne „w“ ergänzt;
B-KR-041;korrigiert;Themenpaket B-A;2;Kostenrechnung;mc;;Distraktoren ohne „w“ ergänzt;
B-KR-042;korrigiert;Themenpaket B-A;2;Kostenrechnung;mc;;"Distraktoren ohne „w“ ergänzt; Distraktoren durch typische Denkfehler ersetzt";
B-KR-043;korrigiert;Themenpaket B-A;2;Kostenrechnung;mc;;Distraktoren ohne „w“ ergänzt;
B-KR-044;korrigiert;Themenpaket B-A;2;Kostenrechnung;mc;;Distraktoren ohne „w“ ergänzt;
B-KR-045;korrigiert;Leitung;2;Kostenrechnung;mc;;Leitung;
B-KR-046;korrigiert;Themenpaket B-A;2;Kostenrechnung;mc;;Distraktoren ohne „w“ ergänzt;
B-KR-048;korrigiert;Themenpaket B-A;2;Kostenrechnung;mc;;"Distraktoren ohne „w“ ergänzt; Grammatikfehler in der Erklärung („jeder Stück“) korrigiert";
B-KR-049;korrigiert;Themenpaket B-A;2;Kostenrechnung;mc;;Distraktoren ohne „w“ ergänzt;
B-KR-050;korrigiert;Themenpaket B-A;2;Kostenrechnung;mc;;"Distraktoren ohne „w“ ergänzt; Kraftverkehrsbeispiel in der Erklärung ergänzt";
B-KR-051;korrigiert;Variation zurückgeholt;2;Kostenrechnung;mc;;"Anderer Blickwinkel: Vorteil der stufenweisen Fixkostendeckung (B-KR-128 fragt das Kennzeichen); die richtige Option passte bisher nicht zur Frage – neu formuliert, Kraftverkehrsbezug, w ergänzt";
B-KR-052;korrigiert;Themenpaket B-A;2;Kostenrechnung;mc;;Distraktoren ohne „w“ ergänzt;
B-KR-053;korrigiert;Themenpaket B-A;2;Kostenrechnung;mc;;"Handelskalkulation (Einstandspreis/Handlungskosten) ist nicht prüfungsrelevant; auf das in BW-Prüfungen ständig verlangte Kalkulationsschema Selbstkosten → Listenverkaufspreis umgestellt; Distraktoren mit „w“";
B-KR-059;korrigiert;Themenpaket B-A;2;Kostenrechnung;mc;;Distraktoren ohne „w“ ergänzt;
B-KR-060;korrigiert;Themenpaket B-A;2;Kostenrechnung;open;;Musterlösung in Stichpunkte umgeformt;
B-KR-061;korrigiert;Themenpaket B-A;2;Kostenrechnung;open;;Musterlösung in Stichpunkte umgeformt, Handlungssituation und Anzahl erwarteter Situationen ergänzt;
B-KR-101;korrigiert;Variation zurückgeholt;2;Kostenrechnung;mc;;"Anderer Blickwinkel: Leitfrage der Kostenartenrechnung (B-KR-010 fragt die Reihenfolge der Stufen, B-KR-017/B-KR-103 die anderen Stufen); w ergänzt, Optionen angeglichen";
B-KR-103;korrigiert;Themenpaket B-A;2;Kostenrechnung;mc;;Distraktoren ohne „w“ ergänzt;
B-KR-104;korrigiert;Themenpaket B-A;2;Kostenrechnung;mc;;Distraktoren ohne „w“ ergänzt;
B-KR-105;korrigiert;Themenpaket B-A;2;Kostenrechnung;mc;;Distraktoren ohne „w“ ergänzt;
B-KR-106;korrigiert;Variation zurückgeholt;2;Kostenrechnung;mc;;"Variation: Break-even-Menge mit anderen Zahlen als MC mit typischen Fehlern; Kraftverkehrsbezug, Umlaute, w ergänzt";
B-KR-107;korrigiert;Themenpaket B-A;2;Kostenrechnung;mc;;"Distraktoren ohne „w“ ergänzt; Erklärung um typische fixe/variable Kfz-Kosten ergänzt";
B-KR-108;korrigiert;Themenpaket B-A;2;Kostenrechnung;mc;;"Distraktoren ohne „w“ ergänzt; „EUR“ durch „€“ ersetzt";
B-KR-109;korrigiert;Themenpaket B-A;2;Kostenrechnung;mc;;Distraktoren ohne „w“ ergänzt;
B-KR-110;korrigiert;Themenpaket B-A;2;Kostenrechnung;mc;;"Distraktoren ohne „w“ ergänzt; Bezug zur Fahrzeugkostenrechnung ergänzt";
B-KR-111;korrigiert;Themenpaket B-A;2;Kostenrechnung;mc;;"Distraktoren ohne „w“ ergänzt; Fachbegriff „differenzierte Zuschlagskalkulation“ korrigiert";
B-KR-112;korrigiert;Themenpaket B-A;2;Kostenrechnung;mc;;"Verneinungsfrage („NICHT“) positiv umformuliert; Beispiel der richtigen Option war falsch (allgemeine Verwaltungskosten sind VwGK, keine Restfertigungsgemeinkosten); „w“ ergänzt";
B-KR-113;korrigiert;Themenpaket B-A;2;Kostenrechnung;calc;;„EUR“ durch „€“ ersetzt, Erklärung vereinheitlicht;
B-KR-115;korrigiert;Variation zurückgeholt;2;Kostenrechnung;calc;;"Variation: Break-even-Umsatz mit anderen Zahlen, zweiter Lösungsweg über die DB-Quote; Umlaute, Rundungsvorgabe";
B-KR-116;korrigiert;Variation zurückgeholt;2;Kostenrechnung;calc;;"Variation: FGK-Zuschlagssatz mit anderen Zahlen, übertragen auf die Werkstatt; Rundungsvorgabe";
B-KR-117;korrigiert;Variation zurückgeholt;2;Kostenrechnung;calc;;"Variation: Zuschlagskalkulation bis zu den Selbstkosten mit anderen Zahlen, Werkstattbezug; Umlaute, Rundungsvorgabe";
B-KR-118;korrigiert;Themenpaket B-A;2;Kostenrechnung;calc;;„EUR“ durch „€“ ersetzt;
B-KR-119;korrigiert;Variation zurückgeholt;2;Kostenrechnung;calc;;"Variation: Maschinenstundensatz mit anderen Zahlen (B-KR-033, PX-B-196); Umlaute, Rundungsvorgabe";
B-KR-120;korrigiert;Themenpaket B-A;2;Kostenrechnung;calc;;„EUR“ durch „€“ ersetzt, Verfahrensname ergänzt;
B-KR-121;korrigiert;Themenpaket B-A;2;Kostenrechnung;mc;;"Distraktoren ohne „w“ ergänzt; Erklärung verwies auf Optionsnummern (Optionen werden in der App gemischt)";
B-KR-122;korrigiert;Themenpaket B-A;2;Kostenrechnung;mc;;Distraktoren ohne „w“ ergänzt;
B-KR-123;korrigiert;Themenpaket B-A;2;Kostenrechnung;mc;;Distraktoren ohne „w“ ergänzt;
B-KR-126;korrigiert;Themenpaket B-A;2;Kostenrechnung;mc;;"Distraktoren ohne „w“ ergänzt; richtige Option war deutlich länger als die Distraktoren (Hinweis durch Länge)";
B-KR-128;korrigiert;Themenpaket B-A;2;Kostenrechnung;mc;;"Distraktoren ohne „w“ ergänzt; Optionslängen angeglichen";
B-KR-130;korrigiert;Themenpaket B-A;2;Kostenrechnung;mc;;"Distraktoren ohne „w“ ergänzt; erfundenen Fachbegriff („Kostenstellenumlageverfahren“) durch reales Verfahren ersetzt";
B-KR-131;korrigiert;Themenpaket B-A;2;Kostenrechnung;calc;;Ersatzschreibungen (ae/oe/ue) und „EUR“ korrigiert;
B-KR-132;korrigiert;Themenpaket B-A;2;Kostenrechnung;calc;;Ersatzschreibungen (Aequivalenzziffer) und „EUR“ korrigiert;
B-KR-133;korrigiert;Themenpaket B-A / Zusammenführung;2;Kostenrechnung;calc;;Ersatzschreibungen (Beschaeftigung) und „EUR“ korrigiert, Erklärung ergänzt | Allgemeine Formel der Sollkosten (Fixkosten + variabler Plankostensatz × Istbeschäftigung) aus der Dublettenfassung wieder aufgenommen – für die Übertragung auf andere Zahlen;
B-KR-135;korrigiert;Themenpaket B-A;2;Kostenrechnung;calc;;"Ersatzschreibungen korrigiert; Lösungshinweis „(= variable Stückkosten)“ aus dem Fragetext entfernt";
B-KR-137;korrigiert;Variation zurückgeholt;2;Kostenrechnung;calc;;"Variation: Betriebsergebnis über Stückerlös und Stückselbstkosten (Vollkostensicht); Umlaute, Rundungsvorgabe";
B-KR-138;korrigiert;Variation zurückgeholt;2;Kostenrechnung;calc;;"Variation: Kostensatz je km mit anderen Zahlen (B-KR-923); Umlaute, Rundungsvorgabe";
B-KR-901;korrigiert;Variation zurückgeholt;2;Kostenrechnung;calc;;"Variation: Break-even-Menge mit anderen Zahlen (keine Obergrenze je Vorlage); zahlengleiches Geschwister B-KR-114 bleibt gelöscht; Rundungsvorgabe";
B-KR-903;korrigiert;Variation zurückgeholt;2;Kostenrechnung;calc;;"Variation: Betriebsergebnis aus Umsatz und Kostenblöcken mit anderen Zahlen (PX-B-049 mit Gesamtkosten); Rundungsvorgabe";
B-KR-904;korrigiert;Variation zurückgeholt;2;Kostenrechnung;calc;;"Variation: Divisionskalkulation im Kraftverkehr; Menge geändert, damit sich das Ergebnis vom Geschwister B-KR-914 unterscheidet; Rundungsvorgabe";
B-KR-905;korrigiert;Variation zurückgeholt;2;Kostenrechnung;calc;;"Variation abgewandelt: Stückdeckungsbeitrag rückwärts gerechnet (Preis gesucht), da die Vorwärtsrechnung schon B-KR-040/B-KR-910 üben; Kraftverkehrsbezug, Rundungsvorgabe";
B-KR-911;korrigiert;Variation zurückgeholt;2;Kostenrechnung;calc;;"Variation: Gesamt-DB mit anderen Zahlen im Kraftverkehr (B-KR-041 als MC, B-KR-113 mit Preis und variablen Kosten); Rundungsvorgabe";
B-KR-912;korrigiert;Variation zurückgeholt;2;Kostenrechnung;calc;;"Variation: Break-even-Menge mit anderen Zahlen, Kraftverkehrsbezug; Rundungsvorgabe";
B-KR-914;korrigiert;Variation zurückgeholt;2;Kostenrechnung;calc;;"Variation: Divisionskalkulation mit anderen Zahlen, übertragen auf ein Umschlaglager; Rundungsvorgabe";
B-KR-915;korrigiert;Variation zurückgeholt;2;Kostenrechnung;calc;;"Variation: Betriebsergebnis über den Deckungsbeitrag mit anderen Zahlen, Kraftverkehrsbezug; Rundungsvorgabe";
B-KR-917;korrigiert;Variation zurückgeholt;2;Kostenrechnung;calc;;"Variation: Break-even-Menge mit gegebenem Stück-DB und anderen Zahlen; Rundungsvorgabe";
B-KR-920;korrigiert;Variation zurückgeholt;2;Kostenrechnung;calc;;"Variation: MGK-Zuschlagssatz mit anderen Zahlen, übertragen auf die Werkstatt; Rundungsvorgabe";
B-KR-921;korrigiert;Variation zurückgeholt;2;Kostenrechnung;calc;;"Variation abgewandelt: neue Zahlen, weil die Rohfassung fast identisch mit dem Geschwister B-KR-117 war; Rundungsvorgabe";
B-KR-923;korrigiert;Querschnitt;2;Kostenrechnung;calc;;"Einheit „€“ für einen Kilometersatz falsch → „€/km“; Rundungsvorgabe ergänzt";
PX-B-002;korrigiert;Themenpaket B-A;2;Kostenrechnung;calc;;Rundungsvorgabe fehlte (Ergebnis 1,1310 … nur gerundet 1,13);
PX-B-003;korrigiert;Themenpaket B-A;2;Kostenrechnung;mc;;"Distraktoren ohne „w“ ergänzt; Erklärung um kurz-/langfristige Sicht ergänzt";
PX-B-008;korrigiert;Themenpaket B-A;2;Kostenrechnung;calc;;"Isolierter Einzelschritt (km × €/km) war trivial; wie in der Prüfung um Nutzplatz- und Leerkilometer ergänzt";
PX-B-013;korrigiert;Variation zurückgeholt;2;Kostenrechnung;calc;;Variation: Kostensatz je km mit prüfungsnahen Zahlen und drei Nachkommastellen;
PX-B-014;korrigiert;Themenpaket B-A;2;Kostenrechnung;calc;;"Isolierter Teilschritt (85 € + 140 €) war trivial; wie in der Prüfung um den Kern ergänzt: Deckt das kalkulatorische Einzelwagnis (3 % „auf Hundert“) die Mehrkosten?";
PX-B-025;korrigiert;Themenpaket B-A;2;Kostenrechnung;calc;;"Isolierte Subtraktion war trivial; wie in der Prüfung Erlöse aus Einsatztagen × Tageserlös ermitteln, Ergebnis mit Vorzeichen";
PX-B-027;korrigiert;Themenpaket B-A;2;Kostenrechnung;calc;;"Einzelschritt (nur Kraftstoffkosten) war vorlagengleich mit PX-B-009/-023; zum prüfungsnahen Jahreskostenvergleich (Abschreibung, Verzinsung, Kraftstoff) erweitert";
PX-B-028;korrigiert;Themenpaket B-A;2;Kostenrechnung;calc;;"Einzelschritt (nur Energiekosten) war vorlagengleich mit PX-B-010; zum prüfungsnahen Jahreskostenvergleich mit Förderung und Ladestation erweitert";
PX-B-029;korrigiert;Variation zurückgeholt;2;Kostenrechnung;calc;;Variation abgewandelt: lineare Abschreibung ohne Restwert, weitergerechnet auf den Tagessatz im Kfz-Kostenblatt (der reine Jahresbetrag steckt schon in PX-B-027, B-KR-118 rechnet mit Restwert);
PX-B-041;korrigiert;Themenpaket B-A;2;Kostenrechnung;mc;;Distraktoren ohne „w“ ergänzt;
PX-B-043;korrigiert;Themenpaket B-A;2;Kostenrechnung;mc;;Distraktoren ohne „w“ ergänzt;
PX-B-045;korrigiert;Variation zurückgeholt;2;Kostenrechnung;calc;;"Variation: Kostenfunktion nach den Fixkosten aufgelöst (andere gesuchte Größe als PX-B-044 und B-KR-120); Rundungsvorgabe";
PX-B-046;korrigiert;Themenpaket B-A;2;Kostenrechnung;calc;;"Break-even-Menge war vorlagengleich (max. 3 bereits erreicht); zur zweistufigen Break-even-Beschäftigungsgrad-Aufgabe erweitert (ersetzt den Einzelschritt PX-B-047)";
PX-B-050;korrigiert;Themenpaket B-A;2;Kostenrechnung;mc;;"Distraktoren ohne „w“ ergänzt; Optionslängen angeglichen, Erklärung um Anwendung ergänzt";
PX-B-063;korrigiert;Variation zurückgeholt;2;Kostenrechnung;calc;;"Variation: Sondereinzelkosten der Fertigung je Stück als eigener Rechenschritt (Begriff und Verteilung); Rundungsvorgabe";
PX-B-064;korrigiert;Variation zurückgeholt;2;Kostenrechnung;calc;;"Variation: Teilschritt Materialkosten der Zuschlagskalkulation mit eigenen Zahlen; Rundungsvorgabe";
PX-B-070;korrigiert;Themenpaket B-A;2;Kostenrechnung;mc;;"Distraktoren ohne „w“ ergänzt; Erklärung verwies auf nicht genannte Daten (variable Stückkosten 200 €)";
PX-B-072;korrigiert;Variation zurückgeholt;2;Kostenrechnung;calc;;"Variation: Break-even-Umsatz mit anderen Zahlen (PX-B-048); Rundungsvorgabe";
PX-B-080;korrigiert;Themenpaket B-A;2;Kostenrechnung;calc;;"Isolierte Subtraktion zweier vorgegebener Beträge war trivial; wie in der Prüfung Fertigungskosten beider Maschinen aus Rüstzeit, Stückzeit, Maschinenstundensatz und Lohn berechnen";
PX-B-081;korrigiert;Variation zurückgeholt;2;Kostenrechnung;calc;;"Variation: Maschinenstundensatz aus fixen und variablen Maschinenkosten; Rundungsvorgabe ergänzt";
PX-B-082;korrigiert;Themenpaket B-A;2;Kostenrechnung;calc;;"Nicht eigenständig („Dieselbe Maschine …“ verweist auf eine andere Frage); Daten vollständig in die Frage aufgenommen";
PX-B-085;korrigiert;Themenpaket B-A;2;Kostenrechnung;mc;;Distraktoren ohne „w“ ergänzt;
PX-B-111;korrigiert;Variation zurückgeholt;2;Kostenrechnung;calc;;"Variation: von den Herstellkosten zu den Selbstkosten mit anderen Zahlen (B-KR-025 als MC); Rundungsvorgabe";
PX-B-112;korrigiert;Variation zurückgeholt;2;Kostenrechnung;calc;;Variation: Break-even-Menge mit nicht glattem Ergebnis und Aufrundung auf ganze Stück;
PX-B-113;korrigiert;Themenpaket B-A;2;Kostenrechnung;mc;;"Distraktoren ohne „w“ ergänzt; richtige Option war deutlich länger als die Distraktoren";
PX-B-116;korrigiert;Variation zurückgeholt;2;Kostenrechnung;calc;;"Variation: FGK-Zuschlagssatz mit zusätzlichen Angaben, aus denen die richtige Bezugsgröße zu wählen ist (Fertigungsmaterial geändert, damit die Verwechslung auffällt); Rundungsvorgabe";
PX-B-119;korrigiert;Variation zurückgeholt;2;Kostenrechnung;calc;;"Variation: Break-even-Menge mit anderen Zahlen; Erklärung auf die Angaben der Frage beschränkt; Rundungsvorgabe";
PX-B-127;korrigiert;Variation zurückgeholt;2;Kostenrechnung;calc;;"Variation: Betriebsergebnis = Stück-DB × Menge − Fixkosten mit anderen Zahlen (B-KR-916, PX-B-120); Rundungsvorgabe";
PX-B-132;korrigiert;Variation zurückgeholt;2;Kostenrechnung;calc;;"Variation: Betriebsergebnis aus Gesamt-DB und Fixkosten als Rechenaufgabe mit anderen Zahlen (B-KR-042 als MC); Rundungsvorgabe";
PX-B-134;korrigiert;Variation zurückgeholt;2;Kostenrechnung;calc;;"Variation: kalkulatorische Abschreibung vom Wiederbeschaffungswert ohne Restwert (PX-B-194 mit Restwert); Anschaffungswert als Ablenkung; Rundungsvorgabe";
PX-B-135;korrigiert;Variation zurückgeholt;2;Kostenrechnung;calc;;"Variation: kalkulatorische Zinsen auf das durchschnittlich gebundene Kapital als Rechenaufgabe mit anderen Zahlen (B-KR-108 als MC); Kraftverkehrsbezug, Rundungsvorgabe";
PX-B-143;korrigiert;Themenpaket B-A;2;Kostenrechnung;calc;;"Isolierter Teilschritt (Kf + kv × x) war trivial; wie in der Prüfung Verfahrensvergleich mit prozentualer Kosteneinsparung";
PX-B-145;korrigiert;Themenpaket B-A;2;Kostenrechnung;mc;;Distraktoren ohne „w“ ergänzt;
PX-B-150;korrigiert;Variation zurückgeholt;2;Kostenrechnung;calc;;"Variation: Break-even-Menge mit anderen Zahlen, übertragen auf den Containerumschlag; Rundungsvorgabe";
PX-B-158;korrigiert;Variation zurückgeholt;2;Kostenrechnung;calc;;"Variation: Zuschlagssätze je Kostenstelle (differenzierte Zuschlagskalkulation); Angaben beider Stellen in die Frage übernommen; Rundungsvorgabe";
PX-B-159;korrigiert;Variation zurückgeholt;2;Kostenrechnung;calc;;"Variation: Betriebsergebnis mit prüfungsnahen großen Zahlen; Erklärung auf die Angaben der Frage beschränkt; Rundungsvorgabe";
PX-B-160;korrigiert;Variation zurückgeholt;2;Kostenrechnung;calc;;"Variation: Break-even-Menge mit Dezimal-Stück-DB und großen Zahlen; Erklärung auf die Angaben der Frage beschränkt; Rundungsvorgabe";
PX-B-169;korrigiert;Variation zurückgeholt;2;Kostenrechnung;mc;;"Variation abgewandelt: Verfahren im Fall erkennen (B-KR-030 fragt umgekehrt nach der typischen Fertigungsart); Kraftverkehrsbezug, w ergänzt";
PX-B-170;korrigiert;Variation zurückgeholt;2;Kostenrechnung;calc;;"Variation: Break-even-Menge mit anderen Zahlen (Ausgangslage zu PX-B-171); Rundungsvorgabe";
PX-B-179;korrigiert + umsortiert;Variation zurückgeholt;2;Kostenrechnung;calc;von BWL · Controlling;"Variation: Kostenauflösung mit anderen Zahlen (gesucht Fixkosten, Ersatz B-KR-120); zur Kostenrechnung umsortiert wie die übrigen Kostenauflösungen, Rundung ergänzt";
PX-B-197;korrigiert;Variation zurückgeholt;2;Kostenrechnung;calc;;"Variation: Betriebsergebnis bei gegebener Auslastung mit anderen Zahlen, hier mit Verlust (PX-B-120 mit Gewinn); Rundungsvorgabe";
PX-B-205;korrigiert;Variation zurückgeholt;2;Kostenrechnung;calc;;"Variation: Anwendung des Maschinenstundensatzes mit Umrechnung Minuten/Stunden (Teilschritt von PX-B-219 mit eigenen Zahlen); Rundungsvorgabe";
PX-B-206;korrigiert;Variation zurückgeholt;2;Kostenrechnung;calc;;"Variation: Herstellkosten mit Maschinenkosten und Sondereinzelkosten, andere Zahlen (PX-B-176); Vorrichtungskosten aus der Erklärung in die Frage übernommen; Rundungsvorgabe";
PX-B-229;korrigiert;Variation zurückgeholt;2;Kostenrechnung;calc;;"Variation: Zuschlagskalkulation mit getrennten Verwaltungs- und Vertriebszuschlägen, andere Zahlen; Rundungsvorgabe";
PX-B-230;korrigiert;Variation zurückgeholt;2;Kostenrechnung;calc;;"Variation: Vorwärtskalkulation bis zum Angebotspreis mit anderen Zahlen und nur Rabatt (PX-B-207 mit Skonto und Provision); Rundungsvorgabe";
PX-B-231;korrigiert + umsortiert;Variation zurückgeholt;2;Kostenrechnung;calc;von BWL · Controlling;"Variation: Kostenauflösung (gesucht variable Kosten) im Kraftverkehrsfall je Kilometer statt je Stück, Ersatz PX-B-044; neue Zahlen, zur Kostenrechnung umsortiert, Rundung ergänzt";
PX-B-239;korrigiert;Variation zurückgeholt;2;Kostenrechnung;calc;;"Variation: Ist-Zuschlagssatz nach der Umlage mit anderen Zahlen (PX-B-227); Erklärung auf die Frage beschränkt; Rundungsvorgabe";
PX-B-248;korrigiert;Variation zurückgeholt;2;Kostenrechnung;calc;;"Variation: Äquivalenzziffernkalkulation mit anderen Zahlen und Ziffern (PX-B-242, B-KR-122); Angaben vollständig in der Frage";
PX-B-251;korrigiert;Variation zurückgeholt;2;Kostenrechnung;calc;;"Variation: MGK-Zuschlagssatz mit prüfungsnahen, großen Zahlen und Rundung; Erklärung auf die Frage beschränkt (Zusatzdaten entfernt)";
B-KR-601;neu;Themenpaket B-A;2;Kostenrechnung;calc;;"Lücke: Verteilung primärer Gemeinkosten im BAB nach Verteilungsschlüssel (P-BW-20231109 Aufg. 5a; P-BW-20221104 Aufg. 7)";
B-KR-602;neu;Themenpaket B-A;2;Kostenrechnung;calc;;"Lücke: innerbetriebliche Leistungsverrechnung im Stufenleiterverfahren (P-BW-20150430 Aufg. 5a; P-BW-20221104 Aufg. 7)";
B-KR-603;neu;Themenpaket B-A;2;Kostenrechnung;calc;;"Lücke: Vergleich Normal- und Istzuschlagssätze, Kostenüber-/-unterdeckung (P-BW-20191105 Aufg. 5; P-BW-20151106 Aufg. 5)";
B-KR-604;neu;Themenpaket B-A;2;Kostenrechnung;open;;Lücke: Zuordnung Fertigungsverfahren – Kalkulationsverfahren (P-BW-20180504 Aufg. 6a/6b);
B-KR-605;neu;Themenpaket B-A;2;Kostenrechnung;calc;;Lücke: Zusatzauftrag mit teilweise variablen Gemeinkosten nach Deckungsbeitragsrechnung (P-BW-20221104 Aufg. 6a/6b);
B-KR-606;neu;Themenpaket B-A;2;Kostenrechnung;calc;;"Lücke: Eigenleistung/Fremdvergabe mit kritischer Menge (P-BW-20221104 Aufg. 5; Fremdvergabe von Werkstattleistungen P-OK-20250508 Aufg. 1)";
B-KR-608;neu;Themenpaket B-A;2;Kostenrechnung;calc;;"Lücke: variable Kosten je km im Kfz-Kostenblatt mit leistungsabhängiger Abschreibung und Reifenkosten (P-OK-20210518 Aufg. 1c; P-OK-20211116 Aufg. 2b)";
B-KR-609;neu;Themenpaket B-A;2;Kostenrechnung;calc;;"Lücke: fixe Kosten je Einsatztag mit zeitabhängiger Abschreibung vom Wiederbeschaffungswert und Kapitalverzinsung einschließlich Umlaufvermögen (P-OK-20210518 Aufg. 1a/1b; P-OK-20211116 Aufg. 2a)";
B-KR-610;neu;Themenpaket B-A;2;Kostenrechnung;calc;;Lücke: Angebotspreis einer Tour aus Tagessatz und Kilometersatz mit Gewinnzuschlag (P-OK-20211116 Aufg. 2c);
B-KR-611;neu;Themenpaket B-A;2;Kostenrechnung;calc;;Lücke: Kostengleichheit – erforderliche Nutzungszeit im Kostenvergleich Diesel-/Elektro-Lkw (P-OK-20260507 Aufg. 3b);
B-KR-612;neu;Themenpaket B-A;2;Kostenrechnung;calc;;Lücke: Kraftstoffkosten auf Nettobasis und Durchschnittspreis bei Preisänderung (P-OK-20231121 Aufg. 2b);
B-KR-613;neu;Themenpaket B-A;2;Kostenrechnung;open;;Lücke: Begründung der Maschinenstundensatzrechnung und Begriff Restfertigungsgemeinkosten (P-BW-20201103 Aufg. 6b, 6c);
B-KR-614;neu;Themenpaket B-A;2;Kostenrechnung;open;;"Lücke: Gliederung des Kfz-Kostenblatts in fixe/variable Kosten und Aufteilung der Abschreibung (P-OK-20210518 Aufg. 1b/1c; P-OK-20250508 Aufg. 4)";
B-KR-615;neu;Themenpaket B-A;2;Kostenrechnung;calc;;"Lücke: Nachkalkulation mit Ist-Selbstkosten bei nicht genutztem Skonto (P-BW-20231109 Aufg. 6b; P-BW-20181106 Aufg. 6b)";
B-KR-616;neu;Themenpaket B-A;2;Kostenrechnung;calc;;"Lücke: Übertragung der Break-even-Analyse auf den Fahrzeugeinsatz mit Kilometersatz (P-OK-20210518 Aufg. 1d/1e; P-BW-20211104 Aufg. 7d)";
B-KR-617;neu;Themenpaket B-C;2;Kostenrechnung;open;;Lücke: Werkstoffe und Energie als Kostenfaktor (Rahmenplan BQ BW 1.1) und ihre Wirkung in der Deckungsbeitragsrechnung (P-BW-20231109 Aufg. 7);
B-MA-105;gelöscht;Themenpaket B-B;2;Marketing;mc;Dublette;Dublette: prüft denselben Wissenspunkt wie B-MA-135 (Phasen des Produktlebenszyklus).;B-MA-135
B-MA-106;gelöscht;Themenpaket B-B;2;Marketing;mc;Dublette;Dublette: prüft denselben Wissenspunkt wie B-MA-137 (direkter Absatzweg).;B-MA-137
B-MA-108;gelöscht;Themenpaket B-B;2;Marketing;mc;nicht prüfungsrelevant / überholt;"Nicht prüfungsrelevant: Produktpolitik-Begriffe (Diversifikation/Variation) sind Randwissen; Diversifikation ist in B-MA-140 mit abgedeckt.";B-MA-140
B-MA-115;gelöscht;Themenpaket B-B;2;Marketing;mc;Dublette;Dublette: prüft denselben Wissenspunkt wie B-MA-133 (Skimmingstrategie).;B-MA-133
B-MA-116;gelöscht;Themenpaket B-B;2;Marketing;mc;Dublette;Dublette: prüft denselben Wissenspunkt wie B-MA-133 (Penetrations- vs. Skimmingstrategie).;B-MA-133
B-MA-117;gelöscht;Themenpaket B-B;2;Marketing;mc;Dublette;Dublette: prüft denselben Wissenspunkt wie B-MA-135 (Phasen des Produktlebenszyklus).;B-MA-135
B-MA-118;gelöscht;Themenpaket B-B;2;Marketing;mc;nicht prüfungsrelevant / überholt;Nicht prüfungsrelevant: Kriterien der Marktsegmentierung (Konsumgütermarketing) kommen in KVM-Prüfungen nicht vor.;
B-MA-119;gelöscht;Themenpaket B-B;2;Marketing;mc;nicht prüfungsrelevant / überholt;Nicht prüfungsrelevant: Abgrenzung Verkaufsförderung/Mediawerbung ist Konsumgüter-Randwissen ohne Prüfungsbezug.;
B-MA-123;gelöscht;Themenpaket B-B;2;Marketing;mc;Dublette;Dublette: prüft denselben Wissenspunkt wie B-MA-101 (4 P des Marketing-Mix).;B-MA-101
B-MA-124;gelöscht;Themenpaket B-B;2;Marketing;mc;Dublette;Dublette: prüft denselben Wissenspunkt wie B-MA-114 (Sekundärforschung).;B-MA-114
B-MA-125;gelöscht;Themenpaket B-B;2;Marketing;mc;Dublette;"Nicht prüfungsrelevant: Marktsegmentierungskriterien; zudem Dublette von B-MA-118.";
B-MA-127;gelöscht;Themenpaket B-B;2;Marketing;mc;Dublette;Dublette: prüft denselben Wissenspunkt wie B-MA-133 (Penetrations- vs. Skimmingstrategie).;B-MA-133
B-MA-128;gelöscht;Themenpaket B-B;2;Marketing;mc;Dublette;Dublette: prüft denselben Wissenspunkt wie B-MA-113 (Zuordnung Instrument ↔ Marketing-Mix-Bereich).;B-MA-113
B-MA-129;gelöscht;Themenpaket B-B;2;Marketing;mc;Dublette;Dublette: prüft denselben Wissenspunkt wie B-MA-112 (interne SWOT-Faktoren).;B-MA-112
B-MA-130;gelöscht;Themenpaket B-B;2;Marketing;mc;nicht prüfungsrelevant / überholt;Nicht prüfungsrelevant: Positionierung ist Marketing-Randwissen ohne Bezug zu BW-/OK-Prüfungen.;
B-MA-131;gelöscht;Themenpaket B-B;2;Marketing;mc;Dublette;Dublette: prüft denselben Wissenspunkt wie B-MA-137 (direkter vs. indirekter Absatzweg).;B-MA-137
B-MA-132;gelöscht;Themenpaket B-B;2;Marketing;mc;Dublette;"Trivia (Ausschreibung einer Abkürzung); Dublette: prüft denselben Wissenspunkt wie B-MA-120 (USP).";B-MA-120
B-MA-136;gelöscht;Themenpaket B-B;2;Marketing;mc;nicht prüfungsrelevant / überholt;Nicht prüfungsrelevant: BCG-Portfolio kommt in den KVM-Prüfungen nicht vor.;
B-MA-138;gelöscht;Themenpaket B-B;2;Marketing;mc;nicht prüfungsrelevant / überholt;Nicht prüfungsrelevant: AIDA-Werbewirkungsmodell ist Konsumgüter-Randwissen ohne Prüfungsbezug.;
B-MA-139;gelöscht;Themenpaket B-B;2;Marketing;mc;nicht prüfungsrelevant / überholt;Nicht prüfungsrelevant: Push-/Pull-Strategie im Handel ohne Bezug zu BW-/OK-Prüfungen.;
B-MA-101;korrigiert;Themenpaket B-B;2;Marketing;mc;;"Ersatzschreibungen (ae/oe/ue/ss) korrigiert und w-Texte ergänzt; gerade Anführungszeichen ersetzt";
B-MA-102;korrigiert;Variation zurückgeholt;2;Marketing;mc;;"Anderer Teilaspekt: Penetrationsstrategie (B-MA-133 fragt die Skimmingstrategie im Fall); Umlaute, w ergänzt; gleichwertige Geschwister B-MA-116/B-MA-127 bleiben gelöscht";
B-MA-103;korrigiert;Variation zurückgeholt;2;Marketing;mc;;"Variation abgewandelt: Primärforschung als Beispiel erkennen (B-MA-114 fragt den Begriff Sekundärforschung); Kraftverkehrsbezug, Umlaute, w ergänzt";
B-MA-107;korrigiert;Variation zurückgeholt;2;Marketing;mc;;"Anderer Teilaspekt: Zuordnung zur Kommunikationspolitik (B-MA-113 fragt die Distributionspolitik); Kraftverkehrsbezug, Umlaute, w ergänzt; gleichwertiges Geschwister B-MA-128 bleibt gelöscht";
B-MA-109;korrigiert;Themenpaket B-B;2;Marketing;mc;;Ersatzschreibungen (ae/oe/ue/ss) korrigiert und w-Texte ergänzt;
B-MA-110;korrigiert;Themenpaket B-B;2;Marketing;mc;;Ersatzschreibungen (ae/oe/ue/ss) korrigiert und w-Texte ergänzt;
B-MA-111;korrigiert;Variation zurückgeholt;2;Marketing;mc;;"Anderer Blickwinkel und Teilaspekt: Begriff der räumlichen Preisdifferenzierung (B-MA-134 fragt die zeitliche im Fall); Umlaute, w ergänzt";
B-MA-112;korrigiert;Themenpaket B-B;2;Marketing;mc;;Ersatzschreibungen (ae/oe/ue/ss) korrigiert und w-Texte ergänzt;
B-MA-113;korrigiert;Themenpaket B-B;2;Marketing;mc;;Distraktoren ohne w-Erklärung – w-Texte ergänzt;
B-MA-114;korrigiert;Themenpaket B-B;2;Marketing;mc;;Distraktoren ohne w-Erklärung – w-Texte ergänzt;
B-MA-120;korrigiert;Themenpaket B-B;2;Marketing;mc;;Distraktoren ohne w-Erklärung – w-Texte ergänzt;
B-MA-121;korrigiert;Variation zurückgeholt;2;Marketing;mc;;"Variation abgewandelt: SWOT als Anwendung im Fall (Einordnung eines Umfeldereignisses); die vier Elemente fragt schon M-KT-019, die Zuordnung intern/extern B-MA-112; w ergänzt";
B-MA-122;korrigiert;Variation zurückgeholt;2;Marketing;mc;;"Anderer Blickwinkel: Kundenbindungsmaßnahme erkennen (B-MA-109 fragt das Ziel des CRM); Kraftverkehrsbezug (B2B-Bonus statt Treueprogramm), w ergänzt";
B-MA-126;korrigiert;Variation zurückgeholt;2;Marketing;mc;;"Variation abgewandelt: Phase anhand von Merkmalen erkennen (B-MA-135 fragt nur die Reihenfolge); Kraftverkehrsbezug, w ergänzt";
B-MA-133;korrigiert;Themenpaket B-B;2;Marketing;mc;;"Gerade einfache Anführungszeichen in der Erklärung ersetzt; Penetrationsstrategie ergänzt (gelöschte Dubletten)";
B-MW-004;gelöscht;Themenpaket B-B;2;Materialwirtschaft;mc;Dublette;Dublette: prüft denselben Wissenspunkt wie B-MW-107 (Kennzeichen der A-Güter), dort mit besseren Distraktoren.;B-MW-107
B-MW-005;gelöscht;Themenpaket B-B;2;Materialwirtschaft;mc;Dublette;Dublette: prüft denselben Wissenspunkt wie B-MW-108 (XYZ-Analyse = Verbrauchsregelmäßigkeit, Abgrenzung zur ABC-Analyse).;B-MW-108
B-MW-007;gelöscht;Themenpaket B-B;2;Materialwirtschaft;mc;Dublette;Dublette: prüft denselben Wissenspunkt wie PX-B-036 (Formel Meldebestand).;PX-B-036
B-MW-008;gelöscht;Themenpaket B-B;2;Materialwirtschaft;mc;Dublette;Dublette: prüft denselben Wissenspunkt wie B-MW-114 (Funktion des Sicherheitsbestandes).;B-MW-114
B-MW-013;gelöscht;Themenpaket B-B;2;Materialwirtschaft;mc;Dublette;Zahlengleiche Dublette: prüft denselben Wissenspunkt wie B-MW-903 (Umschlagshäufigkeit 8 → 45 Tage).;B-MW-903
B-MW-016;gelöscht;Themenpaket B-B;2;Materialwirtschaft;mc;Dublette;Dublette: prüft denselben Wissenspunkt wie B-MW-110 (Ziel/Kennzeichen der fertigungssynchronen Beschaffung).;B-MW-110
B-MW-105;gelöscht;Themenpaket B-B;2;Materialwirtschaft;calc;nicht prüfungsrelevant / überholt;"Nicht prüfungsrelevant: Lagerzinssatz (Handelskalkulation) wird in den KVM-Prüfungen nicht verlangt; dort wird mit dem Lagerhaltungskostensatz gerechnet.";
B-MW-113;gelöscht;Themenpaket B-B;2;Materialwirtschaft;mc;Dublette;Dublette: prüft denselben Wissenspunkt wie B-MW-018 (Kanban = Pull-Prinzip).;B-MW-018
B-MW-901;gelöscht;Themenpaket B-B;2;Materialwirtschaft;calc;Rechenvorlage mehrfach;"Überzählige Rechenaufgabe derselben Vorlage (max. 3 je Vorlage); gleichwertig abgedeckt durch PX-B-021, PX-B-034, PX-B-214 (Andler-Formel); zudem Du-Form.";PX-B-034
B-MW-902;gelöscht;Themenpaket B-B;2;Materialwirtschaft;calc;Rechenvorlage mehrfach;"Zahlengleiche Dublette von B-MW-917; Überzählige Rechenaufgabe derselben Vorlage (max. 3 je Vorlage); gleichwertig abgedeckt durch PX-B-090, PX-B-191, B-MW-104.";B-MW-104
B-MW-920;gelöscht;Themenpaket B-B;2;Materialwirtschaft;calc;nicht prüfungsrelevant / überholt;Nicht prüfungsrelevant: Lagerzinssatz (Handelskalkulation) wird in den KVM-Prüfungen nicht verlangt.;
PX-B-037;gelöscht;Themenpaket B-B;2;Materialwirtschaft;mc;Dublette;Dublette: prüft denselben Wissenspunkt wie B-MW-006 (Zielkonflikt der optimalen Bestellmenge).;B-MW-006
PX-B-091;gelöscht;Themenpaket B-B;2;Materialwirtschaft;mc;Dublette;Dublette: prüft denselben Wissenspunkt wie PX-B-110 (Folgen einer höheren Umschlagshäufigkeit).;PX-B-110
PX-B-182;gelöscht;Themenpaket B-B;2;Materialwirtschaft;mc;Dublette;"Dublette: prüft denselben Wissenspunkt wie B-MW-110 und B-MW-017 (Kennzeichen und Risiko von Just-in-time); richtige Option auffällig lang.";B-MW-110
B-MW-001;korrigiert;Themenpaket B-B;2;Materialwirtschaft;mc;;"Distraktoren ohne w-Erklärung – w-Texte ergänzt; gerade Anführungszeichen ersetzt";
B-MW-002;korrigiert;Themenpaket B-B;2;Materialwirtschaft;mc;;"Distraktoren ohne w-Erklärung – w-Texte ergänzt; Optionen in der Länge angeglichen (richtige Option war auffällig länger)";
B-MW-003;korrigiert;Themenpaket B-B;2;Materialwirtschaft;mc;;Distraktoren ohne w-Erklärung – w-Texte ergänzt;
B-MW-006;korrigiert;Themenpaket B-B;2;Materialwirtschaft;mc;;"w-Texte ergänzt; richtige Option sprachlich anders gebaut als die Distraktoren – angeglichen";
B-MW-009;korrigiert;Variation zurückgeholt;2;Materialwirtschaft;mc;;"Variation: Meldebestand als Rechen-MC mit anderen Zahlen; Distraktoren bilden die typischen Formelfehler ab, w ergänzt";
B-MW-010;korrigiert;Themenpaket B-B;2;Materialwirtschaft;mc;;Distraktoren ohne w-Erklärung – w-Texte ergänzt;
B-MW-011;korrigiert;Variation zurückgeholt;2;Materialwirtschaft;mc;;"Variation: Umschlagshäufigkeit mit anderen Zahlen als MC mit typischen Fehlern (Kehrwert, Verwechslung mit der Lagerdauer); Kraftverkehrsbezug, w ergänzt; gleichwertiges Geschwister B-MW-902 bleibt gelöscht";
B-MW-012;korrigiert;Themenpaket B-B;2;Materialwirtschaft;mc;;Distraktoren ohne w-Erklärung – w-Texte ergänzt;
B-MW-014;korrigiert;Themenpaket B-B;2;Materialwirtschaft;mc;;Distraktoren ohne w-Erklärung – w-Texte ergänzt;
B-MW-015;korrigiert;Themenpaket B-B;2;Materialwirtschaft;mc;;Distraktoren ohne w-Erklärung – w-Texte ergänzt;
B-MW-017;korrigiert;Themenpaket B-B;2;Materialwirtschaft;mc;;Distraktoren ohne w-Erklärung – w-Texte ergänzt;
B-MW-018;korrigiert;Themenpaket B-B;2;Materialwirtschaft;mc;;Distraktoren ohne w-Erklärung – w-Texte ergänzt;
B-MW-019;korrigiert;Themenpaket B-B;2;Materialwirtschaft;mc;;Distraktoren ohne w-Erklärung – w-Texte ergänzt;
B-MW-020;korrigiert;Themenpaket B-B;2;Materialwirtschaft;mc;;Distraktoren ohne w-Erklärung – w-Texte ergänzt;
B-MW-021;korrigiert;Themenpaket B-B;2;Materialwirtschaft;mc;;Distraktoren ohne w-Erklärung – w-Texte ergänzt;
B-MW-022;korrigiert;Themenpaket B-B;2;Materialwirtschaft;mc;;"w-Texte ergänzt; zwei offensichtlich abwegige Distraktoren (Rechtsform/Gründungsjahr, Entfernung/Mitarbeiterzahl) durch typische Denkfehler ersetzt";
B-MW-023;korrigiert;Themenpaket B-B;2;Materialwirtschaft;mc;;Distraktoren ohne w-Erklärung – w-Texte ergänzt;
B-MW-024;korrigiert;Themenpaket B-B;2;Materialwirtschaft;mc;;Distraktoren ohne w-Erklärung – w-Texte ergänzt;
B-MW-025;korrigiert;Themenpaket B-B;2;Materialwirtschaft;mc;;"w-Texte ergänzt; abwegige Distraktoren (z. B. „Umgehung der Inventurpflicht“) durch plausible Verwechslungen ersetzt; Optionen in der Länge angeglichen (richtige Option war auffällig länger)";
B-MW-026;korrigiert;Themenpaket B-B;2;Materialwirtschaft;mc;;Distraktoren ohne w-Erklärung – w-Texte ergänzt;
B-MW-027;korrigiert;Themenpaket B-B;2;Materialwirtschaft;mc;;Distraktoren ohne w-Erklärung – w-Texte ergänzt;
B-MW-028;korrigiert;Themenpaket B-B;2;Materialwirtschaft;open;;Ohne Situation und Punktebezug, Musterlösung als Fließtext – ins IHK-Schema mit Stichpunkten gebracht;
B-MW-029;korrigiert;Themenpaket B-B;2;Materialwirtschaft;open;;Ohne Situation und Punktebezug, Fließtext – ins IHK-Schema (beschreiben + je ein Vor- und Nachteil) mit Stichpunkten gebracht;
B-MW-030;korrigiert;Themenpaket B-B;2;Materialwirtschaft;open;;Als „open“ gestellte reine Rechenaufgabe (Vorlage mehrfach als calc vorhanden) mit Fließtext-Lösung – auf die in Prüfungen verlangte Interpretation (Auswirkungen, Maßnahmen) umgestellt;
B-MW-101;korrigiert;Variation zurückgeholt;2;Materialwirtschaft;calc;;"Variation: Andler-Formel mit eigenen, realistischen Zahlen für Bremsbelagsätze – die Rohfassung war unrealistisch und zahlengleich mit B-MW-901, das VAR-3 deshalb nicht zurückgeholt hat; Rundungsvorgabe";
B-MW-102;korrigiert;Variation zurückgeholt;2;Materialwirtschaft;calc;;"Variation: Meldebestand mit direkt gegebenem Tagesverbrauch (der Ersatz leitet ihn aus dem Jahresbedarf ab); Rundungsvorgabe ergänzt";
B-MW-107;korrigiert;Themenpaket B-B / Querschnitt;2;Materialwirtschaft;mc;;Distraktoren ohne w-Erklärung – w-Texte ergänzt | Folge für die Disposition (A intensiv, C vereinfacht) und Werkstattbeispiel aus der gelöschten Dublette B-CO-126 in die Erklärung übernommen;
B-MW-108;korrigiert;Themenpaket B-B;2;Materialwirtschaft;mc;;Distraktoren ohne w-Erklärung – w-Texte ergänzt;
B-MW-109;korrigiert;Themenpaket B-B;2;Materialwirtschaft;mc;;Distraktoren ohne w-Erklärung – w-Texte ergänzt;
B-MW-110;korrigiert;Themenpaket B-B;2;Materialwirtschaft;mc;;Distraktoren ohne w-Erklärung – w-Texte ergänzt;
B-MW-111;korrigiert;Themenpaket B-B;2;Materialwirtschaft;mc;;"w-Texte ergänzt; abwegiger Distraktor („Zufallsauswahl“) durch plausible Verwechslung (K.-o.-Verfahren) ersetzt";
B-MW-112;korrigiert;Themenpaket B-B;2;Materialwirtschaft;mc;;Distraktoren ohne w-Erklärung – w-Texte ergänzt;
B-MW-114;korrigiert;Themenpaket B-B;2;Materialwirtschaft;mc;;Distraktoren ohne w-Erklärung – w-Texte ergänzt;
B-MW-115;korrigiert;Themenpaket B-B;2;Materialwirtschaft;calc;;Die ABC-Analyse ordnet nach dem Jahresverbrauchswert (Menge · Preis), nicht nach dem Lagerwert – korrigiert;
B-MW-116;korrigiert;Variation zurückgeholt;2;Materialwirtschaft;calc;;"Variation abgewandelt: Bezugskalkulation rückwärts (höchster Listeneinkaufspreis), da die Vorwärtsrechnung fast zahlengleich in B-RW-918 steht; Rundungsvorgabe";
B-MW-904;korrigiert;Variation zurückgeholt;2;Materialwirtschaft;calc;;"Variation: Rückwärtsrechnung – gesucht ist der Sicherheitsbestand statt des Meldebestands; Rundungsvorgabe ergänzt";
B-MW-910;korrigiert;Variation zurückgeholt;2;Materialwirtschaft;calc;;"Variation mit Fuhrparkbezug; die unrealistischen Werte (24.000 Reifen zu 10 €) und die mit B-MW-901/B-MW-101 rechnerisch identische Aufgabe durch eigene, realistische Zahlen ersetzt; Rundungsvorgabe ergänzt";
B-MW-911;korrigiert;Variation zurückgeholt;2;Materialwirtschaft;calc;;"Variation: Andler-Rechnung mit anderen Zahlen (bisher max. 3 je Vorlage); Rundungsvorgabe, Rechenweg mit Dezimalsatz statt „200-Formel“ und Probe ergänzt";
B-MW-912;korrigiert;Variation zurückgeholt;2;Materialwirtschaft;calc;;"Variation: Folge einer längeren Wiederbeschaffungszeit für den Meldebestand statt reiner Grundrechnung; Rundungsvorgabe ergänzt";
B-MW-913;korrigiert;Themenpaket B-B;2;Materialwirtschaft;calc;;Erklärung mit „*“ als Malzeichen bzw. ohne Tausenderpunkte – ins deutsche Zahlenformat gebracht;
B-MW-914;korrigiert;Themenpaket B-B;2;Materialwirtschaft;calc;;Erklärung mit „*“ als Malzeichen bzw. ohne Tausenderpunkte – ins deutsche Zahlenformat gebracht;
B-MW-915;korrigiert;Themenpaket B-B;2;Materialwirtschaft;calc;;Erklärung mit „*“ als Malzeichen bzw. ohne Tausenderpunkte – ins deutsche Zahlenformat gebracht;
B-MW-916;korrigiert;Themenpaket B-B;2;Materialwirtschaft;calc;;Erklärung mit „*“ als Malzeichen bzw. ohne Tausenderpunkte – ins deutsche Zahlenformat gebracht;
B-MW-917;korrigiert;Variation zurückgeholt;2;Materialwirtschaft;calc;;"Variation: Umschlagshäufigkeit wertmäßig in € (der Ersatz rechnet mengenmäßig in t); leeres unit entfernt, Rundungsvorgabe und deutsches Zahlenformat ergänzt";
B-MW-918;korrigiert;Variation zurückgeholt;2;Materialwirtschaft;calc;;"Variation: Rückwärtsrechnung – aus der Ziel-Umschlagshäufigkeit den zulässigen Durchschnittsbestand ermitteln; Rundungsvorgabe ergänzt";
B-MW-919;korrigiert;Themenpaket B-B;2;Materialwirtschaft;calc;;Erklärung mit „*“ als Malzeichen bzw. ohne Tausenderpunkte – ins deutsche Zahlenformat gebracht;
B-MW-921;korrigiert;Themenpaket B-B;2;Materialwirtschaft;calc;;"Lagerzinsen = Lagerzinssatz · ⌀ Bestand ergeben nur die Zinsen für eine Lagerdauer, der Zeitraum blieb offen (mehrdeutig); der Lagerzinssatz ist zudem nicht prüfungsrelevant – auf die prüfungsübliche Berechnung der jährlichen Lagerhaltungskosten umgestellt";
B-MW-922;korrigiert;Variation zurückgeholt;2;Materialwirtschaft;calc;;"Variation: Bezugskalkulation mit anderen Zahlen und Sätzen; Rechenweg mit Zwischenstufen, Kraftverkehrsbezug, Rundungsvorgabe";
B-MW-923;korrigiert;Themenpaket B-B;2;Materialwirtschaft;calc;;Erklärung mit „*“ als Malzeichen bzw. ohne Tausenderpunkte – ins deutsche Zahlenformat gebracht;
B-RW-918;korrigiert + umsortiert;Themenpaket B-C;2;Materialwirtschaft;calc;von BWL · Rechnungswesen;"Bezugskalkulation gehört zur Beschaffung (Angebotsvergleich) – nach Materialwirtschaft umsortiert; Fuhrparkbezug ergänzt";
M-KT-034;korrigiert + umsortiert;Themenpaket M-B;2;Materialwirtschaft;mc;von Methoden · Kreativitätstechniken;ABC-/XYZ-Kombination (Bevorratungsstrategie) ist Thema der Materialwirtschaft, keine Kreativitätstechnik;
PX-B-036;korrigiert;Themenpaket B-B;2;Materialwirtschaft;mc;;Distraktoren ohne w-Erklärung – w-Texte ergänzt;
PX-B-058;korrigiert;Variation zurückgeholt;2;Materialwirtschaft;calc;;"Variation: Meldebestand mit Sicherheitsbestand als Reichweite in Tagen (zweistufig); Rundungsvorgabe ergänzt";
PX-B-062;korrigiert;Themenpaket B-B;2;Materialwirtschaft;mc;;"Distraktoren ohne w-Erklärung – w-Texte ergänzt; Optionen in der Länge angeglichen (richtige Option war auffällig länger)";
PX-B-097;korrigiert;Themenpaket B-B;2;Materialwirtschaft;calc;;"Bezugsbasis der Ausschussquote und Rundungsvorgabe fehlten – als Zuschlag gerechnet ergäben sich 41.300 statt 41.344 Stück; beides in der Frage festgelegt";
PX-B-099;korrigiert;Themenpaket B-B;2;Materialwirtschaft;mc;;"w-Texte ergänzt; abwegige Distraktoren („erstes/drittes Quartal“, „bezeichnen dasselbe“) durch typische Verwechslungen ersetzt";
PX-B-106;korrigiert;Variation zurückgeholt;2;Materialwirtschaft;calc;;"Variation: Andler mit Umrechnung des Einstandspreises aus der Verpackungseinheit und Prüfung der bisherigen Bestellmenge; der Bezug auf 15.000 Stück stand nur in der Erklärung – jetzt in der Frage; Rundungsvorgabe ergänzt";
PX-B-110;korrigiert;Themenpaket B-B;2;Materialwirtschaft;mc;;Distraktoren ohne w-Erklärung – w-Texte ergänzt;
PX-B-148;korrigiert;Themenpaket B-B;2;Materialwirtschaft;mc;;"w-Texte ergänzt; richtige Option deutlich länger als die Distraktoren – angeglichen";
PX-B-155;korrigiert;Variation zurückgeholt;2;Materialwirtschaft;calc;;"Variation: Meldebestand mit Prüfzeit und anderen Zahlen (Ersatz zusätzlich mit Bedarfsprognose); Rundungsvorgabe ergänzt";
PX-B-157;korrigiert;Themenpaket B-B;2;Materialwirtschaft;calc;;Verpackungseinheit (Prüfungsvorgabe) stand nur in der Erklärung – als Variante mit VE-Rundung gefasst, damit die Andler-Grundaufgabe nicht mehrfach vorkommt;
PX-B-165;korrigiert;Variation zurückgeholt;2;Materialwirtschaft;calc;;"Variation: Andler-Rechnung mit anderen Zahlen (Grundlage der Kostenrechnung in PX-B-167); Rundungsvorgabe und Probe ergänzt";
PX-B-166;korrigiert;Variation zurückgeholt;2;Materialwirtschaft;calc;;"Variation: Umschlagshäufigkeit aus der Bestellmenge ohne Sicherheitsbestand (der Ersatz rechnet mit Sicherheitsbestand); Rundungsvorgabe ergänzt";
PX-B-167;korrigiert;Themenpaket B-B;2;Materialwirtschaft;calc;;Erklärung nannte für die bisherige Bestellmenge 9.720 € ohne Herleitung (54 aufgerundete Bestellungen) – Rechenweg offengelegt, Frage als Arbeitsauftrag formuliert;
PX-B-192;korrigiert;Variation zurückgeholt;2;Materialwirtschaft;mc;;"Variation: fragt die Nachteile einer hohen Umschlagshäufigkeit ab, der Ersatz PX-B-110 nur die Vorteile (die Prüfungen verlangen beides); richtige Option war durch ihre Länge erkennbar – Optionen angeglichen, w ergänzt";
PX-B-214;korrigiert;Variation zurückgeholt;2;Materialwirtschaft;calc;;"Variation: Andler-Rechnung mit anderen Zahlen (bisher max. 3 je Vorlage); Rundungsvorgabe und Probe ergänzt";
PX-B-215;korrigiert;Variation zurückgeholt;2;Materialwirtschaft;calc;;"Variation: zweistufig über die Umschlagshäufigkeit zur Lagerdauer (andere gesuchte Größe als der Ersatz); Rundungsvorgabe ergänzt";
PX-B-225;korrigiert;Themenpaket B-B;2;Materialwirtschaft;mc;;"Erklärung behandelte die Just-in-time-Beschaffung statt der gefragten auftragsbezogenen Beschaffung; richtige Option zu lang; w-Texte ergänzt";
PX-B-247;korrigiert;Themenpaket B-B;2;Materialwirtschaft;calc;;Verpackungseinheit nur in der Erklärung, dazu ein fachfremder Satz zum Sicherheitsbestand – als VE-Variante gefasst;
B-MW-601;neu;Themenpaket B-B;2;Materialwirtschaft;open;;"Lücke: Aufgaben des Sicherheitsbestandes und Auswirkungen zu hoher Bestellmengen als offene Aufgabe (P-BW-20181106 Aufg. 3e; P-BW-20141113 Aufg. 3e; P-BW-20231109 Aufg. 3d)";
B-MW-602;neu;Themenpaket B-B;2;Materialwirtschaft;open;;"Lücke: Maßnahmen zur Verbesserung der Lagerhaltung, übertragen auf das Ersatzteillager der Werkstatt (P-BW-20201103 Aufg. 2b; P-FT-20251111 Aufg. 4)";
B-MW-603;neu;Themenpaket B-B;2;Materialwirtschaft;calc;;Lücke: Kosteneinsparpotenzial in Prozent beim Wechsel zur optimalen Bestellmenge (P-BW-20230504 Aufg. 3c);
B-QM-111;gelöscht;Themenpaket B-B;2;Qualitätsmanagement;mc;nicht prüfungsrelevant / überholt;"Nicht prüfungsrelevant: Six Sigma (DPMO) ist für den KVM Randwissen; Distraktoren zudem absurd.";
B-QM-116;gelöscht;Themenpaket B-B;2;Qualitätsmanagement;calc;fachlich unbrauchbar, trivial oder nicht lösbar;"Triviale Multiplikation (45 · 18 €) ohne Prüfungsbezug; Qualitätskostenarten sind in B-QM-124 abgedeckt.";B-QM-124
B-QM-101;korrigiert;Themenpaket B-B;2;Qualitätsmanagement;mc;;Distraktoren ohne w-Erklärung – w-Texte ergänzt;
B-QM-102;korrigiert;Themenpaket B-B / Zusammenführung;2;Qualitätsmanagement;mc;;Distraktoren ohne w-Erklärung – w-Texte ergänzt | Beispiel Ersatzteillager aus der Dublettenfassung ergänzt (vgl. FT-Prüfung: PDCA-Zyklus anhand der Ersatzteilbeschaffung);
B-QM-103;korrigiert;Themenpaket B-B;2;Qualitätsmanagement;mc;;"w-Texte ergänzt; abwegige Distraktoren (Vertriebspreise, Lohnbuchhaltung) ersetzt; Hinweis, dass die Norm seit 2015 keinen QMB mehr fordert; Optionen in der Länge angeglichen (richtige Option war auffällig länger)";
B-QM-104;korrigiert;Themenpaket B-B;2;Qualitätsmanagement;mc;;"w-Texte ergänzt; abwegige Distraktoren (Disziplinarmaßnahme, Umweltbehörde) durch plausible Verwechslungen ersetzt";
B-QM-105;korrigiert;Themenpaket B-B;2;Qualitätsmanagement;mc;;"w-Texte ergänzt; abwegige Distraktoren (Aufsichtsbehörde, Geschäftsbeziehung beenden) ersetzt; Kraftverkehrsbezug ergänzt";
B-QM-106;korrigiert;Themenpaket B-B;2;Qualitätsmanagement;mc;;"Distraktoren ohne w-Erklärung – w-Texte ergänzt; Optionen in der Länge angeglichen (richtige Option war auffällig länger)";
B-QM-107;korrigiert;Themenpaket B-B;2;Qualitätsmanagement;mc;;"w-Texte ergänzt; abwegige Distraktoren durch plausible Prüfarten ersetzt";
B-QM-108;korrigiert;Themenpaket B-B;2;Qualitätsmanagement;mc;;"w-Texte ergänzt; abwegiger Distraktor („x-beliebiger Lieferant“) durch plausible Verwechslung (IHK) ersetzt";
B-QM-109;korrigiert;Themenpaket B-B;2;Qualitätsmanagement;mc;;"w-Texte ergänzt; abwegige Distraktoren (Steuererklärung, Finanzamt) durch plausible Verwechslungen ersetzt";
B-QM-110;korrigiert;Themenpaket B-B;2;Qualitätsmanagement;mc;;"Distraktoren ohne w-Erklärung – w-Texte ergänzt; Optionen in der Länge angeglichen (richtige Option war auffällig länger)";
B-QM-112;korrigiert;Variation zurückgeholt;2;Qualitätsmanagement;mc;;"Variation zu B-QM-124: statt derselben Zuordnung (Schulung → Fehlerverhütungskosten) nun die Einordnung interner Fehlerkosten im Werkstattfall; Nacharbeitsbeispiel des gelöschten Geschwisters B-QM-116 aufgegriffen, w ergänzt";
B-QM-113;korrigiert;Themenpaket B-B;2;Qualitätsmanagement;calc;;Industrielle Ausschussquote ohne Kraftverkehrsbezug – auf die prüfungsnahe Qualitätskennzahl Schadensquote übertragen;
B-QM-114;korrigiert;Themenpaket B-B;2;Qualitätsmanagement;calc;;Elektronik-Fertigung ohne Kraftverkehrsbezug – auf eine Logistikkennzahl (Kommissionierfehler in ppm) übertragen;
B-QM-115;korrigiert;Themenpaket B-B;2;Qualitätsmanagement;calc;;Fertigungslinie ohne Kraftverkehrsbezug – First Pass Yield auf die Werkstatt übertragen;
B-QM-117;korrigiert;Variation zurückgeholt;2;Qualitätsmanagement;calc;;"Variation: Fehlerquote in anderer Situation (Wareneingang/Lieferantenvergleich wie in den MI-Prüfungen); Ergebnis in Prozent statt als Dezimalzahl, Rundungsvorgabe ergänzt";
B-QM-119;korrigiert;Themenpaket B-B;2;Qualitätsmanagement;mc;;"Verneinungsfrage („NICHT“) – positiv formuliert; Hinweis auf DIN EN ISO 9000 als Fundstelle der Grundsätze";
B-QM-121;korrigiert;Themenpaket B-B;2;Qualitätsmanagement;mc;;"Gerade einfache Anführungszeichen ersetzt; Normverweis ohne Ausgabejahr, da seit 16.09.2026 die ISO 9001:2026 vorliegt";
B-QM-125;korrigiert;Querschnitt;2;Qualitätsmanagement;mc;;Formen des Benchmarkings und Controlling-Bezug aus der gelöschten Dublette B-CO-128 in die Erklärung übernommen;
M-KT-025;korrigiert + umsortiert;Themenpaket M-B;2;Qualitätsmanagement;mc;von Methoden · Kreativitätstechniken;Sieben Qualitätswerkzeuge (Q7) sind Thema des Qualitätsmanagements, keine Kreativitätstechnik;
M-KT-028;korrigiert + umsortiert;Themenpaket M-B;2;Qualitätsmanagement;mc;von Methoden · Kreativitätstechniken;Fehlersammelliste ist ein Q7-Werkzeug des Qualitätsmanagements, keine Kreativitätstechnik;
M-KT-038;korrigiert + umsortiert;Themenpaket M-B;2;Qualitätsmanagement;mc;von Methoden · Kreativitätstechniken;Qualitätsregelkarte (SPC) gehört zum Qualitätsmanagement, keine Kreativitätstechnik;
PX-B-004;korrigiert + umsortiert;Themenpaket B-B;2;Qualitätsmanagement;mc→open;von BWL · Betriebsorganisation;"Umsortiert zu Qualitätsmanagement; Distraktoren absurd (Kraftstoffverbrauch erhöhen, Lenkzeiten überschreiten) – als offene Prüfungsaufgabe „drei Ziele erläutern“ gefasst";
PX-B-016;korrigiert + umsortiert;Themenpaket B-B;2;Qualitätsmanagement;mc;von BWL · Betriebsorganisation;"Umsortiert zu Qualitätsmanagement; w-Texte ergänzt; Distraktor „einmalige Arbeitsanweisung für ein Projekt“ durch die prüfungsrelevante Abgrenzung zur Arbeitsanweisung ersetzt";
PX-B-030;korrigiert + umsortiert;Themenpaket B-B;2;Qualitätsmanagement;mc;von BWL · Betriebsorganisation;"Umsortiert zu Qualitätsmanagement; abwegige Distraktoren durch Verwechslungen mit anderen QM-Werkzeugen ersetzt; w-Texte ergänzt";
B-QM-601;neu;Themenpaket B-B;2;Qualitätsmanagement;open;;"Lücke: Verfahrens- und Arbeitsanweisung als offene Aufgabe (P-FT-20231120 Aufg. 2a; P-FT-20250507 Aufg. 3a; P-OK-20210518 Aufg. 5b)";
B-QM-602;neu;Themenpaket B-B;2;Qualitätsmanagement;open;;Lücke: Gliederung einer Verfahrensanweisung am Beispiel Ladungssicherung (P-FT-20250507 Aufg. 3b);
B-QM-603;neu;Themenpaket B-B;2;Qualitätsmanagement;open;;Lücke: Nutzen interner Audits als offene Aufgabe (P-OK-20230516 Aufg. 2a);
B-QM-604;neu;Themenpaket B-B;2;Qualitätsmanagement;open;;Lücke: PDCA-Zyklus als offene Aufgabe mit Anwendung auf das Werkstattlager (P-FT-20251111 Aufg. 3);
B-QM-605;neu;Themenpaket B-B;2;Qualitätsmanagement;open;;Lücke: Checkliste der Auditdokumente für Fuhrpark und Fahrpersonal (P-OK-20230516 Aufg. 2b);
B-QM-606;neu;Themenpaket B-B;2;Qualitätsmanagement;open;;Lücke: Bedeutung und Inhalte eines QM-Systems für Gefahrguttransporte (P-OK-20260507 Aufg. 4a);
B-QM-607;neu;Themenpaket B-B;2;Qualitätsmanagement;open;;Lücke: Methoden und Werkzeuge des QM mit Anwendungsbeispiel (P-OK-20260507 Aufg. 4b);
B-QM-608;neu;Themenpaket B-B;2;Qualitätsmanagement;open;;"Lücke: Maßnahmen zur Förderung des Qualitätsbewusstseins und der Mitarbeiterbeteiligung (P-OK-20260507 Aufg. 4c; P-OK-20221115 Aufg. 1)";
B-QM-609;neu;Themenpaket B-B;2;Qualitätsmanagement;calc;;Lücke: Kennzahl Termintreue mit prozentualer Abweichung von der Zielvorgabe (P-OK-20231121 Aufg. 4d);
B-QM-610;neu;Themenpaket B-B;2;Qualitätsmanagement;calc;;Lücke: Kennzahl Schadenshäufigkeit im Fuhrpark mit Soll-Ist-Abweichung (P-OK-20231121 Aufg. 4c);
B-QM-611;neu;Themenpaket B-B;2;Qualitätsmanagement;open;;"Lücke: Maßnahmen zur Erfüllung von Zielvorgaben bei Termintreue und Schadenshäufigkeit (P-OK-20231121 Aufg. 4c/4d; P-OK-20250508 Aufg. 3a)";
B-QM-612;neu;Themenpaket B-B;2;Qualitätsmanagement;open;;"Lücke: Ablauf eines systematischen Reklamations- und Beschwerdemanagements (P-OK-20260507 Aufg. 4; P-OK-20210518 Aufg. 3)";
B-RW-009;gelöscht;Themenpaket B-C;2;Rechnungswesen;mc;nicht prüfungsrelevant / überholt;nicht prüfungsrelevant: Grundsätze ordnungsmäßiger Buchführung sind Finanzbuchhaltungswissen ohne Bezug zu BQ-Rahmenplan und Prüfungen;
B-RW-010;gelöscht;Themenpaket B-C;2;Rechnungswesen;mc;nicht prüfungsrelevant / überholt;nicht prüfungsrelevant: Bilanzierungsgrundsatz (Imparitätsprinzip) ohne Prüfungsbezug;
B-RW-012;gelöscht;Themenpaket B-C;2;Rechnungswesen;mc;nicht prüfungsrelevant / überholt;nicht prüfungsrelevant: Buchführungsgrenzen des § 241a HGB sind veränderliche Schwellenwerte ohne Prüfungsbezug;
B-RW-016;gelöscht;Dubletten;2;Rechnungswesen;mc;Dublette;"Dublette: Bürgschaft als Kreditsicherheit; Distraktoren (Skontofrist, Umsatzrendite) abwegig";B-FI-108
B-RW-017;gelöscht;Querschnitt;2;Rechnungswesen;mc;Dublette;"Dublette zu B-FI-105 (MC „Skontoverzicht/Lieferantenkredit ist teuer wegen hohem effektivem Jahreszins“ zweimal); B-FI-105 ist mit konkreten Zahlungsbedingungen prüfungsnäher; Distraktor Verzugszinsen übernommen";B-FI-105
B-RW-020;gelöscht;Querschnitt;2;Rechnungswesen;mc;Dublette;"Dublette zu B-FI-113 (MC Inhalt der goldenen Finanzierungsregel/Fristenkongruenz zweimal); B-FI-113 ist als Fall (Sattelzugmaschinen, acht Jahre Nutzungsdauer) prüfungsnäher; Distraktor 1:1-Regel übernommen";B-FI-113
B-RW-027;gelöscht;Leitung;2;Rechnungswesen;mc;Dublette;Dublette zu B-CO-102 (Umsatzrentabilität: gleiche Formel, gleiche Frageweise);
B-RW-033;gelöscht;Themenpaket B-C;2;Rechnungswesen;mc;nicht prüfungsrelevant / überholt;nicht prüfungsrelevant (ROI/DuPont-System) und fachlich unscharf (ROI mit Gesamtkapitalrentabilität gleichgesetzt);
B-RW-035;gelöscht;Querschnitt;2;Rechnungswesen;mc;Dublette;"Dublette zu B-CO-120 (MC „Aufgabe des Controllings“ in gleicher Frageweise, nach Umsortierung jetzt beide in Controlling); B-CO-120 benennt die Koordinationsfunktion genauer; die guten Distraktoren (Revision, Mitarbeiterüberwachung) sind übernommen";B-CO-120
B-RW-036;gelöscht;Querschnitt;2;Rechnungswesen;mc;Dublette;"Dublette zu B-CO-121 (MC Unterschied strategisches/operatives Controlling, gleicher Wissenspunkt und gleiche Frageweise); B-CO-121 hat die plausibleren Distraktoren (Merkmale des operativen Controllings statt bloßer Vertauschungen)";B-CO-121
B-RW-037;gelöscht;Querschnitt;2;Rechnungswesen;mc;Dublette;"Dublette zu B-CO-107 (MC „Was ist ein Soll-Ist-Vergleich?“ zweimal); B-CO-107 grenzt zusätzlich Zeit- und Betriebsvergleich ab; Distraktor „Fortschreibung“ und Hinweis auf Abweichungsanalyse übernommen";B-CO-107
B-RW-038;gelöscht;Dubletten;2;Rechnungswesen;mc;Dublette;"Dublette: 4 P des Marketing-Mix; zudem falsch einsortiert (Rechnungswesen)";B-MA-101
B-RW-101;gelöscht;Themenpaket B-C;2;Rechnungswesen;mc;Dublette;Dublette zu B-RW-001 (Aufgaben des Rechnungswesens);B-RW-001
B-RW-102;gelöscht;Themenpaket B-C;2;Rechnungswesen;mc;Dublette;Dublette zu B-RW-003 (Inventur);B-RW-003
B-RW-104;gelöscht;Themenpaket B-C;2;Rechnungswesen;mc;Dublette;Dublette zu B-RW-008 (Gewinn- und Verlustrechnung);B-RW-008
B-RW-105;gelöscht;Themenpaket B-C;2;Rechnungswesen;mc;nicht prüfungsrelevant / überholt;nicht prüfungsrelevant: Kontenabschluss (Buchungstechnik) gehört nicht zum KVM-Rahmenplan;
B-RW-106;gelöscht;Themenpaket B-C;2;Rechnungswesen;mc;nicht prüfungsrelevant / überholt;nicht prüfungsrelevant: Buchungssätze (Buchungstechnik) gehören nicht zum KVM-Rahmenplan;
B-RW-107;gelöscht;Themenpaket B-C;2;Rechnungswesen;mc;Dublette;Dublette zu B-RW-924 (jährliche lineare Abschreibung eines Lkw);B-RW-924
B-RW-110;gelöscht;Themenpaket B-C;2;Rechnungswesen;mc;nicht prüfungsrelevant / überholt;"nicht prüfungsrelevant: Doppik (Buchungstechnik); richtige Option zudem durch Länge erkennbar";
B-RW-114;gelöscht;Themenpaket B-C;2;Rechnungswesen;calc;nicht prüfungsrelevant / überholt;nicht prüfungsrelevant: Wareneinsatz/Rohgewinn eines Handelsbetriebs (Handelsbuchführung);
B-RW-901;gelöscht;Themenpaket B-C;2;Rechnungswesen;calc;Dublette;"nicht prüfungsrelevant (Handelskalkulation; die KVM-Prüfung nutzt die Zuschlagskalkulation mit Gewinnzuschlag); zudem exakte Dublette zu B-RW-915";
B-RW-902;gelöscht;Themenpaket B-C;2;Rechnungswesen;calc;nicht prüfungsrelevant / überholt;nicht prüfungsrelevant: Handelsspanne gehört zur Handelskalkulation, nicht zur KVM-Prüfung;
B-RW-905;gelöscht;Themenpaket B-C;2;Rechnungswesen;calc;fachlich unbrauchbar, trivial oder nicht lösbar;trivial: Skontoabzug ist vollständig in der Bezugskalkulation B-RW-918 enthalten;B-RW-918
B-RW-910;gelöscht;Themenpaket B-C;2;Rechnungswesen;calc;fachlich unbrauchbar, trivial oder nicht lösbar;trivial: reine Prozentrechnung ohne Fachinhalt und ohne Prüfungsbezug;
B-RW-911;gelöscht;Themenpaket B-C;2;Rechnungswesen;calc;fachlich unbrauchbar, trivial oder nicht lösbar;trivial: Prozentrechnung (Grundwert aus Umsatzsteuerbetrag) ohne Prüfungsbezug;
B-RW-912;gelöscht;Themenpaket B-C;2;Rechnungswesen;calc;fachlich unbrauchbar, trivial oder nicht lösbar;trivial: reine Prozentrechnung (Anteil am Umsatz) ohne Prüfungsbezug;
B-RW-913;gelöscht;Themenpaket B-C;2;Rechnungswesen;calc;fachlich unbrauchbar, trivial oder nicht lösbar;trivial: Dreisatz ohne Prüfungsniveau;
B-RW-915;gelöscht;Themenpaket B-C;2;Rechnungswesen;calc;Dublette;"nicht prüfungsrelevant (Handelskalkulation); exakte Dublette zu B-RW-901";
B-RW-916;gelöscht;Themenpaket B-C;2;Rechnungswesen;calc;nicht prüfungsrelevant / überholt;nicht prüfungsrelevant: Handelsspanne (Handelskalkulation);
B-RW-917;gelöscht;Themenpaket B-C;2;Rechnungswesen;calc;nicht prüfungsrelevant / überholt;nicht prüfungsrelevant: Kalkulationsfaktor (Handelskalkulation);
B-RW-919;gelöscht;Themenpaket B-C;2;Rechnungswesen;calc;nicht prüfungsrelevant / überholt;nicht prüfungsrelevant: Handlungskostenzuschlag (Handelskalkulation);
B-RW-922;gelöscht;Themenpaket B-C;2;Rechnungswesen;calc;fachlich unbrauchbar, trivial oder nicht lösbar;trivial: Skontobetrag ist vollständig in der Bezugskalkulation B-RW-918 enthalten;B-RW-918
B-RW-923;gelöscht;Themenpaket B-C;2;Rechnungswesen;calc;fachlich unbrauchbar, trivial oder nicht lösbar;trivial: Rabattabzug ist vollständig in der Bezugskalkulation B-RW-918 enthalten;B-RW-918
B-RW-001;korrigiert;Themenpaket B-C;2;Rechnungswesen;mc;;Distraktoren ohne Begründung (w) – ergänzt;
B-RW-002;korrigiert;Themenpaket B-C;2;Rechnungswesen;mc;;Distraktoren ohne Begründung (w) – ergänzt;
B-RW-003;korrigiert;Themenpaket B-C;2;Rechnungswesen;mc;;Distraktoren ohne Begründung (w) – ergänzt;
B-RW-004;korrigiert;Themenpaket B-C;2;Rechnungswesen;mc;;"Distraktoren ohne Begründung (w) – ergänzt; richtige Option war durch ihre Länge erkennbar – gekürzt";
B-RW-005;korrigiert;Themenpaket B-C;2;Rechnungswesen;mc;;Distraktoren ohne Begründung (w) – ergänzt;
B-RW-006;korrigiert;Variation zurückgeholt;2;Rechnungswesen;mc;;"Spiegelfrage zu B-RW-005 (Aktivseite): Die Passivseite ist dort nur Distraktor; w ergänzt";
B-RW-007;korrigiert;Variation zurückgeholt;2;Rechnungswesen;mc;;"Variation: Abgrenzungskriterium Anlage-/Umlaufvermögen (Begriff), der Ersatz B-RW-108 fragt ein Beispiel ab; Distraktoren mit typischen Fehlvorstellungen und w";
B-RW-008;korrigiert;Themenpaket B-C;2;Rechnungswesen;mc;;Distraktoren ohne Begründung (w) – ergänzt;
B-RW-011;korrigiert;Themenpaket B-C;2;Rechnungswesen;mc;;"Distraktoren ohne Begründung (w) – ergänzt; Erklärung um Fristen der verlegten Inventur und Stichprobeninventur ergänzt";
B-RW-025;korrigiert;Themenpaket B-C;2;Rechnungswesen;mc;;Distraktoren ohne Begründung (w) – ergänzt;
B-RW-026;korrigiert;Variation zurückgeholt;2;Rechnungswesen;mc;;"Variation: Anwendung der Formel (der Ersatz B-RW-025 fragt nur die Formel ab); Distraktoren durch typische Verwechslungen (Gesamt-/Fremdkapital, EK-Quote) mit w ersetzt";
B-RW-028;korrigiert;Variation zurückgeholt;2;Rechnungswesen;mc;;"Variation: Umsatzrentabilität mit vorgeschaltetem Gewinnschritt und anderen Zahlen; Distraktoren mit typischen Fehlern und w versehen";
B-RW-029;korrigiert;Themenpaket B-C;2;Rechnungswesen;mc;;Distraktoren ohne Begründung (w) – ergänzt;
B-RW-030;korrigiert;Themenpaket B-C;2;Rechnungswesen;mc;;Distraktoren ohne Begründung (w) – ergänzt;
B-RW-031;korrigiert;Variation zurückgeholt;2;Rechnungswesen;mc;;"Variation: Gesamtkapital muss erst aus Eigen- und Fremdkapital gebildet werden (der Ersatz gibt die Bilanzsumme vor); Distraktoren mit typischen Kennzahlverwechslungen und w";
B-RW-032;korrigiert;Themenpaket B-C;2;Rechnungswesen;mc;;Distraktoren ohne Begründung (w) – ergänzt;
B-RW-034;korrigiert;Themenpaket B-C;2;Rechnungswesen;mc;;"Distraktoren ohne Begründung (w) – ergänzt; Distraktor „(Betriebsergebnis)“ war begrifflich falsch (Erträge − Aufwendungen = Jahresüberschuss); Schreibweise „Cashflow“ vereinheitlicht";
B-RW-040;korrigiert;Themenpaket B-C;2;Rechnungswesen;open;;"Musterlösung als Fließtext statt Stichpunkte; Handlungssituation ergänzt";
B-RW-103;korrigiert;Themenpaket B-C;2;Rechnungswesen;mc;;"Distraktoren ohne Begründung (w) – ergänzt; Optionslängen angeglichen";
B-RW-108;korrigiert;Themenpaket B-C;2;Rechnungswesen;mc;;Distraktoren ohne Begründung (w) – ergänzt;
B-RW-109;korrigiert;Themenpaket B-C;2;Rechnungswesen;mc;;Distraktoren ohne Begründung (w) – ergänzt;
B-RW-111;korrigiert;Themenpaket B-C;2;Rechnungswesen;calc;;"reine Addition der Aktiva; umgestellt auf prüfungsnahe Ermittlung des Eigenkapitals aus einer vereinfachten Bilanz (P-BW-20180504 Aufg. 5)";
B-RW-113;korrigiert;Variation zurückgeholt;2;Rechnungswesen;calc;;"Variation: Buchwert nach n Jahren mit eigenen Zahlen (vorher dieselben Zahlen wie B-RW-924); Rundungsvorgabe ergänzt";
B-RW-903;korrigiert;Variation zurückgeholt;2;Rechnungswesen;calc;;"Variation: Netto → Brutto in anderer Situation (Frachtrechnung mit vorgeschaltetem Rabatt); Rundungsvorgabe ergänzt";
B-RW-904;korrigiert;Variation zurückgeholt;2;Rechnungswesen;calc;;"Variation: aus dem Bruttobetrag die enthaltene Umsatzsteuer (Vorsteuer) ermitteln – andere gesuchte Größe als der Ersatz B-RW-920 (Nettobetrag); Fuhrparkbezug und Rundungsvorgabe ergänzt";
B-RW-920;korrigiert;Themenpaket B-C;2;Rechnungswesen;calc;;"Brutto-Netto-Rechnung ohne Anwendungsbezug; um den prüfungsrelevanten Grundsatz „Kosten netto bei Vorsteuerabzug“ ergänzt (vgl. P-OK-20231121 Aufg. 2b: Kraftstoffpreis brutto)";
B-RW-924;korrigiert;Themenpaket B-C;2;Rechnungswesen;calc;;Schreibweise „LKW“ auf „Lkw“ vereinheitlicht;
PX-B-233;korrigiert;Themenpaket B-C;2;Rechnungswesen;mc;;"richtige Option nannte zwei Beispiele und war dadurch auffällig länger; Distraktoren ohne w; Speditionsbezug ergänzt";
B-RF-003;gelöscht;Themenpaket B-C;2;Rechtsformen;mc;nicht prüfungsrelevant / überholt;"nicht prüfungsrelevant: reines §-Fundstellenwissen; GbR-Grundlagen (Haftung, Kapital) prüft B-RF-109";
B-RF-005;gelöscht;Themenpaket B-C;2;Rechtsformen;mc;Dublette;Dublette: Bezeichnungen und Haftung von Komplementär und Kommanditist prüfen PX-B-185 und B-RF-006;PX-B-185
B-RF-007;gelöscht;Themenpaket B-C;2;Rechtsformen;mc;Dublette;"Dublette zu PX-B-183 (Haftung in der GmbH & Co. KG); PX-B-183 deckt Komplementär-GmbH und Kommanditisten ab";PX-B-183
B-RF-023;gelöscht;Themenpaket B-C;2;Rechtsformen;mc;nicht prüfungsrelevant / überholt;nicht prüfungsrelevant: Firmenrecht (§ 17 HGB) kommt weder im Rahmenplan BQ noch in den Prüfungen vor;
B-RF-024;gelöscht;Themenpaket B-C;2;Rechtsformen;mc;nicht prüfungsrelevant / überholt;nicht prüfungsrelevant: Firmengrundsätze sind Randwissen ohne Prüfungsbezug;
B-RF-025;gelöscht;Dubletten;2;Rechtsformen;mc;Dublette;"Dublette: Umfang der Prokura; Frage nannte zudem die falsche Norm (§ 48 statt § 49 HGB). Prokura wird in der RE-Prüfung gefragt (Vertretung beim Abschluss eines Arbeitsvertrags) – behalten R-VR-135 (Vertrags- und Handelsrecht), w daraus übernommen";R-VR-135
B-RF-101;gelöscht;Themenpaket B-C;2;Rechtsformen;mc;Dublette;Dublette zu B-RF-001 (Haftung des Einzelunternehmers);B-RF-001
B-RF-102;gelöscht;Themenpaket B-C;2;Rechtsformen;mc;Dublette;Dublette zu B-RF-008 (Mindeststammkapital GmbH);B-RF-008
B-RF-103;gelöscht;Themenpaket B-C;2;Rechtsformen;mc;Dublette;Dublette zu B-RF-014 (Mindestgrundkapital AG);B-RF-014
B-RF-104;gelöscht;Themenpaket B-C;2;Rechtsformen;mc;Dublette;Dublette zu B-RF-006/PX-B-185 (Haftung von Komplementär und Kommanditist);B-RF-006
B-RF-106;gelöscht;Themenpaket B-C;2;Rechtsformen;mc;Dublette;"Dublette zu B-RF-012 (1 € Stammkapital) und B-RF-013 (Rücklagenpflicht); richtige Option zudem durch Länge erkennbar";B-RF-013
B-RF-108;gelöscht;Themenpaket B-C;2;Rechtsformen;mc;Dublette;Dublette zu B-RF-016 (Aufsichtsrat bestellt und überwacht den Vorstand);B-RF-016
PX-B-076;gelöscht;Themenpaket B-C;2;Rechtsformen;mc;Dublette;Dublette zu B-RF-014 (Mindestgrundkapital AG);B-RF-014
PX-B-078;gelöscht;Themenpaket B-C;2;Rechtsformen;mc;Dublette;Dublette zu B-RF-016 (Aufsichtsrat bestellt/überwacht Vorstand);B-RF-016
PX-B-092;gelöscht;Themenpaket B-C;2;Rechtsformen;mc;Dublette;"Dublette zu B-RF-030 (Kriterien der Rechtsformwahl); Distraktor „Anzahl der Mitarbeiter“ zudem strittig (Mitbestimmung)";B-RF-030
PX-B-093;gelöscht;Themenpaket B-C;2;Rechtsformen;mc;Dublette;Dublette zu PX-B-223 (Geschäftsführung bei OHG, KG, GmbH und AG);PX-B-223
PX-B-096;gelöscht;Themenpaket B-C;2;Rechtsformen;mc;Dublette;Dublette zu B-RF-006/PX-B-185 (Haftung in der KG);PX-B-185
PX-B-121;gelöscht;Themenpaket B-C;2;Rechtsformen;mc;Dublette;Dublette zu B-RF-015 (Organe der AG) und B-RF-016 (Aufgabe Aufsichtsrat);B-RF-015
PX-B-128;gelöscht;Themenpaket B-C;2;Rechtsformen;mc;Dublette;"Dublette zu B-RF-008/B-RF-014 (Mindestkapital GmbH/AG); Erklärung passte nicht zur Frage";B-RF-008
PX-B-146;gelöscht;Themenpaket B-C;2;Rechtsformen;mc;Dublette;"Dublette zu B-RF-004 (Haftung OHG) und PX-B-223 (Geschäftsführung); Erklärung passte nicht zur Frage";B-RF-004
PX-B-154;gelöscht;Themenpaket B-C;2;Rechtsformen;mc;Dublette;"Dublette zu B-RF-019 (Personen- vs. Kapitalgesellschaften); Aussage „mindestens eine natürliche Person haftet“ zudem falsch bei der GmbH & Co. KG";B-RF-019
PX-B-184;gelöscht;Themenpaket B-C;2;Rechtsformen;mc;Dublette;Dublette zu B-RF-012/B-RF-013 (UG: 1 € Stammkapital, Rücklagenpflicht);B-RF-013
PX-B-234;gelöscht;Themenpaket B-C;2;Rechtsformen;mc;Dublette;Dublette zu B-RF-107 (Aufbau der GmbH & Co. KG);B-RF-107
PX-B-235;gelöscht;Themenpaket B-C;2;Rechtsformen;mc;Dublette;Dublette zu B-RF-010 (Haftung der GmbH);B-RF-010
B-RF-011;korrigiert;Variation zurückgeholt;2;Rechtsformen;mc;;Variation zu PX-B-163 (GmbH mit 1.800 Arbeitnehmern): anderer Fall unterhalb der Mitbestimmungsschwelle, sodass die Organe übertragen und abgegrenzt werden müssen;
B-RF-013;korrigiert;Querschnitt;2;Rechtsformen;mc;;"Fachlich ungenau: „bis 25.000 € erreicht sind“ legt eine Obergrenze der Rücklage nahe; die Pflicht endet erst mit der Erhöhung des Stammkapitals auf 25.000 € (§ 5a Abs. 5 GmbHG). An die neue Rechenaufgabe B-RF-603 angeglichen, w-Texte mit typischen Verwechslungen (Mindesteinzahlung, AG-Grundkapital)";
B-RF-014;korrigiert;Dubletten;2;Rechtsformen;mc;;Willkürlichen Distraktor „70.000 €“ durch den lehrreicheren „1 € wie bei der UG“ aus PX-B-076 ersetzt;
B-RF-019;korrigiert;Dubletten;2;Rechtsformen;mc;;"Erklärung um die GmbH & Co. KG (aus PX-B-154; in Prüfungen häufig gefragt, im Speditionsgewerbe verbreitet) ergänzt";
B-RF-028;korrigiert;Themenpaket B-C;2;Rechtsformen;mc;;"seit 2022 Optionsmodell (§ 1a KStG): „grundsätzlich“ ergänzt, damit die Frage eindeutig bleibt; w präzisiert";
B-RF-030;korrigiert;Themenpaket B-C;2;Rechtsformen;mc;;"Distraktoren waren offensichtlich falsch (Buchführungssoftware, Sortiment); plausiblere Mischkombinationen gebildet";
B-RF-032;korrigiert;Themenpaket B-C;2;Rechtsformen;mc;;"fachlich veraltet: 4-%-Regel des § 121 HGB a. F. ist seit MoPeG (1.1.2024) abgeschafft; auf § 120 HGB i. V. m. § 709 Abs. 3 BGB umgestellt";
B-RF-033;korrigiert;Themenpaket B-C;2;Rechtsformen;open;;"Musterlösung als Fließtext statt Stichpunkte; Handlungssituation ergänzt; Rechtsgrundlage nach MoPeG (§ 126 HGB) ergänzt";
B-RF-034;korrigiert;Themenpaket B-C;2;Rechtsformen;open;;"Musterlösung als Fließtext statt Stichpunkte; Handlungssituation ergänzt";
B-RF-105;korrigiert;Themenpaket B-C;2;Rechtsformen;mc;;"Distraktoren ohne Begründung (w) – ergänzt; Rechtsgrundlage nach MoPeG (§ 124 HGB) ergänzt";
B-RF-107;korrigiert;Themenpaket B-C;2;Rechtsformen;mc;;"Distraktoren ohne Begründung (w) – ergänzt; HTML-Entity „&amp;“ in der Erklärung korrigiert";
B-RF-109;korrigiert;Themenpaket B-C;2;Rechtsformen;mc;;"Distraktoren ohne Begründung (w) – ergänzt; Rechtsgrundlage nach MoPeG (§ 721 BGB) ergänzt";
B-RF-110;korrigiert;Themenpaket B-C;2;Rechtsformen;mc;;Distraktoren ohne Begründung (w) – ergänzt;
PX-B-052;korrigiert;Themenpaket B-C;2;Rechtsformen;mc;;"richtige Option war fast doppelt so lang wie die Distraktoren (Längen-Hinweis); Distraktoren ohne w; angeglichen und begründet";
PX-B-053;korrigiert;Themenpaket B-C;2;Rechtsformen;mc→open;;"mc mit Längen-Hinweis und offensichtlich falschen Distraktoren; in prüfungsnahe offene Aufgabe umgewandelt (P-BW-20241107 Aufg. 1b/1c)";
PX-B-077;korrigiert;Themenpaket B-C;2;Rechtsformen;mc;;"Distraktoren ohne w, einer unplausibel („beide stets gleich hoch“); Stückaktie ergänzt";
PX-B-088;korrigiert + umsortiert;Themenpaket B-B;2;Rechtsformen;mc;von BWL · Betriebsorganisation;"Distraktoren ohne w-Erklärung – w-Texte ergänzt; umsortiert zu „Rechtsformen“ (Unternehmenszusammenschlüsse)";
PX-B-107;korrigiert;Themenpaket B-C;2;Rechtsformen;mc;;"richtige Option war mehr als doppelt so lang wie die Distraktoren (Längen-Hinweis); Distraktoren ohne w; angeglichen, Kartellverbot ergänzt";
PX-B-114;korrigiert;Themenpaket B-C;2;Rechtsformen;mc;;"Längen-Hinweis bei der richtigen Option; Distraktoren ohne w; prüfungsnah als Umwandlungsgrund formuliert (P-BW-20141113 Aufg. 1c)";
PX-B-136;korrigiert;Themenpaket B-C;2;Rechtsformen;mc;;"Distraktoren ohne w; „stille Beteiligung“ passte nicht in die Kategorie (Zusammenschlussrichtung)";
PX-B-163;korrigiert;Themenpaket B-C;2;Rechtsformen;mc;;"Distraktoren ohne w; plausibleren Distraktor (paritätische Mitbestimmung) statt „Geschäftsführer und Betriebsrat“ aufgenommen";
PX-B-164;korrigiert;Themenpaket B-C;2;Rechtsformen;mc;;"fachlich veraltet: „KG stimmt nach Köpfen ab“ entspricht § 119 HGB a. F.; seit MoPeG gilt Einstimmigkeit (§ 109 Abs. 3 HGB) bzw. Stimmkraft nach § 709 Abs. 3 BGB; Erklärung passte nicht zur Frage; AG-Teil in PX-B-212";
PX-B-183;korrigiert;Themenpaket B-C;2;Rechtsformen;mc;;"Längen-Hinweis bei der richtigen Option; Distraktoren ohne w (einer mit Logikfehler „beide Rechtsformen haftungsbeschränkt“); angeglichen und begründet";
PX-B-185;korrigiert;Themenpaket B-C;2;Rechtsformen;mc;;"Längen-Hinweis bei der richtigen Option; Distraktoren ohne w; Erklärung an MoPeG angepasst (§ 164 HGB: Beschluss aller Gesellschafter statt „Widerspruchsrecht“)";
PX-B-200;korrigiert + umsortiert;Themenpaket B-C;2;Rechtsformen;mc;von BWL · Volkswirtschaft;"Distraktoren ohne w und deutlich kürzer als die richtige Option; Zusammenschlüsse einheitlich unter Rechtsformen (wie PX-B-052/107/136) einsortiert (P-BW-20161104 Aufg. 1b/1c)";
PX-B-212;korrigiert;Themenpaket B-C;2;Rechtsformen;mc;;"KG-Teil veraltet („nach Köpfen“, Rechtslage vor MoPeG; KG jetzt in PX-B-164); auf prüfungsrelevantes Stimmrecht bei GmbH und AG ausgerichtet (P-BW-20200506 Aufg. 1b); w ergänzt";
PX-B-223;korrigiert;Themenpaket B-C / Zusammenführung;2;Rechtsformen;mc;;"Distraktoren ohne w und teils deutlich kürzer; angeglichen; Rechtsgrundlagen ergänzt | Rolle des Aufsichtsrats (bestellt und überwacht den Vorstand, führt aber nicht) aus der Dublettenfassung (PX-B-093) ergänzt";
PX-B-243;korrigiert;Themenpaket B-C;2;Rechtsformen;mc;;"Doppelfrage, Gewinnverteilung doppelt zu B-RF-110; auf das prüfungsrelevante Außenvertretungsrecht der GmbH fokussiert (P-BW-20171107 Aufg. 1a); Längen-Hinweis beseitigt, w ergänzt";
B-RF-601;neu;Themenpaket B-C;2;Rechtsformen;open;;Lücke: GmbH anhand der Prüfungskriterien beschreiben, bisher nur Einzel-mc (P-BW-20141113 Aufg. 1a, P-BW-20150430 Aufg. 1a, P-BW-20171107 Aufg. 1a);
B-RF-602;neu;Themenpaket B-C;2;Rechtsformen;open;;Lücke: Unterschiede UG/GmbH als offene Prüfungsaufgabe (P-BW-20150430 Aufg. 1b, P-BW-20171107 Aufg. 1b, P-BW-20170509 Aufg. 1c);
B-RF-603;neu;Themenpaket B-C;2;Rechtsformen;calc;;Lücke: gesetzliche Gewinnverwendung der UG rechnerisch angewendet (P-BW-20170509 Aufg. 1c);
B-RF-604;neu;Themenpaket B-C;2;Rechtsformen;open;;Lücke: GmbH & Co. KG als offene Aufgabe zu Aufbau, Umwandlungsgrund und Geschäftsführung (P-BW-20141113 Aufg. 1c, P-BW-20150430 Aufg. 1c, P-BW-20210506 Aufg. 1a–c);
B-RF-605;neu;Themenpaket B-C;2;Rechtsformen;open;;Lücke: Organe der AG mit Aufgaben als offene Aufgabe (P-BW-20201103 Aufg. 1c, P-BW-20240503 Aufg. 1c);
B-RF-606;neu;Themenpaket B-C;2;Rechtsformen;open;;Lücke: Rechte des Aktionärs (P-BW-20240503 Aufg. 1d);
B-RF-607;neu;Themenpaket B-C;2;Rechtsformen;open;;Lücke: Vergleich Personen-/Kapitalgesellschaften nach Geschäftsführung und Haftung als offene Aufgabe (P-BW-20151106 Aufg. 1a/1b, P-BW-20181106 Aufg. 1b);
B-RF-608;neu;Themenpaket B-C;2;Rechtsformen;open;;Lücke: Ausgestaltung der Kriterien bei der KG, inkl. Rechtslage nach MoPeG (P-BW-20160504 Aufg. 1b, P-BW-20180504 Aufg. 1b);
B-RF-609;neu;Themenpaket B-C;2;Rechtsformen;open;;Lücke: Gründe für die Aufnahme eines Gesellschafters (P-BW-20181106 Aufg. 1a);
B-RF-610;neu;Themenpaket B-C;2;Rechtsformen;open;;Lücke: Zusammenschlussrichtungen mit Gründen und Beispielen als offene Aufgabe (P-BW-20161104 Aufg. 1a, P-BW-20181106 Aufg. 2a, P-BW-20191105 Aufg. 1b, P-BW-20231109 Aufg. 1b);
B-RF-611;neu;Themenpaket B-C;2;Rechtsformen;open;;Lücke: Kartell/Konzern als offene Unterscheidungsaufgabe, um Fusion ergänzt (P-BW-20211104 Aufg. 1a);
B-RF-612;neu;Themenpaket B-C;2;Rechtsformen;open;;Lücke: Gründe für Unternehmenszusammenschlüsse (P-BW-20211104 Aufg. 1b);
B-RF-613;neu;Themenpaket B-C;2;Rechtsformen;open;;Lücke: Auswirkungen eines horizontalen Zusammenschlusses auf die Funktionsbereiche (P-BW-20191105 Aufg. 1a, P-BW-20231109 Aufg. 1a);
B-VW-006;gelöscht;Themenpaket B-C;2;Volkswirtschaft;mc;nicht prüfungsrelevant / überholt;nicht prüfungsrelevant: weder im Rahmenplan BQ BW 1.1 (Unternehmensformen, Konzentration, Globalisierung, Hauptfunktionen, Produktionsfaktoren) noch in den BW-Prüfungen 2014–2025 (Knappheit als VWL-Grundbegriff);
B-VW-007;gelöscht;Themenpaket B-C;2;Volkswirtschaft;mc;nicht prüfungsrelevant / überholt;nicht prüfungsrelevant: weder im Rahmenplan BQ BW 1.1 (Unternehmensformen, Konzentration, Globalisierung, Hauptfunktionen, Produktionsfaktoren) noch in den BW-Prüfungen 2014–2025 (Güterarten, Trivia);
B-VW-008;gelöscht;Themenpaket B-C;2;Volkswirtschaft;mc;nicht prüfungsrelevant / überholt;nicht prüfungsrelevant: weder im Rahmenplan BQ BW 1.1 (Unternehmensformen, Konzentration, Globalisierung, Hauptfunktionen, Produktionsfaktoren) noch in den BW-Prüfungen 2014–2025 (Güterarten, Trivia);
B-VW-009;gelöscht;Themenpaket B-C;2;Volkswirtschaft;mc;nicht prüfungsrelevant / überholt;nicht prüfungsrelevant: weder im Rahmenplan BQ BW 1.1 (Unternehmensformen, Konzentration, Globalisierung, Hauptfunktionen, Produktionsfaktoren) noch in den BW-Prüfungen 2014–2025 (Güterarten, Trivia);
B-VW-010;gelöscht;Themenpaket B-C;2;Volkswirtschaft;mc;nicht prüfungsrelevant / überholt;nicht prüfungsrelevant: weder im Rahmenplan BQ BW 1.1 (Unternehmensformen, Konzentration, Globalisierung, Hauptfunktionen, Produktionsfaktoren) noch in den BW-Prüfungen 2014–2025 (Bedürfnis–Bedarf–Nachfrage);
B-VW-011;gelöscht;Themenpaket B-C;2;Volkswirtschaft;mc;nicht prüfungsrelevant / überholt;nicht prüfungsrelevant: weder im Rahmenplan BQ BW 1.1 (Unternehmensformen, Konzentration, Globalisierung, Hauptfunktionen, Produktionsfaktoren) noch in den BW-Prüfungen 2014–2025 (Bedürfnisarten);
B-VW-012;gelöscht;Themenpaket B-C;2;Volkswirtschaft;mc;Dublette;"nicht prüfungsrelevant: weder im Rahmenplan BQ BW 1.1 (Unternehmensformen, Konzentration, Globalisierung, Hauptfunktionen, Produktionsfaktoren) noch in den BW-Prüfungen 2014–2025 (Marktpreisbildung); zudem Dublette zu B-VW-103/B-VW-034";
B-VW-013;gelöscht;Themenpaket B-C;2;Volkswirtschaft;mc;nicht prüfungsrelevant / überholt;nicht prüfungsrelevant: weder im Rahmenplan BQ BW 1.1 (Unternehmensformen, Konzentration, Globalisierung, Hauptfunktionen, Produktionsfaktoren) noch in den BW-Prüfungen 2014–2025 (Nachfragegesetz);
B-VW-014;gelöscht;Themenpaket B-C;2;Volkswirtschaft;mc;nicht prüfungsrelevant / überholt;nicht prüfungsrelevant: weder im Rahmenplan BQ BW 1.1 (Unternehmensformen, Konzentration, Globalisierung, Hauptfunktionen, Produktionsfaktoren) noch in den BW-Prüfungen 2014–2025 (Marktformen);
B-VW-015;gelöscht;Themenpaket B-C;2;Volkswirtschaft;mc;nicht prüfungsrelevant / überholt;nicht prüfungsrelevant: weder im Rahmenplan BQ BW 1.1 (Unternehmensformen, Konzentration, Globalisierung, Hauptfunktionen, Produktionsfaktoren) noch in den BW-Prüfungen 2014–2025 (Marktformen);
B-VW-016;gelöscht;Themenpaket B-C;2;Volkswirtschaft;mc;Dublette;"nicht prüfungsrelevant: weder im Rahmenplan BQ BW 1.1 (Unternehmensformen, Konzentration, Globalisierung, Hauptfunktionen, Produktionsfaktoren) noch in den BW-Prüfungen 2014–2025 (Konjunkturphasen); zudem Dublette zu B-VW-105";
B-VW-017;gelöscht;Themenpaket B-C;2;Volkswirtschaft;mc;nicht prüfungsrelevant / überholt;nicht prüfungsrelevant: weder im Rahmenplan BQ BW 1.1 (Unternehmensformen, Konzentration, Globalisierung, Hauptfunktionen, Produktionsfaktoren) noch in den BW-Prüfungen 2014–2025 (Konjunktur);
B-VW-018;gelöscht;Themenpaket B-C;2;Volkswirtschaft;mc;Dublette;"nicht prüfungsrelevant: weder im Rahmenplan BQ BW 1.1 (Unternehmensformen, Konzentration, Globalisierung, Hauptfunktionen, Produktionsfaktoren) noch in den BW-Prüfungen 2014–2025 (magisches Viereck); zudem Dublette zu B-VW-108/B-VW-035";
B-VW-019;gelöscht;Themenpaket B-C;2;Volkswirtschaft;mc;Dublette;"nicht prüfungsrelevant: weder im Rahmenplan BQ BW 1.1 (Unternehmensformen, Konzentration, Globalisierung, Hauptfunktionen, Produktionsfaktoren) noch in den BW-Prüfungen 2014–2025 (Inflation); zudem Dublette zu B-VW-106";
B-VW-020;gelöscht;Themenpaket B-C;2;Volkswirtschaft;mc;nicht prüfungsrelevant / überholt;nicht prüfungsrelevant: weder im Rahmenplan BQ BW 1.1 (Unternehmensformen, Konzentration, Globalisierung, Hauptfunktionen, Produktionsfaktoren) noch in den BW-Prüfungen 2014–2025 (BIP);
B-VW-021;gelöscht;Themenpaket B-C;2;Volkswirtschaft;mc;Dublette;"nicht prüfungsrelevant: weder im Rahmenplan BQ BW 1.1 (Unternehmensformen, Konzentration, Globalisierung, Hauptfunktionen, Produktionsfaktoren) noch in den BW-Prüfungen 2014–2025 (Wirtschaftskreislauf); zudem Dublette zu B-VW-107";
B-VW-022;gelöscht;Themenpaket B-C;2;Volkswirtschaft;mc;nicht prüfungsrelevant / überholt;nicht prüfungsrelevant: weder im Rahmenplan BQ BW 1.1 (Unternehmensformen, Konzentration, Globalisierung, Hauptfunktionen, Produktionsfaktoren) noch in den BW-Prüfungen 2014–2025 (Drei-Sektoren-Theorie);
B-VW-023;gelöscht;Themenpaket B-C;2;Volkswirtschaft;mc;nicht prüfungsrelevant / überholt;nicht prüfungsrelevant: weder im Rahmenplan BQ BW 1.1 (Unternehmensformen, Konzentration, Globalisierung, Hauptfunktionen, Produktionsfaktoren) noch in den BW-Prüfungen 2014–2025 (Sektorzuordnung, Trivia);
B-VW-025;gelöscht;Themenpaket B-C;2;Volkswirtschaft;mc;nicht prüfungsrelevant / überholt;"nicht prüfungsrelevant: weder im Rahmenplan BQ BW 1.1 (Unternehmensformen, Konzentration, Globalisierung, Hauptfunktionen, Produktionsfaktoren) noch in den BW-Prüfungen 2014–2025 (Wirtschaftsordnung); Wettbewerbsrecht wird über GWB/Bundeskartellamt in PX-B-200 abgedeckt";
B-VW-026;gelöscht;Themenpaket B-C;2;Volkswirtschaft;mc;nicht prüfungsrelevant / überholt;nicht prüfungsrelevant: weder im Rahmenplan BQ BW 1.1 (Unternehmensformen, Konzentration, Globalisierung, Hauptfunktionen, Produktionsfaktoren) noch in den BW-Prüfungen 2014–2025 (Kaufkraft);
B-VW-027;gelöscht;Themenpaket B-C;2;Volkswirtschaft;mc;nicht prüfungsrelevant / überholt;nicht prüfungsrelevant: weder im Rahmenplan BQ BW 1.1 (Unternehmensformen, Konzentration, Globalisierung, Hauptfunktionen, Produktionsfaktoren) noch in den BW-Prüfungen 2014–2025 (Höchstpreis/Marktintervention);
B-VW-028;gelöscht;Themenpaket B-C;2;Volkswirtschaft;mc;Dublette;"nicht prüfungsrelevant: weder im Rahmenplan BQ BW 1.1 (Unternehmensformen, Konzentration, Globalisierung, Hauptfunktionen, Produktionsfaktoren) noch in den BW-Prüfungen 2014–2025 (Preiselastizität); zudem Dublette zu B-VW-109";
B-VW-029;gelöscht;Themenpaket B-C;2;Volkswirtschaft;mc;nicht prüfungsrelevant / überholt;nicht prüfungsrelevant: weder im Rahmenplan BQ BW 1.1 (Unternehmensformen, Konzentration, Globalisierung, Hauptfunktionen, Produktionsfaktoren) noch in den BW-Prüfungen 2014–2025 (Kollektivbedürfnis);
B-VW-030;gelöscht;Themenpaket B-C;2;Volkswirtschaft;mc;nicht prüfungsrelevant / überholt;"nicht prüfungsrelevant: weder im Rahmenplan BQ BW 1.1 (Unternehmensformen, Konzentration, Globalisierung, Hauptfunktionen, Produktionsfaktoren) noch in den BW-Prüfungen 2014–2025 (Preisfunktionen); zudem Verneinungsfrage („NICHT“)";
B-VW-034;gelöscht;Themenpaket B-C;2;Volkswirtschaft;open;nicht prüfungsrelevant / überholt;nicht prüfungsrelevant: weder im Rahmenplan BQ BW 1.1 (Unternehmensformen, Konzentration, Globalisierung, Hauptfunktionen, Produktionsfaktoren) noch in den BW-Prüfungen 2014–2025 (Marktpreisbildung, offene Frage);
B-VW-035;gelöscht;Themenpaket B-C;2;Volkswirtschaft;open;nicht prüfungsrelevant / überholt;nicht prüfungsrelevant: weder im Rahmenplan BQ BW 1.1 (Unternehmensformen, Konzentration, Globalisierung, Hauptfunktionen, Produktionsfaktoren) noch in den BW-Prüfungen 2014–2025 (magisches Viereck, offene Frage);
B-VW-101;gelöscht;Themenpaket B-C;2;Volkswirtschaft;mc;Dublette;"Dublette zu B-VW-001 (klassische Produktionsfaktoren); Erklärung zudem fehlerhaft (BWL-Faktoren sind Arbeit, Betriebsmittel, Werkstoffe – nicht „Rohstoffe“)";B-VW-001
B-VW-103;gelöscht;Themenpaket B-C;2;Volkswirtschaft;mc;Dublette;"nicht prüfungsrelevant: weder im Rahmenplan BQ BW 1.1 (Unternehmensformen, Konzentration, Globalisierung, Hauptfunktionen, Produktionsfaktoren) noch in den BW-Prüfungen 2014–2025 (Gleichgewichtspreis); Dublette zu B-VW-012";
B-VW-104;gelöscht;Themenpaket B-C;2;Volkswirtschaft;mc;nicht prüfungsrelevant / überholt;nicht prüfungsrelevant: weder im Rahmenplan BQ BW 1.1 (Unternehmensformen, Konzentration, Globalisierung, Hauptfunktionen, Produktionsfaktoren) noch in den BW-Prüfungen 2014–2025 (Marktformen);
B-VW-105;gelöscht;Themenpaket B-C;2;Volkswirtschaft;mc;Dublette;"nicht prüfungsrelevant: weder im Rahmenplan BQ BW 1.1 (Unternehmensformen, Konzentration, Globalisierung, Hauptfunktionen, Produktionsfaktoren) noch in den BW-Prüfungen 2014–2025 (Konjunkturphasen); Dublette zu B-VW-016";
B-VW-106;gelöscht;Themenpaket B-C;2;Volkswirtschaft;mc;Dublette;"nicht prüfungsrelevant: weder im Rahmenplan BQ BW 1.1 (Unternehmensformen, Konzentration, Globalisierung, Hauptfunktionen, Produktionsfaktoren) noch in den BW-Prüfungen 2014–2025 (Inflation); Dublette zu B-VW-019";
B-VW-107;gelöscht;Themenpaket B-C;2;Volkswirtschaft;mc;Dublette;"nicht prüfungsrelevant: weder im Rahmenplan BQ BW 1.1 (Unternehmensformen, Konzentration, Globalisierung, Hauptfunktionen, Produktionsfaktoren) noch in den BW-Prüfungen 2014–2025 (Wirtschaftskreislauf); Dublette zu B-VW-021";
B-VW-108;gelöscht;Themenpaket B-C;2;Volkswirtschaft;mc;Dublette;"nicht prüfungsrelevant: weder im Rahmenplan BQ BW 1.1 (Unternehmensformen, Konzentration, Globalisierung, Hauptfunktionen, Produktionsfaktoren) noch in den BW-Prüfungen 2014–2025 (magisches Viereck); Dublette zu B-VW-018";
B-VW-109;gelöscht;Themenpaket B-C;2;Volkswirtschaft;mc;Dublette;"nicht prüfungsrelevant: weder im Rahmenplan BQ BW 1.1 (Unternehmensformen, Konzentration, Globalisierung, Hauptfunktionen, Produktionsfaktoren) noch in den BW-Prüfungen 2014–2025 (Preiselastizität); Dublette zu B-VW-028";
B-VW-110;gelöscht;Themenpaket B-C;2;Volkswirtschaft;calc;nicht prüfungsrelevant / überholt;nicht prüfungsrelevant: weder im Rahmenplan BQ BW 1.1 (Unternehmensformen, Konzentration, Globalisierung, Hauptfunktionen, Produktionsfaktoren) noch in den BW-Prüfungen 2014–2025 (Berechnung der Preiselastizität);
B-VW-113;gelöscht;Themenpaket B-C;2;Volkswirtschaft;calc;nicht prüfungsrelevant / überholt;nicht prüfungsrelevant: weder im Rahmenplan BQ BW 1.1 (Unternehmensformen, Konzentration, Globalisierung, Hauptfunktionen, Produktionsfaktoren) noch in den BW-Prüfungen 2014–2025 (reales BIP-Wachstum);
B-VW-114;gelöscht;Themenpaket B-C;2;Volkswirtschaft;calc;fachlich unbrauchbar, trivial oder nicht lösbar;trivial: reine Rechnung Menge × Preis ohne Fachinhalt und ohne Prüfungsbezug;
B-VW-915;gelöscht;Themenpaket B-C;2;Volkswirtschaft;calc;fachlich unbrauchbar, trivial oder nicht lösbar;"fachlich schief und trivial: km je Lenkstunde ist eine Durchschnittsgeschwindigkeit, keine sinnvolle Arbeitsproduktivität; Produktivität bereits in B-VW-901/B-VW-910";B-VW-910
B-MA-104;korrigiert + umsortiert;Themenpaket B-B;2;Volkswirtschaft;mc;von BWL · Marketing;"Ersatzschreibungen (ae/oe/ue/ss) korrigiert und w-Texte ergänzt; umsortiert: Marktformen sind Stoff der Volkswirtschaft, nicht des Marketings";
B-VW-001;korrigiert;Themenpaket B-C;2;Volkswirtschaft;mc;;"Frage sprach von „originären“ Faktoren, Kapital ist aber derivativ; w zu „Natur“ widersprach der Erklärung („Boden (Natur)“); Distraktoren geschärft";
B-VW-004;korrigiert;Variation zurückgeholt;2;Volkswirtschaft;mc;;"Spiegelfrage zu B-VW-005 (Maximalprinzip) und Begriff statt Anwendung wie im Ersatz B-VW-102; Distraktoren präzisiert, w vorhanden";
B-VW-031;korrigiert;Themenpaket B-C;2;Volkswirtschaft;mc;;"w zum Beschäftigungsgrad war falsch (Bezug auf „geplante“ Menge statt Kapazität); „Output (Ertrag)“ missverständlich, da Ertrag eine Wertgröße ist";
B-VW-032;korrigiert;Variation zurückgeholt;2;Volkswirtschaft;mc;;"Variation: Arbeitsstunden müssen erst aus Mitarbeiterzahl und Schichtdauer gebildet werden; Distraktoren durch typische Bezugsgrößenfehler mit w ersetzt";
B-VW-033;korrigiert;Themenpaket B-C;2;Volkswirtschaft;open;;"Musterlösung als Fließtext statt Stichpunkte; um Handlungssituation und Beurteilungsteil ergänzt (Transfer)";
B-VW-102;korrigiert;Themenpaket B-C;2;Volkswirtschaft;mc;;"Distraktoren ohne Begründung (w) – ergänzt; Distraktor „Ertragsgesetz“ (kein Handlungsprinzip) ersetzt";
B-VW-914;korrigiert;Themenpaket B-C;2;Volkswirtschaft;calc;;"Rechenaufgabe mit unrealistischem Wert (1,5) und identisch mit B-VW-911; umgestellt auf prüfungsnahe Abweichung zur Zielvorgabe (vgl. P-OK-20231121 Aufg. 4a)";
B-VW-601;neu;Themenpaket B-C;2;Volkswirtschaft;open;;Lücke: Globalisierung/Wettbewerbsdruck – im Katalog bisher keine Frage (P-BW-20191105 Aufg. 3, P-BW-20220505 Aufg. 1);
B-VW-602;neu;Themenpaket B-C;2;Volkswirtschaft;open;;Lücke: Rahmenplanthema „Internationalisierung und Globalisierung“ ohne Frage im Katalog (Bezug: P-BW-20191105 Aufg. 3, P-BW-20220505 Aufg. 1);
B-VW-603;neu;Themenpaket B-C;2;Volkswirtschaft;open;;"Lücke: Standortverlagerung ins Ausland bei Kostendruck (vgl. P-BW-20251106 Aufg. 1: gestiegene Energie- und Lohnkosten; P-BW-20241107 Aufg. 1: Verlagerung ins Ausland)";
B-VW-604;neu;Themenpaket B-C;2;Volkswirtschaft;mc;;"Lücke: Rahmenplanthema „Hauptfunktionen des Unternehmens“ (BQ BW 1.1) fehlte; Bezug zu P-BW-20191105 Aufg. 1a (Beschaffung, Fertigung, Absatz)";
B-VW-605;neu;Themenpaket B-C;2;Volkswirtschaft;open;;"Lücke: ökonomische Kennzahlen als zusammenhängende offene Aufgabe (Rahmenplan BQ BW 1.1; Kennzahlen mit Zielvorgaben in P-OK-20231121 Aufg. 4)";
M-AM-102;gelöscht;Themenpaket M-A;3;Arbeitsmethodik;mc;Dublette;Dublette: Bedeutung der ALPEN-Buchstaben prüft M-AM-116 vollständig.;M-AM-116
M-AM-104;gelöscht;Themenpaket M-A;3;Arbeitsmethodik;mc;Dublette;Dublette: Einordnung „wichtig, nicht dringend“ prüft PX-M-056 als Anwendungsfall.;PX-M-056
M-AM-108;gelöscht;Querschnitt;3;Arbeitsmethodik;mc;Dublette;"Fachübergreifende Dublette zu Z-FM-030: gleiche Tatsache (bei Delegation Handlungsverantwortung beim Mitarbeiter, Führungsverantwortung beim Vorgesetzten) in gleicher Frageweise; die Verantwortungsteilung gehört zur Führungslehre (Führungsmethoden), Z-FM-030 hat zudem den Distraktor zur Kontrollpflicht.";Z-FM-030
M-AM-114;gelöscht;Themenpaket M-A;3;Arbeitsmethodik;mc;Dublette;Dublette: „dringend, nicht wichtig → delegieren“ wie M-AM-103.;M-AM-103
M-AM-115;gelöscht;Themenpaket M-A;3;Arbeitsmethodik;mc;Dublette;Dublette: Pareto-Prinzip im Zeitmanagement wie M-AM-105.;M-AM-105
M-AM-117;gelöscht;Themenpaket M-A;3;Arbeitsmethodik;mc;Dublette;Dublette: 60 : 40-Regel der ALPEN-Methode wie M-AM-101.;M-AM-101
M-AM-118;gelöscht;Themenpaket M-A;3;Arbeitsmethodik;mc;Dublette;Dublette: Kennzeichen der A-Aufgaben wie M-AM-107.;M-AM-107
M-AM-119;gelöscht;Themenpaket M-A;3;Arbeitsmethodik;mc;Dublette;Dublette: „M“ der SMART-Formel wie M-AM-106.;M-AM-106
M-AM-124;gelöscht;Dubletten;3;Arbeitsmethodik;mc;Dublette;"Dublette: Phasen des PDCA-Zyklus; gehört zum Qualitätsmanagement; zudem Ersatzschreibungen";B-QM-102
M-AM-125;gelöscht;Themenpaket M-A;3;Arbeitsmethodik;mc;Dublette;"Dublette: Pareto-Prinzip wie M-AM-105; zudem Ersatzschreibungen.";M-AM-105
M-AM-127;gelöscht;Themenpaket M-A;3;Arbeitsmethodik;mc;Dublette;"Dublette: Tagesordnung für effiziente Besprechungen wie M-AM-110; zudem Ersatzschreibungen.";M-AM-110
M-AM-128;gelöscht;Themenpaket M-A;3;Arbeitsmethodik;mc;Dublette;"Dublette: Nutzung der Leistungskurve wie M-AM-111; zudem Ersatzschreibungen.";M-AM-111
M-AM-129;gelöscht;Dubletten;3;Arbeitsmethodik;mc;Dublette;"Dublette: AKV-Prinzip; zudem Ersatzschreibungen (ue/oe)";Z-FM-007
M-AM-131;gelöscht;Themenpaket M-A;3;Arbeitsmethodik;mc;Dublette;Dublette: Behandlung von A-Aufgaben nach Eisenhower wie M-AM-113.;M-AM-113
M-AM-132;gelöscht;Themenpaket M-A;3;Arbeitsmethodik;mc;Dublette;Dublette: Kennzeichen der A-Aufgaben wie M-AM-107.;M-AM-107
M-AM-133;gelöscht;Themenpaket M-A;3;Arbeitsmethodik;mc;Dublette;Dublette: Pareto-Prinzip wie M-AM-105.;M-AM-105
M-AM-134;gelöscht;Themenpaket M-A;3;Arbeitsmethodik;mc;Dublette;Dublette: Buchstaben der ALPEN-Methode prüft M-AM-116 vollständig.;M-AM-116
M-AM-135;gelöscht;Themenpaket M-A;3;Arbeitsmethodik;mc;Dublette;Dublette: „M“ der SMART-Formel wie M-AM-106 (hier mit unplausiblen Distraktoren).;M-AM-106
M-AM-136;gelöscht;Themenpaket M-A;3;Arbeitsmethodik;mc;Dublette;Dublette: AKV-Prinzip wie M-AM-129 (hier mit unplausiblen Distraktoren).;M-AM-129
PX-M-003;gelöscht;Themenpaket M-A;3;Arbeitsmethodik;mc;Dublette;Dublette: PDCA-Phasen wie M-AM-124.;M-AM-124
PX-M-062;gelöscht;Dubletten;3;Arbeitsmethodik;mc;Dublette;"Dublette: Ablauf der Nutzwertanalyse; paarweiser Vergleich in die Erklärung von M-KT-016 übernommen";M-KT-016
PX-M-123;gelöscht;Themenpaket M-A;3;Arbeitsmethodik;mc;Dublette;Dublette: Schlussfolgerung aus der ABC-Analyse wie PX-M-051.;PX-M-051
PX-M-133;gelöscht;Themenpaket M-A;3;Arbeitsmethodik;calc;fachlich unbrauchbar, trivial oder nicht lösbar;"Einzelrechnung mit Prüfungszahlen; die ABC-Analyse ist in PX-M-050 vollständig abgedeckt.";PX-M-050
B-CO-141;korrigiert + umsortiert;Themenpaket B-A;3;Arbeitsmethodik;calc;von BWL · Controlling;"Falsch einsortiert: Nutzwertanalyse ist eine Entscheidungstechnik (Methoden, Arbeitsmethodik), kein Controlling; Ersatzschreibungen korrigiert";
B-OR-111;korrigiert + umsortiert;Themenpaket B-B;3;Arbeitsmethodik;calc;von BWL · Betriebsorganisation;"Ersatzschreibungen korrigiert; umsortiert: Die Nutzwertanalyse ist eine Planungs-/Entscheidungstechnik (Methoden, Arbeitsmethodik)";
M-AM-101;korrigiert;Themenpaket M-A;3;Arbeitsmethodik;mc;;"w fehlte; Anführungszeichen vereinheitlicht.";
M-AM-103;korrigiert;Themenpaket M-A;3;Arbeitsmethodik;mc;;w fehlte.;
M-AM-105;korrigiert;Themenpaket M-A;3;Arbeitsmethodik;mc;;w fehlte.;
M-AM-106;korrigiert;Themenpaket M-A;3;Arbeitsmethodik;mc;;"w fehlte; Anführungszeichen vereinheitlicht, SMART vollständig erklärt.";
M-AM-107;korrigiert;Themenpaket M-A;3;Arbeitsmethodik;mc;;w fehlte.;
M-AM-109;korrigiert;Themenpaket M-A;3;Arbeitsmethodik;mc;;w fehlte.;
M-AM-110;korrigiert;Themenpaket M-A;3;Arbeitsmethodik;mc;;w fehlte.;
M-AM-111;korrigiert;Themenpaket M-A;3;Arbeitsmethodik;mc;;"w fehlte; Lage des Leistungshochs aus M-AM-121 ergänzt.";
M-AM-112;korrigiert;Themenpaket M-A;3;Arbeitsmethodik;mc;;"w fehlte; Anführungszeichen vereinheitlicht.";
M-AM-113;korrigiert;Themenpaket M-A;3;Arbeitsmethodik;mc;;"w fehlte; Großschreibung „UND“ entfernt.";
M-AM-116;korrigiert;Themenpaket M-A / Zusammenführung;3;Arbeitsmethodik;mc;;w fehlte. | Faustregel 60 : 40 erläutert und Delegation als Teil der Entscheidungen ergänzt (Dublettenfassung, aus M-AM-102);
M-AM-120;korrigiert;Themenpaket M-A;3;Arbeitsmethodik;mc;;"w fehlte; Anführungszeichen vereinheitlicht.";
M-AM-121;korrigiert;Variation zurückgeholt;3;Arbeitsmethodik;mc;;"Anderer Teilaspekt: Die Lage des Leistungshochs wird im Ersatz M-AM-111 nur vorausgesetzt, nicht abgefragt; w ergänzt";
M-AM-122;korrigiert;Themenpaket M-A;3;Arbeitsmethodik;mc;;"w fehlte; Ersatzschreibung korrigiert.";
M-AM-123;korrigiert;Themenpaket M-A;3;Arbeitsmethodik;mc;;Ersatzschreibungen, w fehlte.;
M-AM-126;korrigiert;Themenpaket M-A;3;Arbeitsmethodik;mc;;Ersatzschreibungen, w fehlte.;
M-AM-130;korrigiert;Themenpaket M-A;3;Arbeitsmethodik;mc;;w fehlte.;
M-AM-137;korrigiert;Variation zurückgeholt;3;Arbeitsmethodik;mc;;"Begriff statt Anwendung: Der Ersatz M-AM-112 fragt die wirksamste Methode gegen Störungen ab; hier Abgrenzung zu Ruhepause, Pufferzeit und Sprechzeit, Distraktoren mit w";
M-KT-011;korrigiert + umsortiert;Themenpaket M-B;3;Arbeitsmethodik;mc;von Methoden · Kreativitätstechniken;"Fachfehler: Zwei Distraktoren („20 % der Wirkung gehen auf 80 % der Ursachen zurück“, „80 % der Ursachen erzeugen nur 20 % der Wirkung“) sind logisch gleichbedeutend mit der richtigen Aussage – drei richtige Antworten. Neu als eindeutige Anwendungsfrage; Analyse-/Entscheidungsmethode, keine Kreativitätstechnik → Arbeitsmethodik (wie ABC-, Nutzwertanalyse und Flussdiagramm in M-A)";
M-KT-012;korrigiert + umsortiert;Themenpaket M-B;3;Arbeitsmethodik;mc;von Methoden · Kreativitätstechniken;Pareto-Diagramm: Analyse-/Entscheidungsmethode, keine Kreativitätstechnik → Arbeitsmethodik (wie ABC-, Nutzwertanalyse und Flussdiagramm in M-A);
M-KT-014;korrigiert + umsortiert;Themenpaket M-B;3;Arbeitsmethodik;mc;von Methoden · Kreativitätstechniken;ABC-Analyse (Wertanteil): Analyse-/Entscheidungsmethode, keine Kreativitätstechnik → Arbeitsmethodik (wie ABC-, Nutzwertanalyse und Flussdiagramm in M-A);
M-KT-015;korrigiert + umsortiert;Themenpaket M-B;3;Arbeitsmethodik;mc;von Methoden · Kreativitätstechniken;Nutzwertanalyse: Analyse-/Entscheidungsmethode, keine Kreativitätstechnik → Arbeitsmethodik (wie ABC-, Nutzwertanalyse und Flussdiagramm in M-A);
M-KT-016;korrigiert + umsortiert;Themenpaket M-B / Zusammenführung;3;Arbeitsmethodik;mc;von Methoden · Kreativitätstechniken;Nutzwertanalyse (Ablauf): Analyse-/Entscheidungsmethode, keine Kreativitätstechnik → Arbeitsmethodik (wie ABC-, Nutzwertanalyse und Flussdiagramm in M-A) | Paarweiser Vergleich zur Ermittlung der Gewichte aus der Dublettenfassung (PX-M-062) ergänzt – in MI-Prüfungen gefragt;
M-KT-017;korrigiert + umsortiert;Themenpaket M-B / Querschnitt;3;Arbeitsmethodik;mc;von Methoden · Kreativitätstechniken;"Nutzwertanalyse (Rechnung 7,6 geprüft): Analyse-/Entscheidungsmethode, keine Kreativitätstechnik → Arbeitsmethodik (wie ABC-, Nutzwertanalyse und Flussdiagramm in M-A) | Die w-Texte erklärten die Distraktoren nicht („rechnerisch falsch“); jetzt als typische Denkfehler erläutert (ungewichteter Durchschnitt, vertauschte Gewichte)";
M-KT-019;korrigiert + umsortiert;Themenpaket M-B;3;Arbeitsmethodik;mc;von Methoden · Kreativitätstechniken;SWOT-Analyse: Analyse-/Entscheidungsmethode, keine Kreativitätstechnik → Arbeitsmethodik (wie ABC-, Nutzwertanalyse und Flussdiagramm in M-A);
M-KT-021;korrigiert + umsortiert;Themenpaket M-B;3;Arbeitsmethodik;mc;von Methoden · Kreativitätstechniken;"In der IHK-Prüfung dient der paarweise Vergleich der Ermittlung der Gewichtungsfaktoren für die Nutzwertanalyse (MI 2016, 2020, 2023); Frage, richtige Option und Erklärung präzisiert; Analyse-/Entscheidungsmethode, keine Kreativitätstechnik → Arbeitsmethodik (wie ABC-, Nutzwertanalyse und Flussdiagramm in M-A)";
M-KT-024;korrigiert + umsortiert;Themenpaket M-B;3;Arbeitsmethodik;mc;von Methoden · Kreativitätstechniken;Entscheidungsprozess: Analyse-/Entscheidungsmethode, keine Kreativitätstechnik → Arbeitsmethodik (wie ABC-, Nutzwertanalyse und Flussdiagramm in M-A);
M-KT-027;korrigiert + umsortiert;Themenpaket M-B;3;Arbeitsmethodik;mc;von Methoden · Kreativitätstechniken;Flussdiagramm: Analyse-/Entscheidungsmethode, keine Kreativitätstechnik → Arbeitsmethodik (wie ABC-, Nutzwertanalyse und Flussdiagramm in M-A);
M-KT-033;korrigiert + umsortiert;Themenpaket M-B;3;Arbeitsmethodik;open;von Methoden · Kreativitätstechniken;"Rechnung geprüft (beide 7,3); Fließtext → Stichpunkte mit Punkten, Sie-Form statt „Eine Führungskraft“; Analyse-/Entscheidungsmethode, keine Kreativitätstechnik → Arbeitsmethodik (wie ABC-, Nutzwertanalyse und Flussdiagramm in M-A)";
M-KT-040;korrigiert + umsortiert;Themenpaket M-B;3;Arbeitsmethodik;open;von Methoden · Kreativitätstechniken;"Fließtext ohne Situation und Punkte; jetzt Handlungssituation, Operator mit Anzahl und Stichpunkte; Analyse-/Entscheidungsmethode, keine Kreativitätstechnik → Arbeitsmethodik (wie ABC-, Nutzwertanalyse und Flussdiagramm in M-A)";
PX-M-004;korrigiert;Themenpaket M-A;3;Arbeitsmethodik;mc;;"w fehlte; Anführungszeichen vereinheitlicht.";
PX-M-013;korrigiert;Themenpaket M-A / Optionslängen;3;Arbeitsmethodik;mc;;w fehlte. | Zusatz „mit zwei beschrifteten Ausgängen“ aus der richtigen Option in die Erklärung;
PX-M-014;korrigiert;Themenpaket M-A;3;Arbeitsmethodik;mc→open;;"Richtige Option mehrteilig und viel länger als die Distraktoren, w fehlte; als offene Frage prüfungsnäher (MI 11/2024, 2b/2c).";
PX-M-043;korrigiert;Themenpaket M-A / Optionslängen;3;Arbeitsmethodik;mc;;w fehlte. | Zweiten Nutzen (keine voreiligen Schuldzuweisungen) aus der richtigen Option in die Erklärung;
PX-M-044;korrigiert;Themenpaket M-A;3;Arbeitsmethodik;mc→open;;"Doppelt zu M-AM-123 (Kategorien), Distraktoren konstruiert; als Anwendungsaufgabe mit Kraftverkehrsbezug umformuliert (MI 11/2019, 2a; 11/2022, 2b).";
PX-M-050;korrigiert + umsortiert;Themenpaket M-A;3;Arbeitsmethodik;calc→open;von Methoden · Statistik;"Zahlen/Kontext aus der Originalprüfung übernommen; reine Einzelrechnung (Artikel J); zur vollständigen, übertragbaren ABC-Analyse mit Fuhrparkbezug erweitert und zu Arbeitsmethodik (Analysemethoden) umsortiert.";
PX-M-051;korrigiert;Themenpaket M-A;3;Arbeitsmethodik;mc;;w fehlte.;
PX-M-056;korrigiert;Themenpaket M-A;3;Arbeitsmethodik;mc;;"w fehlte; Situation auf Kraftverkehr übertragen.";
PX-M-057;korrigiert;Themenpaket M-A;3;Arbeitsmethodik;mc→open;;"Richtige Option mehrteilig, Distraktoren schwach, w fehlte; als offene Frage prüfungsnah (MI 05/2021, 2d).";
PX-M-061;korrigiert + umsortiert;Themenpaket M-A;3;Arbeitsmethodik;mc→open;von Methoden · EDV;"Distraktoren mit „ausschließlich“ (Hinweis im Wortlaut), w fehlte; als offene Frage prüfungsnah (MI 11/2020, 1a/1b) und zu Arbeitsmethodik (Stücklisten, wie PX-M-113) umsortiert.";
PX-M-078;korrigiert;Themenpaket M-A / Optionslängen;3;Arbeitsmethodik;mc;;"w fehlte. | Richtige Option gestrafft; „automatisch“ beim Distraktor entfernt";
PX-M-083;korrigiert;Themenpaket M-A;3;Arbeitsmethodik;mc→open;;"Richtige Option mehrteilig, Distraktoren absurd (Betriebsratsmitglieder), w fehlte; als offene Frage mit Kraftverkehrsbezug (MI 11/2018, 2c).";
PX-M-111;korrigiert;Themenpaket M-A;3;Arbeitsmethodik;mc;;"w fehlte, richtige Option länger als die Distraktoren; alle Optionen mit denselben fünf Schritten, Erklärung passte nicht zur Frage.";
PX-M-134;korrigiert;Themenpaket M-A;3;Arbeitsmethodik;mc;;Richtige Option als Aufzählung, Distraktoren mit „Nur“ bzw. unplausibel, w fehlte.;
PX-Z-068;korrigiert + umsortiert;Themenpaket Z-A;3;Arbeitsmethodik;mc;von Zusammenarbeit · Führungsmethoden;"fehlende Begründungen (w) für alle Distraktoren ergänzt; umsortiert nach Methoden/Arbeitsmethodik (Zeitmanagement)";
M-AM-601;neu;Themenpaket M-A;3;Arbeitsmethodik;open;;Lücke: grafische Einordnung nach Wichtigkeit und Dringlichkeit (P-MI-20210505 Aufg. 2a);
M-AM-602;neu;Themenpaket M-A;3;Arbeitsmethodik;open;;Lücke: praktische Maßnahmen zur Optimierung der Arbeitszeit (P-MI-20210505 Aufg. 2c);
M-AM-603;neu;Themenpaket M-A;3;Arbeitsmethodik;open;;Lücke: Erstellen eines Flussdiagramms aus einer Ablaufbeschreibung (P-MI-20241106 Aufg. 2a);
M-AM-604;neu;Themenpaket M-A;3;Arbeitsmethodik;open;;Lücke: Vorteile und Schwächen des Ursache-Wirkungs-Diagramms (P-MI-20170508 Aufg. 2b/2c);
M-AM-605;neu;Themenpaket M-A;3;Arbeitsmethodik;open;;Lücke: Ablauf einer ABC-Analyse in Schritten (P-MI-20220504 Aufg. 2a);
M-AM-607;neu;Themenpaket M-A;3;Arbeitsmethodik;calc;;Lücke: Nutzwertanalyse mit Entscheidung zwischen Alternativen (P-MI-20161103 Aufg. 4a);
M-AM-608;neu;Themenpaket M-B;3;Arbeitsmethodik;calc;;"Lücke: paarweiser Vergleich zur Ermittlung der Gewichtung rechnen (P-MI-20160503 Aufg. 2, P-MI-20201102 Aufg. 2a, P-MI-20230503 Aufg. 2b); im Paket nur eine Definitionsfrage (M-KT-021)";
M-DV-001;gelöscht;Themenpaket M-A;3;EDV;mc;nicht prüfungsrelevant / überholt;nicht prüfungsrelevant: EVA-Prinzip ist allgemeines IT-Grundwissen, wird in den MI-Prüfungen nicht gefragt.;
M-DV-002;gelöscht;Themenpaket M-A;3;EDV;mc;nicht prüfungsrelevant / überholt;"nicht prüfungsrelevant: Hardware-Grundwissen (Eingabegeräte); Datenerfassungsgeräte deckt die neue offene Frage zur manuellen/automatischen Datenerfassung ab.";
M-DV-003;gelöscht;Themenpaket M-A;3;EDV;mc;nicht prüfungsrelevant / überholt;nicht prüfungsrelevant: Hardware-Komponente (CPU), Produkt-/Technikwissen ohne Prüfungsbezug.;
M-DV-004;gelöscht;Themenpaket M-A;3;EDV;mc;nicht prüfungsrelevant / überholt;nicht prüfungsrelevant: Hardware-Komponente (RAM), Produkt-/Technikwissen ohne Prüfungsbezug.;
M-DV-005;gelöscht;Themenpaket M-A;3;EDV;mc;nicht prüfungsrelevant / überholt;nicht prüfungsrelevant: Speichertechnik (flüchtig/nicht flüchtig) ohne Prüfungsbezug.;
M-DV-007;gelöscht;Themenpaket M-A;3;EDV;mc;Dublette;Dublette/Randwissen: Aufgabe des Betriebssystems ist in M-DV-006 (System- vs. Anwendungssoftware) enthalten.;M-DV-006
M-DV-009;gelöscht;Themenpaket M-A;3;EDV;mc;nicht prüfungsrelevant / überholt;nicht prüfungsrelevant: Bedien-Trivia (Formel beginnt mit „=“), Produktwissen ohne Prüfungsbezug.;
M-DV-011;gelöscht;Themenpaket M-A;3;EDV;mc;nicht prüfungsrelevant / überholt;"nicht prüfungsrelevant: Funktionsname (MITTELWERT) ist Produkt-Trivia; Datenaufbereitung mit Tabellenkalkulation deckt M-DV-008 prüfungsnah ab.";M-DV-008
M-DV-016;gelöscht;Themenpaket M-A;3;EDV;mc;nicht prüfungsrelevant / überholt;nicht prüfungsrelevant: Abkürzungswissen (LAN) ohne Prüfungsbezug.;
M-DV-023;gelöscht;Themenpaket M-A;3;EDV;mc;Dublette;"Dublette: Schutzziel Integrität; PX-M-030 prüft denselben Punkt als Anwendungsfall, M-DV-042 die Definitionen.";PX-M-030
M-DV-029;gelöscht;Themenpaket M-A;3;EDV;mc;nicht prüfungsrelevant / überholt;"nicht prüfungsrelevant: Browser-Wissen (https/Schloss-Symbol); Verschlüsselung ist durch M-DV-028 abgedeckt.";M-DV-028
M-DV-101;gelöscht;Themenpaket M-A;3;EDV;mc;nicht prüfungsrelevant / überholt;"nicht prüfungsrelevant: Datums-Trivia (Geltung der DSGVO seit 25.05.2018); zudem Ersatzschreibungen.";
M-DV-104;gelöscht;Themenpaket M-A;3;EDV;mc;Dublette;"Dublette: Schutzziel Integrität (PX-M-030); zudem Ersatzschreibungen.";PX-M-030
M-DV-105;gelöscht;Themenpaket M-A;3;EDV;mc;Dublette;"Dublette: gleicher Fragetext wie M-DV-025 (3-2-1-Regel); zudem Ersatzschreibungen.";M-DV-025
M-DV-106;gelöscht;Themenpaket M-A;3;EDV;mc;Dublette;"Dublette: gleicher Fragetext wie M-DV-035 (Phishing); zudem Ersatzschreibungen.";M-DV-035
M-DV-107;gelöscht;Themenpaket M-A;3;EDV;mc;Dublette;"Dublette: Zwei-Faktor-Authentifizierung wie M-DV-031; zudem Ersatzschreibungen.";M-DV-031
M-DV-110;gelöscht;Themenpaket M-A;3;EDV;mc;Dublette;Dublette: Client-Server-Modell wie M-DV-017.;M-DV-017
M-DV-112;gelöscht;Themenpaket M-A;3;EDV;mc;nicht prüfungsrelevant / überholt;nicht prüfungsrelevant: Spezialbegriff (Robotic Process Automation) ohne Bezug zu Rahmenplan und Prüfungen.;
M-DV-114;gelöscht;Themenpaket M-A;3;EDV;mc;nicht prüfungsrelevant / überholt;Randwissen: Die Datenschutz-Folgenabschätzung ist Aufgabe von Verantwortlichem und Datenschutzbeauftragtem, in den Prüfungen nicht gefragt.;
M-DV-910;gelöscht;Themenpaket M-A;3;EDV;calc;nicht prüfungsrelevant / überholt;nicht prüfungsrelevant: Umrechnung von Speichereinheiten/Übertragungszeiten ist IT-Technikwissen ohne Bezug zu den MI-Prüfungen.;
M-DV-911;gelöscht;Themenpaket M-A;3;EDV;calc;nicht prüfungsrelevant / überholt;nicht prüfungsrelevant: Umrechnung von Speichereinheiten/Übertragungszeiten ist IT-Technikwissen ohne Bezug zu den MI-Prüfungen.;
M-DV-912;gelöscht;Themenpaket M-A;3;EDV;calc;nicht prüfungsrelevant / überholt;nicht prüfungsrelevant: Umrechnung von Speichereinheiten/Übertragungszeiten ist IT-Technikwissen ohne Bezug zu den MI-Prüfungen.;
M-DV-913;gelöscht;Themenpaket M-A;3;EDV;calc;nicht prüfungsrelevant / überholt;nicht prüfungsrelevant: Umrechnung von Speichereinheiten/Übertragungszeiten ist IT-Technikwissen ohne Bezug zu den MI-Prüfungen.;
M-DV-914;gelöscht;Themenpaket M-A;3;EDV;calc;nicht prüfungsrelevant / überholt;nicht prüfungsrelevant: Umrechnung von Speichereinheiten/Übertragungszeiten ist IT-Technikwissen ohne Bezug zu den MI-Prüfungen.;
M-DV-915;gelöscht;Themenpaket M-A;3;EDV;calc;nicht prüfungsrelevant / überholt;nicht prüfungsrelevant: Umrechnung von Speichereinheiten/Übertragungszeiten ist IT-Technikwissen ohne Bezug zu den MI-Prüfungen.;
PX-M-001;gelöscht;Themenpaket M-A;3;EDV;mc;nicht prüfungsrelevant / überholt;nicht prüfungsrelevant: Netzwerktechnik-Detail (Kabelart und Dämpfung) ohne Bezug zu den MI-Prüfungen.;
PX-M-048;gelöscht;Themenpaket M-A;3;EDV;mc;Dublette;Dublette: automatische Datenerfassung per RFID wie PX-M-093 (dort mit trennschärferen Distraktoren).;PX-M-093
PX-M-055;gelöscht;Themenpaket M-A;3;EDV;mc;Dublette;"Dublette: VPN zur Absicherung einer Fernverbindung wie PX-M-002; Distraktoren absurd.";PX-M-002
PX-M-094;gelöscht;Themenpaket M-A;3;EDV;mc;Dublette;"Dublette: Anforderungen an ein Backup wie M-DV-043 (offen) und M-DV-026; Distraktoren absurd.";M-DV-043
PX-M-099;gelöscht;Themenpaket M-A;3;EDV;mc;Dublette;Dublette: drei Schutzziele der Datensicherheit wie M-DV-022.;M-DV-022
PX-M-115;gelöscht;Themenpaket M-A;3;EDV;mc;Dublette;Dublette: Generationenprinzip wie M-DV-116.;M-DV-116
PX-M-122;gelöscht;Themenpaket M-A;3;EDV;mc;Dublette;Dublette: Auswahlkriterien für IT-Dienstleister/Wartungsvertrag wie PX-M-047.;PX-M-047
PX-M-137;gelöscht;Querschnitt;3;EDV;mc;Dublette;"Dublette zu M-PM-008: dieselbe MC (Unterschied Lastenheft/Pflichtenheft, gleiche richtige Antwort, gleicher Vertauschungs-Distraktor), nur mit Zusatz „Individualsoftware“; M-PM-008 steht bei den übrigen Lastenheftfragen in Projektmanagement (M-PM-116 wurde bereits zugunsten von M-PM-008 gelöscht)";M-PM-008
M-DV-006;korrigiert;Themenpaket M-A;3;EDV;mc;;w fehlte.;
M-DV-008;korrigiert;Themenpaket M-A;3;EDV;mc→open;;"MC war trivial (Hinweis im Wortlaut), w fehlte; zur prüfungsnahen offenen Frage umformuliert (MI 05/2020, 1b).";
M-DV-010;korrigiert;Themenpaket M-A;3;EDV;mc;;"w fehlte; Erklärung um Praxisbeispiel (Prozentanteile) ergänzt.";
M-DV-012;korrigiert;Themenpaket M-A;3;EDV;mc;;"w fehlte; Praxisbeispiel ergänzt.";
M-DV-013;korrigiert;Themenpaket M-A;3;EDV;mc;;w fehlte.;
M-DV-014;korrigiert;Themenpaket M-A;3;EDV;mc;;Distraktoren unplausibel (Internet, Spaltenbreite), w fehlte.;
M-DV-015;korrigiert;Themenpaket M-A;3;EDV;mc;;w fehlte.;
M-DV-017;korrigiert;Themenpaket M-A;3;EDV;mc;;w fehlte.;
M-DV-018;korrigiert;Themenpaket M-A;3;EDV;mc;;w fehlte.;
M-DV-019;korrigiert;Themenpaket M-A;3;EDV;mc;;w fehlte.;
M-DV-020;korrigiert;Themenpaket M-A;3;EDV;mc;;"w fehlte; Auftragsverarbeitung ergänzt.";
M-DV-021;korrigiert;Themenpaket M-A;3;EDV;mc;;w fehlte.;
M-DV-022;korrigiert;Themenpaket M-A / Zusammenführung;3;EDV;mc;;w fehlte. | Maßnahmen zur Umsetzung der Schutzziele aus der Dublettenfassung (PX-M-099) ergänzt – in Prüfungen gefragt;
M-DV-024;korrigiert;Themenpaket M-A;3;EDV;mc;;w fehlte.;
M-DV-025;korrigiert;Themenpaket M-A;3;EDV;mc;;"w fehlte; Ransomware-Hinweis ergänzt.";
M-DV-026;korrigiert;Themenpaket M-A;3;EDV;mc;;w fehlte.;
M-DV-027;korrigiert;Themenpaket M-A;3;EDV;mc;;"w fehlte; differenzielle Sicherung ergänzt.";
M-DV-028;korrigiert;Themenpaket M-A;3;EDV;mc;;w fehlte.;
M-DV-030;korrigiert;Themenpaket M-A;3;EDV;mc;;"Distraktoren offensichtlich falsch, w fehlte; an aktuelle BSI-Empfehlungen angepasst.";
M-DV-031;korrigiert;Themenpaket M-A / Zusammenführung;3;EDV;mc;;"w fehlte; Erklärung aus M-DV-107 ergänzt. | Typischen Irrtum „zwei Passwörter“ aus der Dublettenfassung als Distraktor mit w übernommen (ersetzt den schwächeren Verschlüsselungs-Distraktor); richtige Option auf „verschiedener Art“ geschärft; Faktorkategorien und Nutzen in der Erklärung";
M-DV-032;korrigiert;Themenpaket M-A;3;EDV;mc;;w fehlte.;
M-DV-033;korrigiert;Themenpaket M-A;3;EDV;mc;;w fehlte.;
M-DV-034;korrigiert;Themenpaket M-A;3;EDV;mc;;w fehlte.;
M-DV-035;korrigiert;Themenpaket M-A / Zusammenführung;3;EDV;mc;;w fehlte. | Einordnung als Social Engineering und Zwei-Faktor-Authentifizierung als Schutz aus der Dublettenfassung ergänzt;
M-DV-036;korrigiert;Themenpaket M-A;3;EDV;mc;;w fehlte.;
M-DV-037;korrigiert;Themenpaket M-A;3;EDV;mc;;w fehlte.;
M-DV-038;korrigiert;Themenpaket M-A;3;EDV;mc;;w fehlte.;
M-DV-039;korrigiert;Themenpaket M-A;3;EDV;mc;;w fehlte.;
M-DV-040;korrigiert;Themenpaket M-A;3;EDV;mc→open;;"Distraktoren absurd (Farbe des Firmenlogos), w fehlte; als offene Frage mit Handlungssituation prüfungsnäher.";
M-DV-041;korrigiert;Themenpaket M-A;3;EDV;open;;"Musterlösung als Fließtext; Stichpunkte und Handlungssituation.";
M-DV-042;korrigiert;Themenpaket M-A;3;EDV;open;;"Musterlösung als Fließtext; Operator und Handlungssituation wie Prüfung 05/2024, 1a.";
M-DV-043;korrigiert;Themenpaket M-A;3;EDV;open;;"Musterlösung als Fließtext; Stichpunkte und Operator wie Prüfung 11/2017, 1b.";
M-DV-044;korrigiert;Themenpaket M-A;3;EDV;open;;"Operator „mindestens fünf“ nicht IHK-konform, Musterlösung als Fließtext; auf je drei Maßnahmen in Stichpunkten umgestellt.";
M-DV-045;korrigiert;Themenpaket M-A;3;EDV;mc;;w fehlte.;
M-DV-102;korrigiert;Themenpaket M-A;3;EDV;mc;;"Verneinungsfrage („NICHT“) und Ersatzschreibungen; positiv formuliert, w ergänzt.";
M-DV-103;korrigiert;Themenpaket M-A;3;EDV;mc→open;;"Ersatzschreibungen; MC-Zuordnung technisch/organisatorisch doppelt zu PX-M-077 – zur prüfungsnahen offenen Frage erweitert (MI 05/2019, 1b/1c).";
M-DV-108;korrigiert;Themenpaket M-A;3;EDV;mc;;Ersatzschreibungen, w fehlte.;
M-DV-109;korrigiert;Variation zurückgeholt;3;EDV;mc;;"Variation: Begriff und Abgrenzung des VPN (zu Firewall, Lastverteilung, Leitungsbündelung); PX-M-002 fragt nur, welche Technik im Anwendungsfall passt, eine Begriffsfrage fehlt sonst. Geschwister PX-M-055 (zweiter Anwendungsfall wie PX-M-002) bleibt gelöscht. w ergänzt.";
M-DV-111;korrigiert;Themenpaket M-A;3;EDV;mc;;"w fehlte; Datenschutzhinweis ergänzt.";
M-DV-115;korrigiert;Themenpaket M-A;3;EDV;mc;;"w fehlte; Rechtsbezug präzisiert (die Ausrichtung ist Empfehlung, die ArbStättV fordert Blendfreiheit).";
M-DV-116;korrigiert;Themenpaket M-A / Optionslängen;3;EDV;mc;;"w fehlte; Optionen gekürzt. | Beispielklammer aus der richtigen Option gestrichen (steht in der Erklärung); Absolutwörter (nur, jede, jemals, sofort) bei Distraktoren entfernt";
M-ST-026;korrigiert + umsortiert;Themenpaket M-A;3;EDV;mc;von Methoden · Statistik;"w fehlte; Datenerfassung gehört zu EDV/Informationssystemen – umsortiert.";
M-ST-027;korrigiert + umsortiert;Themenpaket M-A;3;EDV;mc;von Methoden · Statistik;"w fehlte; nach EDV umsortiert, Optionen präzisiert.";
M-ST-028;korrigiert + umsortiert;Themenpaket M-A;3;EDV;mc;von Methoden · Statistik;"w fehlte; nach EDV umsortiert.";
PX-M-002;korrigiert;Themenpaket M-A;3;EDV;mc;;w fehlte.;
PX-M-010;korrigiert;Themenpaket M-A;3;EDV;mc;;"w fehlte; richtige Option gekürzt (war deutlich länger als die Distraktoren).";
PX-M-011;korrigiert;Themenpaket M-A;3;EDV;mc;;w fehlte.;
PX-M-012;korrigiert;Themenpaket M-A;3;EDV;mc→open;;"MC mit unplausiblen Distraktoren ohne w; zur prüfungsnahen offenen Frage umgestellt (M-DV-032 deckt das Prinzip als MC ab).";
PX-M-030;korrigiert;Themenpaket M-A;3;EDV;mc;;"w fehlte; Kraftverkehrsbezug ergänzt.";
PX-M-031;korrigiert;Themenpaket M-A;3;EDV;mc;;Optionen ungleich lang und gebaut, w fehlte.;
PX-M-036;korrigiert;Themenpaket M-A;3;EDV;mc;;w fehlte.;
PX-M-037;korrigiert;Themenpaket M-A;3;EDV;mc;;Distraktoren absurd (viele Bildschirme, Verzicht auf Passwörter), w fehlte.;
PX-M-040;korrigiert;Themenpaket M-A;3;EDV;mc→open;;"Industriekontext, schwache Distraktoren ohne w; als übertragbare offene Frage mit Fuhrparkbezug (MI 11/2022, 1a).";
PX-M-041;korrigiert;Themenpaket M-A / Optionslängen;3;EDV;mc;;w fehlte. | Richtige Option auf den Kern gekürzt (Richtlinien in der Erklärung);
PX-M-042;korrigiert;Themenpaket M-A / Optionslängen;3;EDV;mc;;w fehlte. | Richtige Option gestrafft (wichtigste Systeme, mehrstufige Sicherung in der Erklärung);
PX-M-045;korrigiert;Themenpaket M-A / Optionslängen;3;EDV;mc;;"w fehlte; Distraktor mit Kraftverkehrsbezug. | Erläuterung der ERP-Software aus der richtigen Option in die Erklärung; Optionen gleich gebaut";
PX-M-046;korrigiert;Themenpaket M-A;3;EDV;mc→open;;"Distraktoren absurd (Einstellung neuer Mitarbeiter), w fehlte; als offene Frage prüfungsnah (MI 05/2022, 1b).";
PX-M-047;korrigiert;Themenpaket M-A;3;EDV;mc;;Richtige Option mehrteilig, Distraktoren teils unplausibel, w fehlte.;
PX-M-065;korrigiert;Themenpaket M-A;3;EDV;mc;;w fehlte.;
PX-M-071;korrigiert;Themenpaket M-A;3;EDV;mc;;"Distraktoren absurd (Aushang, Verzicht auf Datensicherung), w fehlte; Distraktoren als Verwechslung der Schutzziele.";
PX-M-077;korrigiert;Themenpaket M-A / Optionslängen;3;EDV;mc;;"w fehlte; Formulierung („organisatorisch, nicht technisch“) vereinfacht. | Richtige Option gestrafft";
PX-M-082;korrigiert;Themenpaket M-A / Optionslängen;3;EDV;mc;;w fehlte. | Dritten Vorteil (Volltextsuche) aus der richtigen Option in die Erklärung;
PX-M-087;korrigiert;Themenpaket M-A;3;EDV;mc→open;;"Distraktoren absurd, w fehlte; als offene Begründungsaufgabe prüfungsnah (MI 05/2018, 1b).";
PX-M-093;korrigiert;Themenpaket M-A;3;EDV;mc;;w fehlte.;
PX-M-109;korrigiert;Themenpaket M-A;3;EDV;mc→open;;"Distraktoren absurd, w fehlte; als offene Frage prüfungsnah (MI 11/2016, 2b).";
PX-M-116;korrigiert;Themenpaket M-A;3;EDV;mc→open;;"Richtige Option mehrteilig, Distraktoren schwach, w fehlte; Normbegriffe auf DIN EN ISO 9241-110:2020 gebracht, als offene Frage (MI 05/2016, 1c).";
PX-M-132;korrigiert;Themenpaket M-A;3;EDV;mc;;Richtige Option mehrteilig und viel länger als die Distraktoren, w fehlte.;
M-DV-601;neu;Themenpaket M-A;3;EDV;open;;Lücke: Maßnahmen zur Gewährleistung der Datenverfügbarkeit als offene Aufgabe (P-MI-20171106 Aufg. 1c);
M-DV-602;neu;Themenpaket M-A;3;EDV;open;;Lücke: Pflichten der Führungskraft beim Umgang mit Mitarbeiterdaten (P-MI-20190507 Aufg. 1d);
M-DV-603;neu;Themenpaket M-A;3;EDV;open;;Lücke: manuelle und automatische Datenerfassung mit Geräten (P-MI-20171106 Aufg. 1a);
M-DV-604;neu;Themenpaket M-A;3;EDV;open;;Lücke: Arten der Standard-Anwendungssoftware mit Einsatzbeispiel (P-MI-20220504 Aufg. 1a);
M-DV-605;neu;Themenpaket M-A;3;EDV;open;;Lücke: Risiken fehlender Software-Aktualisierung (P-MI-20151105 Aufg. 1c);
M-DV-606;neu;Themenpaket M-A;3;EDV;open;;Lücke: IT-sicherheitsrelevante Aufgaben der IT-Administration (P-MI-20240502 Aufg. 1c);
M-DV-607;neu;Themenpaket M-A;3;EDV;open;;Lücke: Vorteile der Vernetzung in der Lieferkette (P-MI-20161103 Aufg. 2a);
M-DV-608;neu;Themenpaket M-A;3;EDV;mc;;Lücke: technische Lösungen zur Datensicherung und ihre Grenzen (P-MI-20160503 Aufg. 1b);
M-DV-609;neu;Themenpaket M-A;3;EDV;mc;;Lücke: Standard- oder Individualsoftware als Auswahlentscheidung (P-MI-20141112 Aufg. 3b);
M-DV-610;neu;Themenpaket M-A;3;EDV;open;;Lücke: Voraussetzungen für die Bereitstellung von Unterlagen im Intranet (P-MI-20181105 Aufg. 1a);
M-DV-611;neu;Themenpaket M-A;3;EDV;open;;Lücke: Risiken im Datensicherheitskonzept (P-MI-20170508 Aufg. 1b);
M-IK-003;gelöscht;Themenpaket M-B;3;Kommunikation;mc;Dublette;Dublette: vier Seiten einer Nachricht – M-IK-102 fragt dasselbe mit trennschärferen Distraktoren;M-IK-102
M-IK-005;gelöscht;Themenpaket M-B;3;Kommunikation;mc;Dublette;"Dublette: erstes Watzlawick-Axiom; M-IK-103 fragt dasselbe verständnisorientiert (Schlussfolgerung statt Wortlaut)";M-IK-103
M-IK-010;gelöscht;Themenpaket M-B;3;Kommunikation;mc;Dublette;Dublette: aktives Zuhören – M-IK-105 fragt dasselbe mit plausibleren Distraktoren;M-IK-105
M-IK-011;gelöscht;Dubletten;3;Kommunikation;mc;Dublette;"Dublette: Wirkung von Ich-Botschaften im Konfliktgespräch; Z-KK-020 (Konflikte) mit den präziseren Distraktoren";Z-KK-020
M-IK-023;gelöscht;Themenpaket M-B;3;Kommunikation;mc;Dublette;Dublette: Wahl zwischen E-Mail und Gespräch ist bereits Kern von M-IK-022 (Erklärung nennt die E-Mail-Kriterien);M-IK-022
M-IK-025;gelöscht;Themenpaket M-B;3;Kommunikation;mc;Dublette;"Dublette: Ursache von Kommunikationsstörungen wie M-IK-101; hier zudem Distraktoren, die nur Erfolgsfaktoren aufzählen";M-IK-101
M-IK-109;gelöscht;Themenpaket M-B;3;Kommunikation;mc;Dublette;Dublette: Ich- vs. Du-Botschaften – nahezu wortgleich mit M-IK-011;M-IK-011
M-IK-110;gelöscht;Themenpaket M-B;3;Kommunikation;mc;Dublette;Dublette und falsch einsortiert: Präsentationsempfehlungen (wenig Text, Visualisierung, Blickkontakt) wie M-PR-009;M-PR-009
PX-M-104;gelöscht;Themenpaket M-B;3;Kommunikation;mc;Dublette;Dublette: offene vs. geschlossene Fragen wie M-IK-107;M-IK-107
PX-M-105;gelöscht;Themenpaket M-B;3;Kommunikation;mc;Dublette;Dublette: Regeln für konstruktives Feedback wie M-IK-106;M-IK-106
M-IK-001;korrigiert;Themenpaket M-B;3;Kommunikation;mc;;Distraktoren ohne Begründung (w) – ergänzt;
M-IK-002;korrigiert;Themenpaket M-B;3;Kommunikation;mc;;Distraktoren ohne Begründung (w) – ergänzt;
M-IK-004;korrigiert;Themenpaket M-B;3;Kommunikation;mc;;Distraktoren ohne Begründung (w) – ergänzt;
M-IK-006;korrigiert;Themenpaket M-B;3;Kommunikation;mc;;Distraktoren ohne Begründung (w) – ergänzt;
M-IK-007;korrigiert;Themenpaket M-B;3;Kommunikation;mc;;Distraktoren ohne Begründung (w) – ergänzt;
M-IK-008;korrigiert;Themenpaket M-B;3;Kommunikation;mc;;Distraktoren ohne Begründung (w) – ergänzt;
M-IK-009;korrigiert;Themenpaket M-B;3;Kommunikation;mc;;Distraktoren ohne Begründung (w) – ergänzt;
M-IK-012;korrigiert;Themenpaket M-B;3;Kommunikation;mc;;Distraktoren ohne Begründung (w) – ergänzt;
M-IK-013;korrigiert;Themenpaket M-B;3;Kommunikation;mc;;Distraktoren ohne Begründung (w) – ergänzt;
M-IK-014;korrigiert;Themenpaket M-B;3;Kommunikation;mc;;Distraktoren ohne Begründung (w) – ergänzt;
M-IK-015;korrigiert;Themenpaket M-B;3;Kommunikation;mc;;Distraktoren ohne Begründung (w) – ergänzt;
M-IK-016;korrigiert;Themenpaket M-B;3;Kommunikation;mc;;Distraktoren ohne Begründung (w) – ergänzt;
M-IK-017;korrigiert;Themenpaket M-B;3;Kommunikation;mc;;Distraktoren ohne Begründung (w) – ergänzt;
M-IK-018;korrigiert;Themenpaket M-B;3;Kommunikation;mc;;Distraktoren ohne Begründung (w) – ergänzt;
M-IK-019;korrigiert;Themenpaket M-B;3;Kommunikation;mc;;Distraktoren ohne Begründung (w) – ergänzt;
M-IK-020;korrigiert;Themenpaket M-B;3;Kommunikation;mc;;Distraktoren ohne Begründung (w) – ergänzt;
M-IK-021;korrigiert;Themenpaket M-B;3;Kommunikation;mc;;Distraktoren ohne Begründung (w) – ergänzt;
M-IK-022;korrigiert;Themenpaket M-B;3;Kommunikation;mc;;Distraktoren ohne Begründung (w) – ergänzt;
M-IK-024;korrigiert;Themenpaket M-B;3;Kommunikation;mc;;Distraktoren ohne Begründung (w) – ergänzt;
M-IK-026;korrigiert;Themenpaket M-B;3;Kommunikation;mc;;Distraktoren ohne Begründung (w) – ergänzt;
M-IK-027;korrigiert;Themenpaket M-B;3;Kommunikation;mc;;Distraktoren ohne Begründung (w) – ergänzt;
M-IK-028;korrigiert;Themenpaket M-B;3;Kommunikation;mc;;Distraktoren ohne Begründung (w) – ergänzt;
M-IK-029;korrigiert;Themenpaket M-B;3;Kommunikation;mc;;Distraktoren ohne Begründung (w) – ergänzt;
M-IK-030;korrigiert;Themenpaket M-B;3;Kommunikation;mc;;Distraktoren ohne Begründung (w) – ergänzt;
M-IK-031;korrigiert;Themenpaket M-B;3;Kommunikation;open;;"Fließtext ohne Situation und Punkte; jetzt Handlungssituation aus der Disposition mit Operatoren, Punkten und Stichpunkten";
M-IK-032;korrigiert;Themenpaket M-B;3;Kommunikation;open;;"Fließtext ohne Punktebezug; jetzt Situation aus dem Fuhrpark, Operator mit Punkten und Stichpunkt-Lösung";
M-IK-033;korrigiert;Themenpaket M-B;3;Kommunikation;open;;"Fließtext ohne Situation und Punkte; jetzt Handlungssituation mit Operator, Anzahl und Punkten, Stichpunkt-Lösung";
M-IK-034;korrigiert;Themenpaket M-B;3;Kommunikation;mc;;Distraktoren ohne Begründung (w) – ergänzt;
M-IK-035;korrigiert;Themenpaket M-B;3;Kommunikation;mc;;Distraktoren ohne Begründung (w) – ergänzt;
M-IK-101;korrigiert;Themenpaket M-B;3;Kommunikation;mc;;"Distraktoren ohne Begründung (w) – ergänzt; Optionslängen angeglichen (richtige Option war deutlich länger als die Distraktoren)";
M-IK-102;korrigiert;Themenpaket M-B;3;Kommunikation;mc;;Distraktoren ohne Begründung (w) – ergänzt;
M-IK-103;korrigiert;Themenpaket M-B;3;Kommunikation;mc;;"Distraktoren ohne Begründung (w) – ergänzt; deutsche Anführungszeichen und Gedankenstrich";
M-IK-104;korrigiert;Themenpaket M-B;3;Kommunikation;mc;;Distraktoren ohne Begründung (w) – ergänzt;
M-IK-105;korrigiert;Themenpaket M-B;3;Kommunikation;mc;;Distraktoren ohne Begründung (w) – ergänzt;
M-IK-106;korrigiert;Themenpaket M-B;3;Kommunikation;mc;;Distraktoren ohne Begründung (w) – ergänzt;
M-IK-107;korrigiert;Themenpaket M-B;3;Kommunikation;mc;;"Distraktoren ohne Begründung (w) – ergänzt; deutsche Anführungszeichen";
M-IK-108;korrigiert;Themenpaket M-B;3;Kommunikation;mc;;"Distraktoren ohne Begründung (w) – ergänzt; richtige Option war deutlich länger als die Distraktoren (Hinweis im Wortlaut), gekürzt; deutsche Anführungszeichen";
M-PR-025;korrigiert + umsortiert;Variation zurückgeholt;3;Kommunikation;mc;von Methoden · Präsentation;"Variation: offene Frage im Gesprächsfall erkennen (Beispiel erkennen, Abgrenzung zu geschlossener, Suggestiv- und Alternativfrage); M-IK-107 fragt nur den Unterschied offen/geschlossen. Wie der Ersatz nach Kommunikation umsortiert. Geschwister PX-M-104 (Einsatz beider Fragearten, schon durch M-IK-603 abgedeckt) bleibt gelöscht.";
PX-M-025;korrigiert;Themenpaket M-B;3;Kommunikation;mc;;"Distraktoren ohne Begründung (w) – ergänzt; richtige Option war als lange Aufzählung deutlich länger als die Distraktoren, gekürzt; Optionslängen angeglichen (richtige Option war deutlich länger als die Distraktoren)";
PX-M-026;korrigiert;Themenpaket M-B;3;Kommunikation;mc;;"Distraktoren ohne Begründung (w) – ergänzt; Rechtsgrundlage präzisiert: Dokumentationspflicht ergibt sich aus DGUV Vorschrift 1 § 4, nicht aus § 12 ArbSchG; Optionslängen angeglichen (richtige Option war deutlich länger als die Distraktoren)";
PX-M-054;korrigiert;Themenpaket M-B;3;Kommunikation;mc;;Distraktoren ohne Begründung (w) – ergänzt;
PX-M-070;korrigiert;Themenpaket M-B;3;Kommunikation;mc;;"Distraktoren ohne Begründung (w) – ergänzt; Optionslängen angeglichen (richtige Option war deutlich länger als die Distraktoren)";
PX-M-075;korrigiert;Themenpaket M-B;3;Kommunikation;mc;;"Distraktoren absurd (Zahl der Drucker, Gerätepreis) und ohne w; durch plausible Fehlkriterien ersetzt";
PX-M-081;korrigiert;Themenpaket M-B;3;Kommunikation;mc;;Distraktoren ohne Begründung (w) – ergänzt;
PX-M-086;korrigiert;Themenpaket M-B;3;Kommunikation;mc;;Distraktoren ohne Begründung (w) – ergänzt;
PX-M-092;korrigiert;Themenpaket M-B;3;Kommunikation;mc;;"Distraktoren ohne Begründung (w) – ergänzt; Optionslängen angeglichen (richtige Option war deutlich länger als die Distraktoren)";
PX-M-098;korrigiert;Themenpaket M-B;3;Kommunikation;mc;;"Distraktoren ohne Begründung (w) – ergänzt; Optionslängen angeglichen (richtige Option war deutlich länger als die Distraktoren)";
PX-M-121;korrigiert;Themenpaket M-B;3;Kommunikation;mc;;"Distraktoren ohne Begründung (w) – ergänzt; Optionslängen angeglichen (richtige Option war deutlich länger als die Distraktoren)";
PX-M-127;korrigiert;Themenpaket M-B;3;Kommunikation;mc;;"Distraktoren ohne Begründung (w) – ergänzt; absurden Distraktor (Plattform abschalten) ersetzt; Optionslängen angeglichen (richtige Option war deutlich länger als die Distraktoren)";
PX-M-128;korrigiert;Themenpaket M-B;3;Kommunikation;mc;;"Distraktoren ohne Begründung (w) – ergänzt; Optionslängen angeglichen (richtige Option war deutlich länger als die Distraktoren)";
PX-M-141;korrigiert;Themenpaket M-B;3;Kommunikation;mc;;"Distraktoren ohne Begründung (w) – ergänzt; richtige Option leicht gekürzt; Optionslängen angeglichen (richtige Option war deutlich länger als die Distraktoren)";
PX-M-142;korrigiert;Themenpaket M-B;3;Kommunikation;mc;;"Distraktoren ohne Begründung (w) – ergänzt; Optionslängen angeglichen (richtige Option war deutlich länger als die Distraktoren)";
M-IK-601;neu;Themenpaket M-B;3;Kommunikation;open;;"Lücke: Kommunikation bei der Schichtübergabe als offene Aufgabe mit Kraftverkehrsbezug (P-MI-20150429 Aufg. 1a–c); bisher nur MC PX-M-128";
M-IK-602;neu;Themenpaket M-B;3;Kommunikation;open;;Lücke: Feedback-Möglichkeiten der Mitarbeiter gegenüber Vorgesetzten (P-MI-20170508 Aufg. 6a, P-MI-20190507 Aufg. 6c, P-MI-20220504 Aufg. 6c);
M-IK-603;neu;Themenpaket M-B;3;Kommunikation;open;;"Lücke: Einsatz offener und geschlossener Fragen, Arten geschlossener Fragen (P-MI-20170508 Aufg. 6b, P-MI-20220504 Aufg. 6a/b); bisher nur MC-Definitionen";
M-IK-604;neu;Themenpaket M-B;3;Kommunikation;open;;Lücke: organisatorische Maßnahmen für den Informationsfluss und IT-Lösungen (P-MI-20221103 Aufg. 6a/b, P-MI-20181105 Aufg. 6b);
M-IK-605;neu;Themenpaket M-B;3;Kommunikation;open;;"Lücke: Informations- und Kommunikationsmittel mit Vor- und Nachteilen auswählen (P-MI-20191104 Aufg. 6b); bisher nur MC zu Auswahlkriterien";
M-IK-606;neu;Themenpaket M-B;3;Kommunikation;open;;Lücke: strukturierter, lösungsorientierter Gesprächsablauf in Phasen (P-OK-20210518 Aufg. 3b);
M-IK-607;neu;Themenpaket M-B;3;Kommunikation;open;;Lücke: Vorbereitung eines Mitarbeitergesprächs und typische Gesprächsfehler (P-MI-20240502 Aufg. 6a/b);
M-IK-608;neu;Themenpaket M-B;3;Kommunikation;open;;Lücke: Einsatz von Multiplikatoren organisieren (P-MI-20201102 Aufg. 6a/b);
M-IK-609;neu;Themenpaket M-B;3;Kommunikation;open;;Lücke: Vorteile der Einbeziehung der Mitarbeiter in den Informations- und Kommunikationsfluss (P-OK-20230516 Aufg. 5a);
M-IK-610;neu;Themenpaket M-B;3;Kommunikation;open;;"Lücke: Möglichkeiten der Kommunikation von Unternehmenszielen (P-MI-20180503 Aufg. 6b); bisher nur MC zu den Gründen (PX-M-092)";
M-KT-010;gelöscht;Themenpaket M-B;3;Kreativitätstechniken;mc;Dublette;"Dublette: Ishikawa-Kategorien; PX-M-101 fragt dasselbe mit trennschärferen Distraktoren (hier wird zudem „Management“ als falsch gewertet, obwohl die IHK es als Kategorie vorgibt, MI Nov. 2022)";PX-M-101
M-KT-013;gelöscht;Querschnitt;3;Kreativitätstechniken;mc;Dublette;"Dublette zu B-MW-003 (MC „Nach welchem Kriterium klassifiziert die ABC-Analyse?“ → wertmäßiger Anteil); B-MW-003 hat die plausibleren Distraktoren (XYZ, Zugriffshäufigkeit, Beschaffungsrisiko statt zeitlicher Reihenfolge/räumlicher Lagerung); die ABC-Begriffe liegen damit gebündelt in Materialwirtschaft (vgl. QS-2: B-CO-126 → B-MW-107), die Anwendung der Methode bleibt in Arbeitsmethodik (M-KT-014, PX-M-050, M-AM-605, PX-M-134)";B-MW-003
M-KT-018;gelöscht;Themenpaket M-B;3;Kreativitätstechniken;mc;Dublette;Dublette/trivial: „höchster Nutzwert gewinnt“ steht bereits in M-KT-015 und M-KT-017;M-KT-017
M-KT-020;gelöscht;Themenpaket M-B;3;Kreativitätstechniken;mc;Dublette;Dublette: interne Faktoren der SWOT sind bereits Inhalt der richtigen Antwort von M-KT-019;M-KT-019
M-KT-022;gelöscht;Themenpaket M-B;3;Kreativitätstechniken;mc;nicht prüfungsrelevant / überholt;nicht prüfungsrelevant: Entscheidungsbaum kommt in keiner MI-/OK-Prüfung vor (Randwissen);
M-KT-023;gelöscht;Themenpaket M-B;3;Kreativitätstechniken;mc;nicht prüfungsrelevant / überholt;nicht prüfungsrelevant: Kraftfeldanalyse nach Lewin kommt in keiner Originalprüfung vor (Randwissen);
M-KT-026;gelöscht;Themenpaket M-B;3;Kreativitätstechniken;mc;Dublette;Dublette: Nutzen der Trennung von Ideenfindung und Bewertung = gleicher Wissenspunkt wie M-KT-008;M-KT-008
M-KT-030;gelöscht;Querschnitt;3;Kreativitätstechniken;mc;Dublette;"Dublette zu B-MW-107 (MC „A-Güter: hoher Wert-, geringer Mengenanteil, intensive Disposition“ in gleicher Frageweise); B-MW-107 hat den XYZ-Distraktor und wurde in QS-2 bereits um die Folgen für die Disposition ergänzt";B-MW-107
M-KT-035;gelöscht;Themenpaket M-B;3;Kreativitätstechniken;mc;Dublette;Dublette: Kombination je einer Ausprägung pro Parameter ist bereits in M-KT-005 abgefragt und erklärt;M-KT-005
M-KT-037;gelöscht;Themenpaket M-B;3;Kreativitätstechniken;mc;Dublette;Dublette: Vorteil der Visualisierung – gleicher Wissenspunkt wie M-PR-010;M-PR-010
M-KT-101;gelöscht;Themenpaket M-B;3;Kreativitätstechniken;mc;Dublette;Dublette: Kritikverbot beim Brainstorming wie M-KT-001;M-KT-001
M-KT-102;gelöscht;Themenpaket M-B;3;Kreativitätstechniken;mc;Dublette;Dublette: 108 Ideen bei der Methode 6-3-5 wie M-KT-004;M-KT-004
M-KT-103;gelöscht;Themenpaket M-B;3;Kreativitätstechniken;mc;Dublette;Dublette: Aufbau einer Mindmap wie M-KT-006;M-KT-006
M-KT-107;gelöscht;Themenpaket M-B;3;Kreativitätstechniken;mc;Dublette;Dublette: Synektik (Analogiebildung, Verfremdung) wie M-KT-007;M-KT-007
M-KT-031;korrigiert;Themenpaket M-B;3;Kreativitätstechniken;open;;"Frage und Fließtext-Lösung überschnitten sich mit M-KT-001/002/008; jetzt prüfungsnah wie MI Mai 2018 Aufg. 2c (Ablauf in fünf Schritten) mit Kraftverkehrsbezug und Stichpunkt-Lösung";
M-KT-032;korrigiert;Themenpaket M-B;3;Kreativitätstechniken;open;;"Allgemeines „Erläutern“ mit Fließtext; jetzt prüfungsnah wie MI Nov. 2019 Aufg. 2a und Nov. 2022 Aufg. 2b (Kategorien mit je zwei Ursachen) mit Fuhrparkbezug";
M-KT-104;korrigiert;Variation zurückgeholt;3;Kreativitätstechniken;mc;;"Variation: Vorgehen des morphologischen Kastens im Anwendungsfall und Abgrenzung zu Reizwortmethode, Bionik und Walt-Disney-Methode; M-KT-005 fragt den Begriff. Geschwister M-KT-035 (derselbe Punkt: Kombination je Parameter) bleibt gelöscht. Fall und w ergänzt.";
M-KT-105;korrigiert;Themenpaket M-B;3;Kreativitätstechniken;mc;;Distraktoren ohne Begründung (w) – ergänzt;
M-KT-106;korrigiert;Themenpaket M-B;3;Kreativitätstechniken;mc;;Distraktoren ohne Begründung (w) – ergänzt;
M-KT-108;korrigiert;Themenpaket M-B;3;Kreativitätstechniken;mc;;Distraktoren ohne Begründung (w) – ergänzt;
PX-M-034;korrigiert;Variation zurückgeholt;3;Kreativitätstechniken;mc;;"Variation: Mindmap im Anwendungsfall als passende Methode auswählen und von Brainstorming, Ishikawa-Diagramm und morphologischem Kasten abgrenzen; M-KT-006 fragt nur den Zweck. Geschwister M-KT-103 (Aufbau, gleicher Punkt wie M-KT-006) bleibt gelöscht. Fall statt Umkehrfrage, Netzplan/ABC-Analyse durch plausiblere Distraktoren ersetzt, w ergänzt.";
PX-M-038;korrigiert;Themenpaket M-B;3;Kreativitätstechniken;mc;;"Distraktoren ohne Begründung (w) – ergänzt; Optionslängen angeglichen (richtige Option war deutlich länger als die Distraktoren)";
PX-M-072;korrigiert;Themenpaket M-B;3;Kreativitätstechniken;mc;;"Distraktoren ohne Begründung (w) – ergänzt; Optionslängen angeglichen (richtige Option war deutlich länger als die Distraktoren)";
PX-M-088;korrigiert;Variation zurückgeholt;3;Kreativitätstechniken;mc;;"Variation: Abgrenzung der Ideenfindung von Analyse-, Bewertungs- und Planungsmethoden (vgl. MI Mai 2018 Aufg. 2a „neben dem Brainstorming vier weitere Methoden der Ideenfindung“); M-KT-003 fragt nur den Ablauf der Methode 6-3-5. Richtige Option gekürzt (verriet sich durch Länge und Beschreibung), Fall und w ergänzt.";
PX-M-101;korrigiert;Themenpaket M-B;3;Kreativitätstechniken;mc;;"Distraktoren ohne Begründung (w) – ergänzt; Erklärung um die Kategorie Management ergänzt (IHK-Vorgabe MI Nov. 2022); Optionslängen angeglichen (richtige Option war deutlich länger als die Distraktoren)";
M-KT-601;neu;Themenpaket M-B;3;Kreativitätstechniken;open;;"Lücke: Methoden der Ideenfindung beschreiben und Auswahlkriterien (P-MI-20180503 Aufg. 2a/b, P-MI-20221103 Aufg. 2c, P-MI-20240502 Aufg. 2c); bisher nur MC zu Einzelmethoden";
M-KT-602;neu;Themenpaket M-B;3;Kreativitätstechniken;open;;"Lücke: Ablauf einer schriftlichen Ideenfindung in fünf Schritten (P-MI-20230503 Aufg. 2a); bisher nur MC zum ersten Schritt (PX-M-038)";
M-PM-009;gelöscht;Themenpaket M-B;3;Projektmanagement;mc;Dublette;Dublette: „Wer erstellt das Pflichtenheft?“ ist vollständig in M-PM-008 (Lasten- vs. Pflichtenheft) enthalten;M-PM-008
M-PM-019;gelöscht;Themenpaket M-B;3;Projektmanagement;mc;Dublette;Dublette: kritische Vorgänge ohne Puffer/Endterminwirkung – gleicher Wissenspunkt wie M-PM-018;M-PM-018
M-PM-101;gelöscht;Themenpaket M-B;3;Projektmanagement;mc;Dublette;Dublette: Reihenfolge der Projektphasen wie M-PM-004;M-PM-004
M-PM-102;gelöscht;Themenpaket M-B;3;Projektmanagement;mc;Dublette;Dublette: SMART-Kriterien – M-PM-036 fragt das ganze Akronym ab;M-PM-036
M-PM-103;gelöscht;Themenpaket M-B;3;Projektmanagement;mc;Dublette;Dublette: Definition kritischer Pfad wie M-PM-018;M-PM-018
M-PM-104;gelöscht;Themenpaket M-B;3;Projektmanagement;mc;Dublette;Dublette: Formel Gesamtpuffer wie M-PM-017 (Erklärung verweist zudem auf „Antwort 2“, obwohl die App die Optionen mischt);M-PM-017
M-PM-105;gelöscht;Themenpaket M-B;3;Projektmanagement;mc;Dublette;Dublette: Gantt-/Balkenplan wie M-PM-011;M-PM-011
M-PM-106;gelöscht;Themenpaket M-B;3;Projektmanagement;mc;Dublette;Dublette: Meilenstein wie M-PM-010;M-PM-010
M-PM-107;gelöscht;Themenpaket M-B;3;Projektmanagement;mc;Dublette;Dublette: Arbeitspaket als kleinste PSP-Einheit wie M-PM-007;M-PM-007
M-PM-108;gelöscht;Themenpaket M-B;3;Projektmanagement;mc;Dublette;"Dublette: Risikobewertung Wahrscheinlichkeit × Ausmaß wie M-PM-114; hier zudem falscher Begriff „Risikoprioritätszahl“ (FMEA-Kennzahl aus drei Faktoren)";M-PM-114
M-PM-110;gelöscht;Themenpaket M-B;3;Projektmanagement;mc;Dublette;Dublette: Stakeholder-Analyse wie M-PM-044;M-PM-044
M-PM-111;gelöscht;Themenpaket M-B;3;Projektmanagement;mc;nicht prüfungsrelevant / überholt;"nicht prüfungsrelevant: Earned-Value-Analyse (EV/PV/AC) kommt in keiner MI-/OK-Prüfung vor; Rechnung ansonsten korrekt";
M-PM-112;gelöscht;Themenpaket M-B;3;Projektmanagement;mc;nicht prüfungsrelevant / überholt;nicht prüfungsrelevant: Kostenabweichung nach Earned-Value-Methode (CV = EV − AC, −15.000 € korrekt) ist kein IHK-KVM-Stoff;
M-PM-113;gelöscht;Themenpaket M-B;3;Projektmanagement;mc;nicht prüfungsrelevant / überholt;nicht prüfungsrelevant: Terminabweichung nach Earned-Value-Methode (SV = EV − PV, −10.000 € korrekt) ist kein IHK-KVM-Stoff;
M-PM-115;gelöscht;Themenpaket M-B;3;Projektmanagement;mc;nicht prüfungsrelevant / überholt;"nicht prüfungsrelevant: Scrum-Rollen (Product Owner) gehören nicht zum Rahmenplan; die Prüfungen fragen nur klassisches Projektmanagement";
M-PM-116;gelöscht;Themenpaket M-B;3;Projektmanagement;mc;Dublette;Dublette: Lasten- vs. Pflichtenheft wie M-PM-008;M-PM-008
PX-M-022;gelöscht;Themenpaket M-B;3;Projektmanagement;mc;Dublette;Dublette: Definition kritischer Pfad wie M-PM-018;M-PM-018
PX-M-066;gelöscht;Themenpaket M-B;3;Projektmanagement;mc;Dublette;"Dublette: Verzögerung innerhalb des Puffers wie M-PM-026 (GP 4, Verzug 2); zudem ungenau: „kein Nachfolger verschiebt sich“ gilt nur für den freien Puffer";M-PM-026
PX-M-085;gelöscht;Themenpaket M-B;3;Projektmanagement;mc;Dublette;Dublette: Inhalte des Projektauftrags wie M-PM-032 (hier zudem absurde Distraktoren);M-PM-032
PX-M-140;gelöscht;Themenpaket M-B;3;Projektmanagement;mc;Dublette;Dublette: Hauptziele des magischen Dreiecks wie M-PM-002 (Projektauftrag-Angaben jetzt in M-PM-040);M-PM-002
M-PM-001;korrigiert;Variation zurückgeholt;3;Projektmanagement;mc;;"Variation: Projekt und Routineaufgabe an Beispielen unterscheiden (Beispiel erkennen); PX-M-074 fragt das Merkmal abstrakt. Verneinungsfrage („KEIN“) in eine positive Beispielfrage umgebaut, w angepasst.";
M-PM-008;korrigiert;Themenpaket M-B / Querschnitt;3;Projektmanagement;mc;;Begründung (w) zum 4. Distraktor erklärte das Pflichtenheft statt des Lastenhefts und nannte es fälschlich „Angebot“ | Behaltene Fassung der Dublette PX-M-137: typische Inhalte beider Dokumente und Verbindlichkeit des Pflichtenhefts aus PX-M-137 in die Erklärung übernommen;
M-PM-013;korrigiert;Themenpaket M-B;3;Projektmanagement;mc;;Sprache: gerade Hochkommas durch deutsche Anführungszeichen ersetzt;
M-PM-017;korrigiert;Themenpaket M-B / Zusammenführung;3;Projektmanagement;mc;;"w zum 1. Distraktor fachlich ungenau (FAZ − SAZ ist bei kritischen Vorgängen 0, nicht negativ) | Unplausiblen Distraktor (Addition der Zeitpunkte) durch den typischen Verwechsler „freier Puffer“ mit w ersetzt, Erklärung um FP und kritischen Pfad ergänzt (Dublettenfassung); korrigiertes w zu FAZ − SAZ der Paketfassung beibehalten";
M-PM-020;korrigiert;Variation zurückgeholt;3;Projektmanagement;mc;;"Rechenvariante: Vorwärtsrechnung an einem Zusammenführungspunkt (FAZ = größter FEZ der Vorgänger, dann FEZ = FAZ + D); die ursprüngliche reine Addition 5 + 8 war trivial, M-PM-014 fragt nur die Formel. w angepasst.";
M-PM-021;korrigiert;Variation zurückgeholt;3;Projektmanagement;mc;;"Rechenvariante zu M-PM-912: Gesamtpuffer nicht direkt aus SAZ − FAZ, sondern über FEZ bzw. SAZ aus FAZ, Dauer und SEZ; Distraktoren zeigen typische Verwechslungen, w angepasst.";
M-PM-023;korrigiert;Themenpaket M-B;3;Projektmanagement;mc;;"w zum Distraktor „5“ unklar; jetzt wird der typische Fehler (SAZ mit Puffer verwechselt) benannt";
M-PM-024;korrigiert;Variation zurückgeholt;3;Projektmanagement;mc;;"Rechenvariante: kritischen Pfad in einem anderen Netz bestimmen (das Original nutzte dasselbe Netz wie M-PM-022/023, dort steht die Lösung schon in der Erklärung); neues Netz, in dem der Weg mit weniger Vorgängen kritisch ist; w ergänzt.";
M-PM-025;korrigiert;Variation zurückgeholt;3;Projektmanagement;mc;;"Rechenvariante zu M-PM-023 (Puffer eines Parallelasts) mit anderen Zahlen und Fuhrpark-Fall; w ergänzt.";
M-PM-040;korrigiert;Themenpaket M-B;3;Projektmanagement;open;;"Allgemeines „Erläutern“ ohne Situation und Punkte, Musterlösung als Fließtext; jetzt prüfungsnah (Hauptziele nennen + Angaben im Projektauftrag zuordnen) mit Stichpunkt-Lösung";
M-PM-041;korrigiert;Themenpaket M-B;3;Projektmanagement;open;;"Musterlösung als Fließtext ohne Punktebezug; jetzt Situation, Operator mit Anzahl und Stichpunkt-Lösung wie IHK (MI 2019/2021: Inhalte von Lasten- und Pflichtenheft)";
M-PM-042;korrigiert;Themenpaket M-B;3;Projektmanagement;open;;"Rechnung stimmt; Musterlösung von Fließtext auf nachvollziehbare Rechenschritte mit Punkteverteilung umgestellt";
M-PM-050;korrigiert;Themenpaket M-B;3;Projektmanagement;open;;"Allgemeine Phasenbeschreibung als Fließtext; jetzt prüfungsnah wie MI Nov. 2016 Aufg. 6b (je zwei Tätigkeiten der Projektleitung pro Phase) mit Kraftverkehrsbezug";
M-PM-109;korrigiert;Themenpaket M-B;3;Projektmanagement;mc;;"Distraktoren ohne w; Erklärung verwies auf „Antwort 1/2“, obwohl die App die Optionen mischt";
M-PM-114;korrigiert;Themenpaket M-B;3;Projektmanagement;mc;;Distraktoren ohne Begründung (w) – ergänzt;
M-PM-117;korrigiert;Themenpaket M-B;3;Projektmanagement;mc;;"Distraktoren ohne Begründung (w) – ergänzt; gerade Anführungszeichen ersetzt";
M-PM-118;korrigiert;Themenpaket M-B;3;Projektmanagement;mc;;"Distraktoren ohne Begründung (w) – ergänzt; Optionslängen angeglichen (richtige Option war deutlich länger als die Distraktoren)";
M-PM-910;korrigiert;Variation zurückgeholt;3;Projektmanagement;calc;;"Rechenvariante: aus zwei Ketten den kritischen Pfad erkennen und den Puffer der nicht kritischen Kette berechnen (andere gesuchte Größe als M-PM-911); die reine Addition einer vorgegebenen Pfaddauer war trivial.";
M-PM-911;korrigiert;Themenpaket M-B;3;Projektmanagement;calc;;Ersatzschreibung „laengsten“ korrigiert (Rechnung 35 Tage geprüft);
M-PM-912;korrigiert;Themenpaket M-B;3;Projektmanagement;calc;;Ersatzschreibungen (Fuer, fruehste, spaeteste) korrigiert, Minuszeichen vereinheitlicht (Rechnung 8 Tage geprüft);
M-PM-913;korrigiert;Themenpaket M-B;3;Projektmanagement;calc;;Ersatzschreibungen (Kapazitaet, Verfuegung, Fuer) korrigiert, Kraftverkehrsbezug ergänzt (Rechnung 75 % geprüft);
M-PM-914;korrigiert;Themenpaket M-B;3;Projektmanagement;calc;;"Begriff falsch: gefragt ist der Restaufwand (Arbeitsstunden), nicht die Restdauer; Rechnung 14 h geprüft";
M-PM-915;korrigiert;Themenpaket M-B;3;Projektmanagement;calc;;Ersatzschreibungen (taeglich, Tatsaechlich, Verfuegung, fuer) korrigiert, Rundungsvorgabe ergänzt (Rechnung 87,5 % geprüft);
PX-M-005;korrigiert;Themenpaket M-B;3;Projektmanagement;mc→open;;"Distraktoren absurd (Folienfarbe, Dieselpreis, Laufleistung); umgewandelt in offene Aufgabe wie OK Nov. 2025 Aufg. 3a (vier Fragestellungen zur Zusammensetzung einer Projektgruppe)";
PX-M-021;korrigiert;Themenpaket M-B;3;Projektmanagement;mc;;"Distraktoren ohne Begründung (w) – ergänzt; Optionslängen angeglichen (richtige Option war deutlich länger als die Distraktoren)";
PX-M-023;korrigiert;Themenpaket M-B;3;Projektmanagement;mc;;Distraktoren ohne Begründung (w) – ergänzt;
PX-M-024;korrigiert;Themenpaket M-B;3;Projektmanagement;mc;;Distraktoren ohne Begründung (w) – ergänzt;
PX-M-032;korrigiert;Themenpaket M-B;3;Projektmanagement;mc;;"Distraktoren ohne Begründung (w) – ergänzt; Optionslängen angeglichen (richtige Option war deutlich länger als die Distraktoren)";
PX-M-033;korrigiert;Themenpaket M-B;3;Projektmanagement;mc;;"Distraktoren ohne Begründung (w) – ergänzt; Optionslängen angeglichen (richtige Option war deutlich länger als die Distraktoren)";
PX-M-053;korrigiert;Themenpaket M-B;3;Projektmanagement;mc→open;;"MC nicht eindeutig: Auch Wechselkurs-, Insolvenz- oder Zinsrisiken können bei einem Investitionsprojekt erörtert werden; Distraktoren teils sinnlos formuliert. Umgestellt auf offene Aufgabe wie MI Mai 2023 Aufg. 5a (vier Risikoarten nennen) mit Kraftverkehrsbezug";
PX-M-069;korrigiert;Themenpaket M-B;3;Projektmanagement;mc;;"Distraktoren ohne Begründung (w) – ergänzt; Optionslängen angeglichen (richtige Option war deutlich länger als die Distraktoren)";
PX-M-074;korrigiert;Themenpaket M-B;3;Projektmanagement;mc;;Distraktoren ohne Begründung (w) – ergänzt;
PX-M-080;korrigiert;Themenpaket M-B;3;Projektmanagement;mc;;"Distraktoren ohne Begründung (w) – ergänzt; absurden Distraktor (Lohnsteuerbescheinigung) ersetzt";
PX-M-091;korrigiert;Themenpaket M-B;3;Projektmanagement;mc;;Distraktoren ohne Begründung (w) – ergänzt;
PX-M-096;korrigiert;Themenpaket M-B;3;Projektmanagement;mc;;Distraktoren ohne Begründung (w) – ergänzt;
PX-M-103;korrigiert;Themenpaket M-B;3;Projektmanagement;mc;;"Distraktoren ohne Begründung (w) – ergänzt; Optionslängen angeglichen (richtige Option war deutlich länger als die Distraktoren)";
PX-M-110;korrigiert;Themenpaket M-B;3;Projektmanagement;mc;;"Distraktoren ohne Begründung (w) – ergänzt; absurden Distraktor (Rechnung) ersetzt, richtige Option gekürzt; Optionslängen angeglichen (richtige Option war deutlich länger als die Distraktoren)";
PX-M-114;korrigiert;Themenpaket M-B;3;Projektmanagement;mc;;"Distraktoren ohne Begründung (w) – ergänzt; Optionslängen angeglichen (richtige Option war deutlich länger als die Distraktoren)";
PX-M-119;korrigiert;Themenpaket M-B;3;Projektmanagement;mc;;"Distraktoren ohne Begründung (w) – ergänzt; Optionslängen angeglichen (richtige Option war deutlich länger als die Distraktoren)";
PX-M-120;korrigiert;Themenpaket M-B;3;Projektmanagement;mc;;"Distraktoren ohne Begründung (w) – ergänzt; Optionslängen angeglichen (richtige Option war deutlich länger als die Distraktoren)";
PX-M-126;korrigiert;Themenpaket M-B;3;Projektmanagement;mc;;"Distraktoren ohne Begründung (w) – ergänzt; Optionslängen angeglichen (richtige Option war deutlich länger als die Distraktoren)";
PX-M-129;korrigiert;Themenpaket M-B;3;Projektmanagement;mc;;"Distraktoren ohne Begründung (w) – ergänzt; Optionslängen angeglichen (richtige Option war deutlich länger als die Distraktoren)";
PX-M-138;korrigiert;Themenpaket M-B;3;Projektmanagement;calc;;"Aufgabe war trivial (kritischer Pfad vorgegeben, nur Addition) und die Erklärung nannte einen Vorgang C, der in der Frage fehlte; jetzt vollständige Vorgangsliste mit Vorwärtsrechnung wie in der IHK-Prüfung (MI 2014, 2017, 2020)";
M-PM-601;neu;Themenpaket M-B;3;Projektmanagement;open;;Lücke: Projektmerkmale begründen – bisher nur als MC (PX-M-074) vorhanden (P-MI-20191104 Aufg. 5a, P-MI-20181105 Aufg. 5a);
M-PM-602;neu;Themenpaket M-B;3;Projektmanagement;open;;Lücke: Schritte der Planungsphase (P-MI-20240502 Aufg. 5c, P-MI-20150429 Aufg. 2b);
M-PM-603;neu;Themenpaket M-B;3;Projektmanagement;open;;Lücke: Aufgaben der Projektleitung in Steuerung/Realisierung als offene Aufgabe (P-MI-20141112 Aufg. 5c, P-MI-20181105 Aufg. 5c, P-MI-20191104 Aufg. 5b);
M-PM-604;neu;Themenpaket M-B;3;Projektmanagement;open;;Lücke: Ergebnisse je Projektphase (P-MI-20171106 Aufg. 5b);
M-PM-605;neu;Themenpaket M-B;3;Projektmanagement;open;;Lücke: Schritte der Risikoanalyse als offene Aufgabe (P-MI-20230503 Aufg. 5b, P-MI-20170508 Aufg. 5c, P-MI-20211103 Aufg. 5b);
M-PM-606;neu;Themenpaket M-B;3;Projektmanagement;open;;"Lücke: Interessengruppen und ihre Interessen beschreiben (P-MI-20211103 Aufg. 5a); bisher nur MC zur Stakeholderanalyse";
M-PM-607;neu;Themenpaket M-B;3;Projektmanagement;open;;"Lücke: Arbeitspakete eines Projektstrukturplans beschreiben (P-MI-20220504 Aufg. 5b); bisher nur MC-Definitionen";
M-PM-608;neu;Themenpaket M-B;3;Projektmanagement;open;;"Lücke: Maßnahmen gegen Terminverzug mit ihren Auswirkungen (P-MI-20200505 Aufg. 5b); bisher nur MC M-PM-048";
M-PM-609;neu;Themenpaket M-B;3;Projektmanagement;open;;"Lücke: vollständige Netzplanberechnung mit Rückwärtsrechnung, Gesamt- und freiem Puffer (P-MI-20141112 Aufg. 4a, P-MI-20171106 Aufg. 2b, P-MI-20200505 Aufg. 2a); bisher nur Mini-Netze mit vier Vorgängen";
M-PM-610;neu;Themenpaket M-B;3;Projektmanagement;calc;;Lücke: Auswirkung einer Verzögerung, die den Puffer übersteigt, rechnerisch bestimmen (P-MI-20160503 Aufg. 5d, P-MI-20200505 Aufg. 2c);
M-PM-611;neu;Themenpaket M-B;3;Projektmanagement;mc;;Lücke: spätesten Starttermin bei festem Endtermin und 5-Tage-Woche ermitteln (P-MI-20200505 Aufg. 2b);
M-PM-612;neu;Themenpaket M-B;3;Projektmanagement;open;;"Lücke: Vor- und Nachteile von Top-down- und Bottom-up-Verfahren (P-MI-20240502 Aufg. 2a/b); bisher nur MC zu den Begriffen";
M-PM-613;neu;Themenpaket M-B;3;Projektmanagement;open;;Lücke: Notwendigkeit von Lasten- und Pflichtenheft begründen, weitere Projektdokumente (P-MI-20190507 Aufg. 5c/d, P-MI-20201102 Aufg. 1d, P-MI-20210505 Aufg. 5d, P-MI-20240502 Aufg. 5d);
M-PM-614;neu;Themenpaket M-B;3;Projektmanagement;open;;"Lücke: Abschlussphase als offene Aufgabe (P-MI-20201102 Aufg. 5a/b); bisher nur MC";
M-PM-615;neu;Themenpaket M-B;3;Projektmanagement;open;;Lücke: Ressourcenkonflikt im Balkenplan erläutern und lösen (P-MI-20160503 Aufg. 5c);
M-PM-616;neu;Themenpaket M-B;3;Projektmanagement;open;;Lücke: Übertragung von Projektaufgaben an selbstständige Teams (P-MI-20221103 Aufg. 5a/b);
M-PM-617;neu;Themenpaket M-B;3;Projektmanagement;open;;"Lücke: Tagesordnungspunkte einer Auftaktveranstaltung (P-MI-20210505 Aufg. 6a); bisher nur MC M-PM-029";
M-PR-013;gelöscht;Themenpaket M-B;3;Präsentation;mc;Dublette;Dublette: Blickkontakt/Zuwendung – gleicher Wissenspunkt wie PX-M-058 (Körpersprache);PX-M-058
M-PR-014;gelöscht;Themenpaket M-B;3;Präsentation;mc;Dublette;Dublette: Elemente der nonverbalen Kommunikation – M-IK-104 fragt dasselbe mit trennschärferen Distraktoren (verbal/paraverbal);M-IK-104
M-PR-016;gelöscht;Themenpaket M-B;3;Präsentation;mc;Dublette;"Dublette: Umgang mit Lampenfieber wie M-PR-107; hier zudem unplausibler Distraktor (Alkohol/Beruhigungsmittel)";M-PR-107
M-PR-026;gelöscht;Themenpaket M-B;3;Präsentation;mc;Dublette;Dublette: neutrale Haltung des Moderators ist bereits Kern von M-PR-020;M-PR-020
M-PR-029;gelöscht;Themenpaket M-B;3;Präsentation;mc;Dublette;Dublette: Abschluss mit Maßnahmenplan (Wer? Was? Bis wann?) wie M-IK-030 und M-PR-021;M-IK-030
M-PR-030;gelöscht;Themenpaket M-B;3;Präsentation;mc;Dublette;"Dublette: Regeln für konstruktives Feedback wie M-IK-106; Thema gehört zur Kommunikation";M-IK-106
M-PR-034;gelöscht;Themenpaket M-B;3;Präsentation;mc;Dublette;"Dublette: Folien nicht ablesen – gleicher Wissenspunkt wie PX-M-039; hier zudem unplausible Distraktoren (DIN-Vorgabe, flackernder Beamer)";PX-M-039
M-PR-101;gelöscht;Themenpaket M-B;3;Präsentation;mc;Dublette;Dublette: Aufgabe der Einleitung wie M-PR-005;M-PR-005
M-PR-102;gelöscht;Themenpaket M-B;3;Präsentation;mc;Dublette;Dublette: Zweck der Zielgruppenanalyse wie M-PR-002;M-PR-002
M-PR-103;gelöscht;Themenpaket M-B;3;Präsentation;mc;Dublette;Dublette: KISS-Prinzip wie M-PR-012;M-PR-012
M-PR-104;gelöscht;Themenpaket M-B;3;Präsentation;mc;Dublette;Dublette: 6-mal-6-Regel wie M-PR-008;M-PR-008
PX-M-067;gelöscht;Themenpaket M-B;3;Präsentation;mc;Dublette;Dublette: Zweck der Zielgruppenanalyse wie M-PR-002;M-PR-002
PX-M-076;gelöscht;Themenpaket M-B;3;Präsentation;mc;Dublette;Dublette: Gliederung Einleitung/Hauptteil/Schluss wie M-PR-004;M-PR-004
PX-M-097;gelöscht;Themenpaket M-B;3;Präsentation;mc;Dublette;"Dublette: Rhetorik/Stimme (deutlich, Tempo, Betonung, Pausen) wie M-PR-015; richtige Option zudem viel länger als die Distraktoren";M-PR-015
PX-M-107;gelöscht;Themenpaket M-B;3;Präsentation;mc;Dublette;"Dublette: Gliederung eines Vortrags; Aufgaben von Einleitung/Hauptteil/Schluss jetzt in M-PR-031";M-PR-031
M-PR-001;korrigiert;Themenpaket M-B;3;Präsentation;mc;;Distraktoren ohne Begründung (w) – ergänzt;
M-PR-002;korrigiert;Themenpaket M-B / Zusammenführung;3;Präsentation;mc;;Distraktoren ohne Begründung (w) – ergänzt | Beispiel (Geschäftsführung gegenüber Auszubildenden oder Fahrern) aus der Dublettenfassung ergänzt;
M-PR-003;korrigiert;Themenpaket M-B;3;Präsentation;mc;;Distraktoren ohne Begründung (w) – ergänzt;
M-PR-004;korrigiert;Themenpaket M-B;3;Präsentation;mc;;Distraktoren ohne Begründung (w) – ergänzt;
M-PR-005;korrigiert;Themenpaket M-B;3;Präsentation;mc;;Distraktoren ohne Begründung (w) – ergänzt;
M-PR-006;korrigiert;Themenpaket M-B;3;Präsentation;mc;;Distraktoren ohne Begründung (w) – ergänzt;
M-PR-007;korrigiert;Variation zurückgeholt;3;Präsentation;mc;;"Variation: Medienwahl im Anwendungsfall (gemeinsames Sammeln und Ordnen); M-PR-105 fragt nur den Vorteil des Flipcharts, M-PR-035 die Auswahlkriterien allgemein. Fall ergänzt, Imagefilm durch plausibleren Distraktor ersetzt, w ergänzt.";
M-PR-008;korrigiert;Themenpaket M-B;3;Präsentation;mc;;Distraktoren ohne Begründung (w) – ergänzt;
M-PR-009;korrigiert;Themenpaket M-B;3;Präsentation;mc;;Distraktoren ohne Begründung (w) – ergänzt;
M-PR-010;korrigiert;Themenpaket M-B;3;Präsentation;mc;;Distraktoren ohne Begründung (w) – ergänzt;
M-PR-011;korrigiert;Themenpaket M-B;3;Präsentation;mc;;Distraktoren ohne Begründung (w) – ergänzt;
M-PR-012;korrigiert;Themenpaket M-B;3;Präsentation;mc;;Distraktoren ohne Begründung (w) – ergänzt;
M-PR-015;korrigiert;Themenpaket M-B;3;Präsentation;mc;;Distraktoren ohne Begründung (w) – ergänzt;
M-PR-017;korrigiert;Themenpaket M-B;3;Präsentation;mc;;Distraktoren ohne Begründung (w) – ergänzt;
M-PR-018;korrigiert;Themenpaket M-B;3;Präsentation;mc;;Distraktoren ohne Begründung (w) – ergänzt;
M-PR-019;korrigiert;Themenpaket M-B;3;Präsentation;mc;;Distraktoren ohne Begründung (w) – ergänzt;
M-PR-020;korrigiert;Themenpaket M-B;3;Präsentation;mc;;Distraktoren ohne Begründung (w) – ergänzt;
M-PR-021;korrigiert;Themenpaket M-B;3;Präsentation;mc;;Distraktoren ohne Begründung (w) – ergänzt;
M-PR-022;korrigiert;Themenpaket M-B;3;Präsentation;mc;;Distraktoren ohne Begründung (w) – ergänzt;
M-PR-023;korrigiert;Themenpaket M-B;3;Präsentation;mc;;Distraktoren ohne Begründung (w) – ergänzt;
M-PR-024;korrigiert;Themenpaket M-B;3;Präsentation;mc;;Distraktoren ohne Begründung (w) – ergänzt;
M-PR-027;korrigiert;Themenpaket M-B;3;Präsentation;mc;;Distraktoren ohne Begründung (w) – ergänzt;
M-PR-028;korrigiert;Themenpaket M-B;3;Präsentation;mc;;Distraktoren ohne Begründung (w) – ergänzt;
M-PR-031;korrigiert;Themenpaket M-B;3;Präsentation;open;;"Fließtext ohne Situation und Punkte; jetzt Handlungssituation, Operator mit Anzahl und Stichpunkte (vgl. MI Nov. 2014 Aufg. 1a: Inhalte des Hauptteils)";
M-PR-032;korrigiert;Themenpaket M-B;3;Präsentation;open;;"„Nennen Sie fünf Grundsätze“ ohne Situation und Punkte; jetzt prüfungsnah wie OK Nov. 2025 Aufg. 4b (vier Aspekte der Verständlichkeit), Stichpunkt-Lösung";
M-PR-033;korrigiert;Themenpaket M-B;3;Präsentation;open;;"Fließtext ohne Situation und Punkte; jetzt prüfungsnah wie MI Mai 2021 Aufg. 6b (Aufgaben des Moderators im Ideenfindungsprozess) plus Beteiligungstechniken";
M-PR-035;korrigiert;Themenpaket M-B;3;Präsentation;mc;;Distraktoren ohne Begründung (w) – ergänzt;
M-PR-105;korrigiert;Themenpaket M-B;3;Präsentation;mc;;Distraktoren ohne Begründung (w) – ergänzt;
M-PR-106;korrigiert;Themenpaket M-B;3;Präsentation;mc;;Distraktoren ohne Begründung (w) – ergänzt;
M-PR-107;korrigiert;Themenpaket M-B;3;Präsentation;mc;;"Distraktoren ohne Begründung (w) – ergänzt; „nachweislich“ gestrichen (nicht belegbare Behauptung)";
M-PR-108;korrigiert;Variation zurückgeholt;3;Präsentation;mc;;"Variation: Teilaspekt, den M-PR-017 (Umgang mit Zwischenfragen) nicht abdeckt – ehrlicher Umgang mit einer Frage, die man nicht beantworten kann; als Fall umformuliert, w ergänzt.";
PX-M-006;korrigiert;Themenpaket M-B;3;Präsentation;mc;;"Distraktoren ohne Begründung (w) – ergänzt; Bindestrich durch Gedankenstrich ersetzt, Satzzeichen vereinheitlicht; Optionslängen angeglichen (richtige Option war deutlich länger als die Distraktoren)";
PX-M-015;korrigiert;Themenpaket M-B;3;Präsentation;mc;;"Distraktoren ohne Begründung (w) – ergänzt; Optionslängen angeglichen (richtige Option war deutlich länger als die Distraktoren)";
PX-M-016;korrigiert;Themenpaket M-B;3;Präsentation;mc;;"Distraktoren ohne Begründung (w) – ergänzt; Optionslängen angeglichen (richtige Option war deutlich länger als die Distraktoren)";
PX-M-039;korrigiert;Themenpaket M-B;3;Präsentation;mc;;Distraktoren ohne Begründung (w) – ergänzt;
PX-M-058;korrigiert;Themenpaket M-B;3;Präsentation;mc;;Distraktoren ohne Begründung (w) – ergänzt;
PX-M-064;korrigiert;Themenpaket M-B;3;Präsentation;mc;;"Distraktoren absurd (Bewerbungsunterlagen, Gehaltsstruktur) und ohne w; durch typische Fehlvorstellungen ersetzt";
PX-M-089;korrigiert;Themenpaket M-B;3;Präsentation;mc;;"Distraktoren ohne Begründung (w) – ergänzt; Optionslängen angeglichen (richtige Option war deutlich länger als die Distraktoren)";
PX-M-106;korrigiert;Themenpaket M-B;3;Präsentation;mc;;"Distraktoren ohne Begründung (w) – ergänzt; Optionslängen angeglichen (richtige Option war deutlich länger als die Distraktoren)";
PX-M-108;korrigiert;Themenpaket M-B;3;Präsentation;mc;;"Distraktoren ohne Begründung (w) – ergänzt; richtige Option enthielt mit „Medien vorab testen“ einen organisatorischen, keinen inhaltlichen Schritt und war deutlich länger als die Distraktoren; Optionslängen angeglichen (richtige Option war deutlich länger als die Distraktoren)";
PX-M-118;korrigiert;Themenpaket M-B;3;Präsentation;mc;;"Distraktoren ohne Begründung (w) – ergänzt; Optionslängen angeglichen (richtige Option war deutlich länger als die Distraktoren)";
PX-M-124;korrigiert;Themenpaket M-B;3;Präsentation;mc;;"Richtige Option mischte aufgabenbezogene Punkte (Anforderungen, Sicherheitshinweise) unter „mitarbeiterbezogene Kriterien“; Distraktoren absurd (Kosten der Präsentation, Bewertung durch den Betriebsrat) und ohne w; Optionslängen angeglichen (richtige Option war deutlich länger als die Distraktoren)";
PX-M-131;korrigiert;Themenpaket M-B;3;Präsentation;mc;;"Distraktoren ohne Begründung (w) – ergänzt; richtige Option gekürzt (deutlich länger als die Distraktoren); jährliche Pflicht korrekt der DGUV Vorschrift 1 zugeordnet (§ 12 ArbSchG nennt keinen Jahresturnus); Optionslängen angeglichen (richtige Option war deutlich länger als die Distraktoren)";
PX-M-135;korrigiert;Themenpaket M-B;3;Präsentation;mc;;"Distraktoren ohne Begründung (w) – ergänzt; Erklärung behandelte nur das Protokoll statt des gefragten Hauptteils; Optionslängen angeglichen (richtige Option war deutlich länger als die Distraktoren)";
M-PR-601;neu;Themenpaket M-B;3;Präsentation;open;;Lücke: Dokumente im Moderationsprozess und Motivation der Beteiligten (P-MI-20230503 Aufg. 6a/b);
M-PR-602;neu;Themenpaket M-B;3;Präsentation;open;;Lücke: geteilte Moderation einer Projektgruppe (P-OK-20251112 Aufg. 3b);
M-PR-603;neu;Themenpaket M-B;3;Präsentation;open;;Lücke: vorbeugende Maßnahmen gegen organisatorische und technische Präsentationsrisiken (P-MI-20170508 Aufg. 3);
M-PR-604;neu;Themenpaket M-B;3;Präsentation;open;;"Lücke: Voraussetzungen für Präsentationen per Videokonferenz (P-MI-20211103 Aufg. 3, P-MI-20191104 Aufg. 3, P-MI-20230503 Aufg. 3); bisher nur MC PX-M-039";
M-PR-605;neu;Themenpaket M-B;3;Präsentation;open;;"Lücke: Zielgruppenanalyse begründen und Kriterien nennen (P-MI-20200505 Aufg. 3a, P-MI-20221103 Aufg. 3); bisher nur MC M-PR-002";
M-PR-606;neu;Themenpaket M-B;3;Präsentation;open;;Lücke: Feedback-Fragebogen nach Präsentation bzw. Qualifizierungsmaßnahme erstellen (P-MI-20200505 Aufg. 3b, P-OK-20251112 Aufg. 5c, P-MI-20220504 Aufg. 6b);
M-PR-607;neu;Themenpaket M-B;3;Präsentation;open;;"Lücke: Körpersprache gezielt einsetzen und Fehlverhalten begründen (P-MI-20210505 Aufg. 3a/b); bisher nur MC PX-M-058";
M-PR-608;neu;Themenpaket M-B;3;Präsentation;open;;"Lücke: Rhetorik bei Präsentationen als offene Aufgabe (P-MI-20171106 Aufg. 3); bisher nur MC M-PR-015";
M-ST-043;gelöscht;Themenpaket M-A;3;Statistik;mc;Dublette;Dublette: gleicher Wissenspunkt (Mittelwert sagt nichts über die Streuung) wie M-ST-042, dort anschaulich am Zahlenbeispiel.;M-ST-042
M-ST-044;gelöscht;Themenpaket M-A;3;Statistik;mc;Dublette;Dublette: Definition der relativen Häufigkeit wie M-ST-005.;M-ST-005
M-ST-103;gelöscht;Themenpaket M-A;3;Statistik;mc;Dublette;"Dublette: Zusammenhang Varianz/Standardabweichung ist in M-ST-019 enthalten; für die MI-Prüfung Randwissen.";M-ST-019
M-ST-105;gelöscht;Themenpaket M-A;3;Statistik;mc;Dublette;Dublette: Liniendiagramm für Zeitreihen wie M-ST-021 (Kontext übernommen).;M-ST-021
M-ST-108;gelöscht;Themenpaket M-A;3;Statistik;mc;Dublette;Dublette: Stichprobe/Grundgesamtheit durch M-ST-002 und M-ST-045 abgedeckt.;M-ST-045
M-ST-116;gelöscht;Themenpaket M-A;3;Statistik;calc;Dublette;Dublette: identische Aufgabe wie M-ST-911 (nur Mengen durch 10 geteilt, gleiches Ergebnis).;M-ST-911
M-ST-117;gelöscht;Themenpaket M-A;3;Statistik;calc;Dublette;nicht prüfungsrelevant: Laspeyres-Preisindex geht über die MI-Prüfungen hinaus (dort einfache Indexzahlen, abgedeckt durch M-ST-919/920/113).;
M-ST-118;gelöscht;Themenpaket M-A;3;Statistik;calc;nicht prüfungsrelevant / überholt;nicht prüfungsrelevant: Variationskoeffizient kommt in den MI-Prüfungen nicht vor.;
PX-M-009;gelöscht;Themenpaket M-A;3;Statistik;calc;nicht prüfungsrelevant / überholt;"nicht prüfungsrelevant: Erwartete Fehlerzahl in Stichproben (QM-Statistik der Industrie) kommt in den MI-Prüfungen nicht vor; Prozentrechnung ist anderweitig abgedeckt.";
PX-M-020;gelöscht;Themenpaket M-A;3;Statistik;mc;Dublette;Dublette: Diagramm für Anteile am Ganzen wie M-ST-020 (Erklärung dort ergänzt).;M-ST-020
PX-M-027;gelöscht;Themenpaket M-A;3;Statistik;calc;nicht prüfungsrelevant / überholt;nicht prüfungsrelevant: Normalverteilung/Schwankungsintervalle (industrielle Qualitätsregelkarte) kommen in den MI-Prüfungen nicht vor.;
PX-M-028;gelöscht;Themenpaket M-A;3;Statistik;mc;nicht prüfungsrelevant / überholt;nicht prüfungsrelevant: Normalverteilung (Anteil bei ±1s) kommt in den MI-Prüfungen nicht vor.;
PX-M-029;gelöscht;Themenpaket M-A;3;Statistik;calc;nicht prüfungsrelevant / überholt;nicht prüfungsrelevant: triviale Prozentrechnung in fremdem Kontext (Ampullen), anderweitig abgedeckt.;
PX-M-049;gelöscht;Querschnitt;3;Statistik;mc;Dublette;"Dublette zu M-KT-039 (nach Statistik verschoben): dieselbe MC „Wozu dient ein Korrelationsdiagramm?“ mit gleicher richtiger Antwort; M-KT-039 hat die stärkeren Distraktoren (Histogramm, Pareto, Ishikawa); Erklärung übernommen";M-KT-039
B-VW-111;korrigiert + umsortiert;Themenpaket B-C;3;Statistik;calc;von BWL · Volkswirtschaft;"Thema Veränderungsrate gehört zur Statistik (vgl. MI-Prüfungen) – umsortiert; Rechenzeichen im Rechenweg vereinheitlicht";
B-VW-112;korrigiert + umsortiert;Themenpaket B-C;3;Statistik;calc;von BWL · Volkswirtschaft;"Thema Indexzahl gehört zur Statistik (vgl. MI-Prüfungen) – umsortiert; Rechenzeichen im Rechenweg vereinheitlicht";
B-VW-912;korrigiert + umsortiert;Themenpaket B-C;3;Statistik;calc;von BWL · Volkswirtschaft;Thema Veränderungsrate gehört zur Statistik (vgl. MI-Prüfungen: prozentuale Steigerungen) – umsortiert;
B-VW-913;korrigiert + umsortiert;Themenpaket B-C;3;Statistik;calc;von BWL · Volkswirtschaft;Thema Indexzahl gehört zur Statistik (vgl. MI-Prüfungen: indexierte Steigerung) – umsortiert;
M-KT-039;korrigiert + umsortiert;Themenpaket M-B / Querschnitt;3;Statistik;mc;von Methoden · Kreativitätstechniken;Korrelationsdiagramm ist Datenauswertung (MI: Korrelation 2018, 2021, 2023) → Statistik statt Kreativitätstechniken | Behaltene Fassung der Dublette PX-M-049: Erklärung zu Ausgleichsgerade, Stärke und Richtung des Zusammenhangs aus PX-M-049 übernommen;
M-ST-003;korrigiert;Themenpaket M-A;3;Statistik;mc;;Begründung eines Distraktors fachlich falsch (qualitative Merkmale sind diskret).;
M-ST-005;korrigiert;Dubletten;3;Statistik;mc;;Erklärung um die Abgrenzung zur absoluten Häufigkeit und die Summe aller relativen Häufigkeiten (aus M-ST-044) ergänzt;
M-ST-008;korrigiert;Variation zurückgeholt;3;Statistik;mc;;"Rechenvariante: arithmetisches Mittel rückwärts gerechnet (fehlender Einzelwert bei vorgegebenem Durchschnitt); das Original war eine kontextlose Mittelwertberechnung wie M-ST-101/M-ST-910. w angepasst.";
M-ST-010;korrigiert;Variation zurückgeholt;3;Statistik;mc;;"Rechenvariante: Median bei ungerader Anzahl, jetzt mit Ausreißer, sodass Median und Mittelwert auseinanderfallen (im Original waren beide 7); M-ST-912 übt den Median ohne Ausreißer. Sachbezug und w ergänzt.";
M-ST-011;korrigiert;Variation zurückgeholt;3;Statistik;mc;;"Rechenvariante zu M-ST-102 (Median bei gerader Anzahl) mit Sachbezug; Zahlen so gewählt, dass Median, Mittelwert und Spannweitenmitte auseinanderfallen (im Original waren Median und Mittelwert gleich); w ergänzt.";
M-ST-019;korrigiert;Themenpaket M-A;3;Statistik;mc;;Richtige Option unpräzise (Standardabweichung ist nicht die durchschnittliche Abweichung), Varianz-Distraktor falsch erklärt.;
M-ST-020;korrigiert;Themenpaket M-A;3;Statistik;mc;;"Erklärung um weitere Diagrammarten für Anteile ergänzt (Prüfung 11/2024, 4c); ersetzt PX-M-020.";
M-ST-021;korrigiert;Themenpaket M-A;3;Statistik;mc;;"Unplausiblen Distraktor (Organigramm) ersetzt; Kraftverkehrsbezug aus M-ST-105 übernommen.";
M-ST-023;korrigiert;Themenpaket M-A;3;Statistik;mc;;w fehlte.;
M-ST-024;korrigiert;Themenpaket M-A;3;Statistik;mc;;Distraktoren beschrieben korrekte Gestaltung (zu leicht), w fehlte.;
M-ST-025;korrigiert;Themenpaket M-A;3;Statistik;mc→open;;"Distraktoren absurd, w fehlte; als offene Frage mit Musterlösung prüfungsnäher (Diagrammaufgaben in fast jeder MI-Prüfung).";
M-ST-029;korrigiert;Themenpaket M-A;3;Statistik;mc;;w fehlte.;
M-ST-030;korrigiert;Themenpaket M-A;3;Statistik;mc;;w fehlte.;
M-ST-031;korrigiert;Themenpaket M-A;3;Statistik;mc;;"w fehlte; Kraftverkehrsbezug ergänzt.";
M-ST-032;korrigiert;Themenpaket M-A;3;Statistik;mc;;"w fehlte; Frage klarer formuliert, Erklärung an die Optionen angepasst.";
M-ST-033;korrigiert;Themenpaket M-A;3;Statistik;mc;;w fehlte.;
M-ST-034;korrigiert;Themenpaket M-A;3;Statistik;mc;;w fehlte.;
M-ST-035;korrigiert;Themenpaket M-A;3;Statistik;mc;;w fehlte.;
M-ST-036;korrigiert;Themenpaket M-A;3;Statistik;mc;;w fehlte.;
M-ST-037;korrigiert;Themenpaket M-A;3;Statistik;mc;;"w fehlte; Erklärung passte nicht zu den Optionen.";
M-ST-038;korrigiert;Themenpaket M-A;3;Statistik;mc;;w fehlte.;
M-ST-039;korrigiert;Themenpaket M-A;3;Statistik;open;;"Musterlösung als Fließtext statt Stichpunkte; betriebliche Handlungssituation ergänzt.";
M-ST-040;korrigiert;Themenpaket M-A;3;Statistik;open;;"Musterlösung als Fließtext; auf Stichpunkte mit Rechenweg umgestellt, Kraftverkehrsbezug.";
M-ST-041;korrigiert;Themenpaket M-A;3;Statistik;open;;"Musterlösung als Fließtext; Stichpunkte, Handlungssituation und weitere prüfungsrelevante Diagrammarten ergänzt.";
M-ST-042;korrigiert;Themenpaket M-A;3;Statistik;mc;;w fehlte.;
M-ST-045;korrigiert;Themenpaket M-A;3;Statistik;mc;;w fehlte.;
M-ST-101;korrigiert;Themenpaket M-A;3;Statistik;mc;;"w fehlte; Distraktoren auf typische Rechenfehler umgestellt.";
M-ST-102;korrigiert;Themenpaket M-A;3;Statistik;mc;;"w fehlte; Distraktor auf typischen Fehler (Mittelwert statt Median) umgestellt.";
M-ST-104;korrigiert;Variation zurückgeholt;3;Statistik;mc;;"Rechenvariante zu M-ST-006 mit anderen Zahlen und anderem Sachverhalt (Reklamationen statt Verspätungen); Distraktoren zu typischen Bezugsfehlern, w ergänzt.";
M-ST-106;korrigiert;Variation zurückgeholt;3;Statistik;mc→calc;;"Variation: Preisindex rückwärts gerechnet (Preis aus der Indexzahl) statt ein weiteres Mal vorwärts wie M-ST-919 mit gleichem Ergebnis 120; neue Zahlen, als calc mit Rundungsvorgabe";
M-ST-107;korrigiert;Themenpaket M-A;3;Statistik;mc;;w fehlte.;
M-ST-110;korrigiert;Variation zurückgeholt;3;Statistik;calc;;"Rechenvariante zu M-ST-911 mit anderen Mengen und Preisen; Mengen so geändert, dass das gewogene Mittel (1,70 €/l) vom einfachen Mittel (1,75 €/l) abweicht – im Original waren beide gleich; Rundungsvorgabe ergänzt.";
M-ST-111;korrigiert;Variation zurückgeholt;3;Statistik;calc;;"Rechenvariante zu M-ST-913 mit acht Werten (Median aus 4. und 5. Wert); Rundungsvorgabe ergänzt.";
M-ST-114;korrigiert;Variation zurückgeholt;3;Statistik;calc;;"Rechenvariante zu M-ST-119 mit anderen Zahlen und Sachverhalt (Elektroanteil im Fuhrpark); Rundungsvorgabe ergänzt.";
M-ST-120;korrigiert;Variation zurückgeholt;3;Statistik;calc;;"Rechenvariante zu M-ST-913 mit anderem Sachverhalt (Wartezeiten bei Werkstattaufträgen statt Rampe) und einem Ausreißer, sodass Median und Mittelwert auseinanderfallen (im Original beide 13); Rundungsvorgabe ergänzt.";
M-ST-901;korrigiert;Variation zurückgeholt;3;Statistik;calc;;"Rechenvariante zu M-ST-910 mit anderen Zahlen; Du-Form durch Sie-Form ersetzt, Sachbezug und Rundungsvorgabe ergänzt.";
M-ST-902;korrigiert;Variation zurückgeholt;3;Statistik;calc;;"Rechenvariante zu M-ST-912 mit anderen Zahlen und anderem Sachverhalt (Verspätungen); Du-Form durch Sie-Form ersetzt, Sachbezug und Rundungsvorgabe ergänzt.";
M-ST-903;korrigiert;Variation zurückgeholt;3;Statistik;calc;;"Variation: Spannweite mit anderen Zahlen und anderer Situation (Wartezeiten an der Rampe); Du-Form und fehlender Sachbezug behoben, Einheit und Rundungsvorgabe ergänzt";
M-ST-904;korrigiert;Variation zurückgeholt;3;Statistik;calc;;"Rechenvariante zu M-ST-112: Wachstumsrate rückwärts gerechnet (Grundwert aus Endwert und Rate) – zeigt, dass sich die Veränderung auf den Vorjahreswert bezieht; das Original hatte dieselbe Basis 250.000 € wie M-ST-112.";
M-ST-905;korrigiert;Variation zurückgeholt;3;Statistik;calc;;"Rechenvariante zu M-ST-913 (Median bei gerader Anzahl, ungeordnete Werte) mit anderen Zahlen; Du-Form ersetzt, Sachbezug ergänzt, Zahlen so gewählt, dass Median und Mittelwert verschieden sind.";
M-ST-911;korrigiert;Themenpaket M-A / Zusammenführung;3;Statistik;calc;;Einheit „€“ statt „€/l“. | Hinweis auf den typischen Fehler (einfaches statt gewogenes Mittel) aus der Dublettenfassung ergänzt;
M-ST-916;korrigiert;Variation zurückgeholt;3;Statistik;calc;;"Rechenvariante zu M-ST-112 mit anderen Zahlen und Mengengröße (Tonnen); Rundungsvorgabe ergänzt.";
M-ST-918;korrigiert;Variation zurückgeholt;3;Statistik;calc;;"Rechenvariante: Anteil der Gegenmenge (pünktliche Sendungen) statt des direkt genannten Teils – andere gesuchte Größe als M-ST-006/M-ST-119; Rundungsvorgabe ergänzt.";
M-ST-921;korrigiert;Variation zurückgeholt;3;Statistik;calc;;"Rechenvariante zum gewogenen Mittel mit Gewichtsfaktoren statt Mengen (vgl. M-ST-911); die erfundene Gewichtung der Meisterprüfung durch einen betrieblichen Beurteilungsfall ersetzt; Rundungsvorgabe ergänzt.";
PX-K-135;korrigiert + umsortiert;Themenpaket K-A;3;Statistik;calc;von Kraftverkehr/NT · Naturwissenschaftliche und technische Grundlagen;"Vorlage „Mittelwert“ mehrfach vorhanden (PX-K-165/-187/-197/-219/-256); auf die in den NT-Prüfungen verlangte Standardabweichung umgestellt; Statistik gehört zu Fach 3 (wie M-ST)";
PX-K-146;korrigiert + umsortiert;Themenpaket K-A;3;Statistik;calc;von Kraftverkehr/NT · Naturwissenschaftliche und technische Grundlagen;"Statistik gehört zu Fach 3 „Statistik“ (wie die übrigen Statistikfragen M-ST); Inhalt unverändert";
PX-K-155;korrigiert + umsortiert;Themenpaket K-A;3;Statistik;calc;von Kraftverkehr/NT · Naturwissenschaftliche und technische Grundlagen;"Statistik gehört zu Fach 3 „Statistik“ (wie die übrigen Statistikfragen M-ST); Inhalt unverändert";
PX-K-156;korrigiert + umsortiert;Themenpaket K-A;3;Statistik;calc;von Kraftverkehr/NT · Naturwissenschaftliche und technische Grundlagen;"Statistik gehört zu Fach 3 „Statistik“; leeres unit-Feld entfernt";
PX-K-165;korrigiert + umsortiert;Themenpaket K-A;3;Statistik;calc;von Kraftverkehr/NT · Naturwissenschaftliche und technische Grundlagen;"Statistik gehört zu Fach 3 „Statistik“ (wie die übrigen Statistikfragen M-ST); Inhalt unverändert";
PX-K-166;korrigiert + umsortiert;Themenpaket K-A;3;Statistik;calc;von Kraftverkehr/NT · Naturwissenschaftliche und technische Grundlagen;"Statistik gehört zu Fach 3 „Statistik“ (wie die übrigen Statistikfragen M-ST); Inhalt unverändert";
PX-K-173;korrigiert + umsortiert;Themenpaket K-A;3;Statistik;mc;von Kraftverkehr/NT · Naturwissenschaftliche und technische Grundlagen;"Distraktoren ohne Begründung – w ergänzt; Statistik in Fach 3 umsortiert";
PX-K-176;korrigiert + umsortiert;Themenpaket K-A;3;Statistik;calc;von Kraftverkehr/NT · Naturwissenschaftliche und technische Grundlagen;"Statistik gehört zu Fach 3 „Statistik“ (wie die übrigen Statistikfragen M-ST); Inhalt unverändert";
PX-K-177;korrigiert + umsortiert;Themenpaket K-A;3;Statistik;calc;von Kraftverkehr/NT · Naturwissenschaftliche und technische Grundlagen;"Statistik gehört zu Fach 3 „Statistik“ (wie die übrigen Statistikfragen M-ST); Inhalt unverändert";
PX-K-187;korrigiert + umsortiert;Themenpaket K-A;3;Statistik;calc;von Kraftverkehr/NT · Naturwissenschaftliche und technische Grundlagen;"Statistik gehört zu Fach 3 „Statistik“ (wie die übrigen Statistikfragen M-ST); Inhalt unverändert";
PX-K-197;korrigiert + umsortiert;Themenpaket K-A;3;Statistik;calc;von Kraftverkehr/NT · Naturwissenschaftliche und technische Grundlagen;"Statistik gehört zu Fach 3 „Statistik“ (wie die übrigen Statistikfragen M-ST); Inhalt unverändert";
PX-K-198;korrigiert + umsortiert;Themenpaket K-A;3;Statistik;calc;von Kraftverkehr/NT · Naturwissenschaftliche und technische Grundlagen;"Statistik gehört zu Fach 3 „Statistik“ (wie die übrigen Statistikfragen M-ST); Inhalt unverändert";
PX-K-219;korrigiert + umsortiert;Themenpaket K-A;3;Statistik;calc;von Kraftverkehr/NT · Naturwissenschaftliche und technische Grundlagen;"Statistik in Fach 3 umsortiert; sachfremder Hinweis auf einen Rechenfehler im IHK-Lösungshinweis entfernt";
PX-K-228;korrigiert + umsortiert;Themenpaket K-A / Querschnitt;3;Statistik;mc;von Kraftverkehr/NT · Naturwissenschaftliche und technische Grundlagen;"Distraktoren ohne Begründung – w ergänzt; Statistik in Fach 3 umsortiert | Erklärung: Anteil unter 3.400 h bei x̄ = 3.600 h und s = 170 h beträgt rund 12 % (z = −1,18), nicht 11 %";
PX-K-236;korrigiert + umsortiert;Themenpaket K-A / Optionslängen;3;Statistik;mc;von Kraftverkehr/NT · Naturwissenschaftliche und technische Grundlagen;"Distraktoren ohne Begründung – w ergänzt, richtige Option gekürzt; Statistik in Fach 3 umsortiert | Rechenweg (6 s = 8,1 g > 6 g) aus der richtigen Option in die Erklärung";
PX-K-246;korrigiert + umsortiert;Themenpaket K-A / Optionslängen;3;Statistik;mc;von Kraftverkehr/NT · Naturwissenschaftliche und technische Grundlagen;"Distraktoren ohne Begründung – w ergänzt, richtige Option gekürzt; Statistik in Fach 3 umsortiert | Rechenweg aus der richtigen Option in die Erklärung";
PX-K-265;korrigiert + umsortiert;Themenpaket K-A;3;Statistik;calc;von Kraftverkehr/NT · Naturwissenschaftliche und technische Grundlagen;"vierte Mittelwertaufgabe nach gleicher Vorlage (Häufigkeitstabelle); auf die in der Prüfung verlangte Standardabweichung umgestellt (NT 2015-05 Aufg. 7e); Statistik in Fach 3";
PX-K-273;korrigiert + umsortiert;Themenpaket K-A;3;Statistik;calc;von Kraftverkehr/NT · Naturwissenschaftliche und technische Grundlagen;"Statistik in Fach 3 umsortiert; Folgewert in der Erklärung korrigiert (≈ 6,4 % statt 6 %)";
PX-M-007;korrigiert;Variation zurückgeholt;3;Statistik;calc;;"Rechenvariante (Anteil mit zwei Nachkommastellen) mit Speditionsbezug statt Fahrradmontage; Rundungsvorgabe übernommen.";
PX-M-008;korrigiert;Variation zurückgeholt;3;Statistik;calc;;"Rechenvariante zu PX-M-007: Anteilsrechnung rückwärts (zulässige Anzahl aus vorgegebener Quote) statt eines zweiten, fast gleichen Fehleranteils aus demselben Los; Speditionsbezug, Rundungsvorgabe.";
PX-M-017;korrigiert;Themenpaket M-A;3;Statistik;calc→open;;"Zahlen/Kontext aus der Originalprüfung übernommen; drei gleichartige Einzelaufgaben (PX-M-017/018/019); zu einer übertragbaren Tabellenaufgabe mit Kraftverkehrsbezug zusammengefasst.";
PX-M-018;korrigiert;Variation zurückgeholt;3;Statistik;calc;;"Variation: prozentuale Veränderung als Einzelaufgabe mit Rückgang und anderen Zahlen als PX-M-017; Sachbezug und Rundungsvorgabe ergänzt";
PX-M-019;korrigiert;Variation zurückgeholt;3;Statistik;calc;;"Variation: prozentuale Veränderung mit Wechsel der Bezugsgröße (Anstieg +40 %, Rückgang nur −28,57 %) – andere gesuchte Größe als PX-M-017 und PX-M-018; Rundungsvorgabe ergänzt";
PX-M-035;korrigiert;Themenpaket M-A;3;Statistik;mc;;"Optionen ungleich lang, w fehlte; Kraftverkehrsbezug ergänzt.";
PX-M-052;korrigiert;Variation zurückgeholt;3;Statistik;calc;;"Variation: Anteil in % mit anderer Situation (Lieferantenbewertung) und anderer gesuchter Größe (Anteil der vertragsgemäßen statt der fehlerhaften Einheiten wie in PX-M-073); Formel in e ergänzt";
PX-M-059;korrigiert;Themenpaket M-A;3;Statistik;calc;;Erklärung bezieht sich auf eine Zielvorgabe, die in der Frage fehlte – ergänzt.;
PX-M-060;korrigiert;Themenpaket M-A;3;Statistik;calc;;Erklärung bezieht sich auf eine Zielvorgabe, die in der Frage fehlte – ergänzt.;
PX-M-063;korrigiert;Themenpaket M-A;3;Statistik;calc;;"Zahlen/Kontext aus der Originalprüfung übernommen; mit neuen Werten und Fuhrparkbezug übertragbar gemacht.";
PX-M-068;korrigiert;Themenpaket M-A;3;Statistik;calc→open;;"Zahlen/Kontext aus der Originalprüfung übernommen; reine Einzelrechnung; zur übertragbaren Tabellenaufgabe mit Verhältniszahlen erweitert (MI 05/2020, Aufg. 4).";
PX-M-079;korrigiert;Themenpaket M-A;3;Statistik;calc;;"Zahlen/Kontext aus der Originalprüfung übernommen; mit neuen Werten und Fuhrparkbezug übertragbar gemacht.";
PX-M-084;korrigiert;Themenpaket M-A;3;Statistik;calc;;"Einheit fehlte; Zahlen/Kontext aus der Originalprüfung übernommen; übertragbar gemacht.";
PX-M-090;korrigiert;Themenpaket M-A;3;Statistik;mc;;"w fehlte; Industriebeispiel aus der Prüfung auf Kraftverkehr übertragen, Optionen gleich gebaut.";
PX-M-095;korrigiert;Themenpaket M-A;3;Statistik;calc;;"Zahlen/Kontext aus der Originalprüfung übernommen; mit neuen Werten und Fuhrparkbezug übertragbar gemacht.";
PX-M-102;korrigiert + umsortiert;Themenpaket M-B;3;Statistik;mc;von Methoden · Präsentation;"Distraktoren ohne Begründung (w) – ergänzt; Diagrammwahl gehört zu Statistik/Datenauswertung (MI Mai 2017 Aufg. 4), nicht zur Präsentation; Optionslängen angeglichen (richtige Option war deutlich länger als die Distraktoren)";
PX-M-125;korrigiert;Themenpaket M-A;3;Statistik;calc;;"Einfache Anteilsrechnung mit Zahlen aus der Prüfung 11/2015 (Vorlage mehrfach vorhanden); zur prüfungsrelevanten kumulierten Häufigkeit umgebaut (MI 05/2024, 4b/4c).";
PX-M-130;korrigiert;Themenpaket M-A;3;Statistik;calc;;"Zahlen/Kontext aus der Originalprüfung übernommen; mit neuen Werten und Kraftverkehrsbezug übertragbar gemacht.";
PX-M-136;korrigiert + umsortiert;Themenpaket M-B;3;Statistik;mc;von Methoden · Präsentation;"Distraktoren ohne Begründung (w) – ergänzt; Diagrammwahl gehört zu Statistik/Datenauswertung (MI Nov. 2014 Aufg. 2), nicht zur Präsentation; Optionslängen angeglichen (richtige Option war deutlich länger als die Distraktoren)";
M-ST-601;neu;Themenpaket M-A;3;Statistik;calc;;Lücke: Unterschied zwischen indexierter Steigerung und Veränderung zum Vorjahr (P-MI-20201102 Aufg. 4a);
M-ST-602;neu;Themenpaket M-A;3;Statistik;calc;;Lücke: Unfallkennzahl je 1.000 Beschäftigte (P-MI-20181105 Aufg. 4a);
M-ST-603;neu;Themenpaket M-A;3;Statistik;calc;;Lücke: gewogener Durchschnittserlös über den Gesamtzeitraum (P-MI-20230503 Aufg. 4c);
M-ST-604;neu;Themenpaket M-A;3;Statistik;open;;Lücke: Vergleich von Fehlerquoten mit Entscheidung (P-MI-20221103 Aufg. 4);
M-ST-605;neu;Themenpaket M-A;3;Statistik;open;;Lücke: Erstellen und Auswerten eines Korrelationsdiagramms (P-MI-20211103 Aufg. 1d);
M-ST-606;neu;Themenpaket M-A;3;Statistik;mc;;Lücke: Kombinationsdiagramm mit zwei Größenachsen (P-MI-20191104 Aufg. 4b);
M-ST-607;neu;Themenpaket M-A;3;Statistik;mc;;Lücke: Netzdiagramm und seine Einsatzmöglichkeiten (P-MI-20170508 Aufg. 4);
M-ST-608;neu;Themenpaket M-A;3;Statistik;calc;;Lücke: Sortieren, Kumulieren und Pareto-Auswertung von Fehlerursachen (P-MI-20220504 Aufg. 4b);
PX-Z-065;gelöscht;Themenpaket Z-B;4;Berufsausbildung;mc;Dublette;Dublette: Anlässe der Unterweisung wie PX-Z-116.;PX-Z-116
Z-AB-113;gelöscht;Themenpaket Z-B;4;Berufsausbildung;mc;Dublette;Dublette: Dauer der Probezeit wie Z-AB-103.;Z-AB-103
Z-AB-115;gelöscht;Themenpaket Z-B;4;Berufsausbildung;mc;Dublette;Dublette: Pflichten des Ausbildenden nach § 14 BBiG wie Z-AB-106.;Z-AB-106
Z-AB-116;gelöscht;Themenpaket Z-B;4;Berufsausbildung;mc;Dublette;Dublette: gleiche Frage nach der Pflicht des Auszubildenden zum Führen des Ausbildungsnachweises wie Z-AB-105 (gleiche richtige Antwort).;Z-AB-105
Z-AB-117;gelöscht;Themenpaket Z-B;4;Berufsausbildung;mc;nicht prüfungsrelevant / überholt;Nicht prüfungsrelevant: Die Anzahl der AEVO-Handlungsfelder ist Trivia ohne Bezug zu den Meisterprüfungen.;
Z-AB-119;gelöscht;Themenpaket Z-B;4;Berufsausbildung;mc;nicht prüfungsrelevant / überholt;Nicht prüfungsrelevant: Die Zusammensetzung des IHK-Prüfungsausschusses ist Randwissen ohne Bezug zu den Meisterprüfungen.;
Z-AB-124;gelöscht;Themenpaket Z-B;4;Berufsausbildung;mc;Dublette;Dublette: Funktion des Ausbildungsrahmenplans wie Z-AB-109.;Z-AB-109
Z-AB-126;gelöscht;Themenpaket Z-B;4;Berufsausbildung;mc;Dublette;Nicht prüfungsrelevant: Zusammensetzung des Prüfungsausschusses nach § 40 BBiG (Randwissen, zugleich Dublette zu Z-AB-119).;
Z-AB-130;gelöscht;Themenpaket Z-B;4;Berufsausbildung;mc;nicht prüfungsrelevant / überholt;Nicht prüfungsrelevant: Der Aufbau der Ausbildereignungsprüfung (AEVO) ist nicht Gegenstand der Meisterprüfung.;
Z-AB-131;gelöscht;Themenpaket Z-B;4;Berufsausbildung;mc;Dublette;"Dublette von Z-AB-104 und veraltet: verlangt „schriftliche“ Niederlegung; seit 1.8.2024 genügt die Textform (§ 11 BBiG).";Z-AB-104
Z-AB-132;gelöscht;Themenpaket Z-B;4;Berufsausbildung;mc;Dublette;Nicht prüfungsrelevant: praktischer Teil der Ausbildereignungsprüfung (zugleich Dublette zu Z-AB-130).;
Z-AB-133;gelöscht;Themenpaket Z-B;4;Berufsausbildung;mc;Dublette;Dublette: Ausbildungsrahmenplan wie Z-AB-109.;Z-AB-109
Z-AB-134;gelöscht;Themenpaket Z-B;4;Berufsausbildung;mc;Dublette;Dublette: Zweck der Zwischenprüfung wie Z-AB-110.;Z-AB-110
Z-AB-135;gelöscht;Themenpaket Z-B;4;Berufsausbildung;mc;Dublette;Dublette: Höchstarbeitszeit nach § 8 JArbSchG wie Z-AB-122.;Z-AB-122
Z-AB-137;gelöscht;Themenpaket Z-B;4;Berufsausbildung;mc;Dublette;Dublette: Pflichten rund um den Ausbildungsnachweis wie Z-AB-129.;Z-AB-129
PX-Z-043;korrigiert;Themenpaket Z-B;4;Berufsausbildung;mc→open;;"MC mit unplausiblen Distraktoren (Verlust der Ausbildungsberechtigung von Gesetzes wegen); als offene Aufgabe nach P-ZI 06.11.2025 Aufg. 8a/b mit Fahrerbezug neu gefasst; PX-Z-044 ist darin aufgegangen.";
PX-Z-044;korrigiert;Themenpaket Z-B;4;Berufsausbildung;mc;;"Richtige Option deutlich länger als die Distraktoren; angeglichen, w ergänzt (offene Vertiefung in PX-Z-043).";
PX-Z-147;korrigiert;Themenpaket Z-B;4;Berufsausbildung;mc;;"Richtige Option deutlich länger als die Distraktoren; mit Fahrerbezug angeglichen, w ergänzt (vgl. P-ZI 07.11.2017 Aufg. 5b).";
PX-Z-187;korrigiert;Themenpaket Z-B;4;Berufsausbildung;mc→open;;"MC mit überlanger richtiger Option und unplausiblen Distraktoren; als offene Aufgabe nach P-ZI 30.04.2015 Aufg. 1a und P-ZI 13.11.2014 Aufg. 7c neu gefasst; PX-Z-199 ist darin aufgegangen.";
PX-Z-199;korrigiert;Themenpaket Z-B;4;Berufsausbildung;mc;;"Richtige Option überlang, Erklärung passte nicht zur Frage (Schlüsselqualifikationen); angeglichen, Erklärung angepasst, w ergänzt (offene Vertiefung in PX-Z-187).";
Z-AB-101;korrigiert;Themenpaket Z-B;4;Berufsausbildung;mc;;Distraktoren ohne Begründung – kurze w-Erklärungen ergänzt;
Z-AB-102;korrigiert;Themenpaket Z-B;4;Berufsausbildung;mc;;Distraktoren ohne Begründung – kurze w-Erklärungen ergänzt;
Z-AB-103;korrigiert;Themenpaket Z-B;4;Berufsausbildung;mc;;Distraktoren ohne Begründung – kurze w-Erklärungen ergänzt;
Z-AB-104;korrigiert;Leitung;4;Berufsausbildung;mc;;Leitung;
Z-AB-105;korrigiert;Themenpaket Z-B;4;Berufsausbildung;mc;;"„schriftlicher Ausbildungsnachweis“ unvollständig (schriftlich oder elektronisch, § 13 Nr. 7 BBiG); unklarer Distraktor umformuliert, w ergänzt.";
Z-AB-106;korrigiert;Themenpaket Z-B;4;Berufsausbildung;mc;;"Richtige Option deutlich länger als die Distraktoren; angeglichen, w ergänzt.";
Z-AB-107;korrigiert;Themenpaket Z-B;4;Berufsausbildung;mc;;Distraktoren ohne Begründung – kurze w-Erklärungen ergänzt;
Z-AB-108;korrigiert;Themenpaket Z-B;4;Berufsausbildung;mc;;"Richtige Option deutlich länger als die Distraktoren; angeglichen, w ergänzt.";
Z-AB-109;korrigiert;Themenpaket Z-B;4;Berufsausbildung;mc;;Distraktoren ohne Begründung – kurze w-Erklärungen ergänzt;
Z-AB-110;korrigiert;Themenpaket Z-B;4;Berufsausbildung;mc;;"Richtige Option länger als die Distraktoren; gekürzt, w-Erklärungen ergänzt; Erklärung um die gestreckte Abschlussprüfung ergänzt.";
Z-AB-111;korrigiert;Themenpaket Z-B;4;Berufsausbildung;mc;;Distraktoren ohne Begründung – kurze w-Erklärungen ergänzt;
Z-AB-112;korrigiert;Themenpaket Z-B;4;Berufsausbildung;mc;;"w-Erklärungen ergänzt; Erklärung um die Schriftform der Kündigung ergänzt (gilt anders als bei der Vertragsabfassung weiterhin)";
Z-AB-114;korrigiert;Themenpaket Z-B;4;Berufsausbildung;mc;;Fachlich veraltet („elektronische Form ausgeschlossen“): Seit 1.8.2024 (BVaDiG) genügt nach § 11 BBiG die Textform. Als eigene Frage zur Form der Vertragsabfassung neu gefasst (den Zeitpunkt fragt Z-AB-104), w ergänzt.;
Z-AB-118;korrigiert;Themenpaket Z-B;4;Berufsausbildung;mc;;"Richtige Option deutlich länger als die Distraktoren; gekürzt, w ergänzt.";
Z-AB-120;korrigiert;Themenpaket Z-B;4;Berufsausbildung;mc;;Distraktoren ohne Begründung – kurze w-Erklärungen ergänzt;
Z-AB-121;korrigiert;Themenpaket Z-B;4;Berufsausbildung;mc;;"Erklärung sprach von der „Vertragsniederschrift“; seit 1.8.2024 (BVaDiG) genügt die Vertragsabfassung in Textform (§ 11 BBiG). Erklärung aktualisiert, w ergänzt";
Z-AB-122;korrigiert;Themenpaket Z-B / Querschnitt;4;Berufsausbildung;mc;;Distraktoren ohne Begründung – kurze w-Erklärungen ergänzt | Behaltene Fassung der Dublette R-AR-047: Fünf-Tage-Woche (§ 15 JArbSchG) aus R-AR-047 und die Ausnahmeregel 8,5 Stunden (§ 8 Abs. 2a) in die Erklärung übernommen;
Z-AB-123;korrigiert;Themenpaket Z-B;4;Berufsausbildung;mc;;Distraktoren ohne Begründung – kurze w-Erklärungen ergänzt;
Z-AB-125;korrigiert;Themenpaket Z-B;4;Berufsausbildung;mc;;"Erklärung sprach von der „Vertragsniederschrift“; auf Vertragsabfassung in Textform (§ 11 BBiG, seit 1.8.2024) aktualisiert, w ergänzt";
Z-AB-127;korrigiert;Themenpaket Z-B;4;Berufsausbildung;mc;;Distraktoren ohne Begründung – kurze w-Erklärungen ergänzt;
Z-AB-128;korrigiert;Themenpaket Z-B;4;Berufsausbildung;mc;;Distraktoren ohne Begründung – kurze w-Erklärungen ergänzt;
Z-AB-129;korrigiert;Themenpaket Z-B;4;Berufsausbildung;mc;;Distraktoren ohne Begründung – kurze w-Erklärungen ergänzt;
Z-AB-136;korrigiert;Themenpaket Z-B;4;Berufsausbildung;mc;;"Distraktoren grammatisch unpassend („dem Auszubildenden … zur Verfügung zu stellen“ als Pflicht des Auszubildenden); sprachlich angepasst, w ergänzt.";
Z-PE-035;korrigiert + umsortiert;Themenpaket Z-A;4;Berufsausbildung;mc;von Zusammenarbeit · Personalentwicklung;"fehlende Begründungen (w) für alle Distraktoren ergänzt; umsortiert nach Berufsausbildung (Inhalt betrifft die duale Ausbildung/Auszubildende)";
PX-Z-159;gelöscht;Themenpaket Z-B;4;Entgelt und Arbeitszeit;mc;Dublette;"Dublette: prüft wie Z-EA-103 den Aufbau des Prämienlohns (Grundlohn plus Prämie); richtige Option war zudem auffällig länger.";Z-EA-103
Z-EA-107;gelöscht;Dubletten;4;Entgelt und Arbeitszeit;mc;Dublette;"Dublette: Voraussetzungen § 8 TzBfG (Arbeitsrecht); Distraktor „wichtiger persönlicher Grund“ und „ohne Auszubildende“ übernommen";R-AR-045
Z-EA-108;gelöscht;Themenpaket Z-B;4;Entgelt und Arbeitszeit;mc;nicht prüfungsrelevant / überholt;Nicht prüfungsrelevant: Insolvenzschutz von Wertguthaben nach § 7e SGB IV ist Randwissen der Entgeltabrechnung, kein Rahmenplan- oder Prüfungsthema.;
Z-EA-109;gelöscht;Themenpaket Z-B;4;Entgelt und Arbeitszeit;mc;Dublette;Dublette: prüft wie Z-EA-122 die Verlängerung nach § 3 ArbZG auf 10 Stunden mit Ausgleich in 6 Monaten/24 Wochen.;Z-EA-122
Z-EA-111;gelöscht;Themenpaket Z-B;4;Entgelt und Arbeitszeit;mc;nicht prüfungsrelevant / überholt;"Nicht prüfungsrelevant: steuerfreie Zuschlagssätze nach § 3b EStG sind Lohnsteuerrecht und kommen in keiner Originalprüfung vor; zudem Teilmenge von Z-EA-126.";
Z-EA-118;gelöscht;Themenpaket Z-B;4;Entgelt und Arbeitszeit;calc;nicht prüfungsrelevant / überholt;"Nicht prüfungsrelevant: Teilzeitquote ist keine Prüfungskennzahl; triviale Prozentrechnung ohne Bezug zu Entgelt oder Arbeitszeit.";
Z-EA-126;gelöscht;Themenpaket Z-B;4;Entgelt und Arbeitszeit;mc;nicht prüfungsrelevant / überholt;Nicht prüfungsrelevant: steuerfreie Zuschläge nach § 3b EStG (Lohnsteuerrecht) sind weder Rahmenplaninhalt noch Gegenstand der Originalprüfungen.;
PX-B-079;korrigiert + umsortiert;Themenpaket B-A;4;Entgelt und Arbeitszeit;calc;von BWL · Kostenrechnung;Falsch einsortiert: Akkordstundenverdienst gehört zu Entgelt und Arbeitszeit (dort liegen alle übrigen Akkordaufgaben);
PX-B-174;korrigiert + umsortiert;Themenpaket B-A;4;Entgelt und Arbeitszeit;calc;von BWL · Kostenrechnung;Falsch einsortiert: Auftragszeit (Rüstzeit + Menge × Zeit je Einheit) gehört zu Entgelt und Arbeitszeit (Akkord/Vorgabezeit);
PX-B-175;korrigiert + umsortiert;Themenpaket B-A;4;Entgelt und Arbeitszeit;calc;von BWL · Kostenrechnung;Falsch einsortiert: Akkordlohn/Zeitgrad gehört zu Entgelt und Arbeitszeit;
PX-B-193;korrigiert + umsortiert;Themenpaket B-A;4;Entgelt und Arbeitszeit;calc;von BWL · Kostenrechnung;"Falsch einsortiert (Akkord → Entgelt und Arbeitszeit); Erklärung verwies auf nicht genannte Daten (Istlohn 20,24 €, 30 Std.)";
PX-Z-024;korrigiert;Themenpaket Z-B;4;Entgelt und Arbeitszeit;mc;;Distraktoren ohne Begründung – kurze w-Erklärungen ergänzt;
PX-Z-025;korrigiert;Themenpaket Z-B;4;Entgelt und Arbeitszeit;mc→open;;"MC mit auffällig langer richtiger Option und unplausiblen Distraktoren; wie in der BW-Prüfung (Voraussetzungen und Vor-/Nachteile des Akkordlohns) als offene Aufgabe mit Lagerbezug neu gefasst.";
PX-Z-026;korrigiert;Themenpaket Z-B;4;Entgelt und Arbeitszeit;mc;;Distraktoren ohne Begründung – kurze w-Erklärungen ergänzt;
PX-Z-047;korrigiert;Themenpaket Z-B;4;Entgelt und Arbeitszeit;mc;;"Richtige Option deutlich länger als die knappen, teils unplausiblen Distraktoren; Optionen angeglichen und w ergänzt.";
PX-Z-096;korrigiert;Themenpaket Z-B;4;Entgelt und Arbeitszeit;mc;;"Richtige Option länger als die Distraktoren; Abgrenzung geschärft, Beispiele und Mitbestimmung (§ 87 Abs. 1 Nr. 8 BetrVG) ergänzt, w ergänzt.";
PX-Z-098;korrigiert;Themenpaket Z-B;4;Entgelt und Arbeitszeit;mc;;"Distraktoren spielten nur mit dem Wort „Übung“ (Unterweisung, Probezeit, Evakuierungsübung) und waren nicht plausibel; durch typische Verwechslungen ersetzt, w ergänzt.";
PX-Z-150;korrigiert;Variation zurückgeholt;4;Entgelt und Arbeitszeit;calc;;"Variation: Zeitgrad rückwärts gerechnet (gesucht Istzeit statt Zeitgrad wie in PX-Z-124); bisher nur mit 1,5 skalierte Zahlen und gleiches Ergebnis, daher zur Rückwärtsrechnung abgewandelt; Werkstattbezug, Rundungsvorgabe";
PX-Z-157;korrigiert;Themenpaket Z-B;4;Entgelt und Arbeitszeit;calc;;Zahlen veraltet: Akkordgrundlohn 12,00 € und Richtsatz 13,80 € liegen unter dem Mindestlohn 2026 (13,90 €). Zahlen angepasst, Rechenweg unverändert.;
PX-Z-167;korrigiert;Themenpaket Z-B;4;Entgelt und Arbeitszeit;mc→open;;"MC mit sehr langer richtiger Option und unplausiblen Distraktoren; wie in der BW-Prüfung (Zeitlohn: Tätigkeitsbereiche begründen, Nachteile abmildern) als offene Aufgabe mit Kraftverkehrsbezug neu gefasst.";
PX-Z-176;korrigiert;Themenpaket Z-B;4;Entgelt und Arbeitszeit;mc;;Nicht eindeutig: Bei Zeitgrad 95 % liegt der proportionale Akkordlohn (18,81 €) über dem garantierten Grundlohn, sodass die als falsch markierte Option vertretbar war. Zeitgrad auf 85 % geändert, Optionen gleich gebaut, w ergänzt.;
PX-Z-194;korrigiert;Themenpaket Z-B;4;Entgelt und Arbeitszeit;calc;;Zahlen veraltet: Akkordrichtsatz 13,60 € liegt unter dem Mindestlohn 2026 (13,90 €). Richtsatz angepasst und neu gerechnet.;
Z-EA-101;korrigiert;Themenpaket Z-B;4;Entgelt und Arbeitszeit;mc;;Distraktoren ohne Begründung – kurze w-Erklärungen ergänzt;
Z-EA-102;korrigiert;Themenpaket Z-B;4;Entgelt und Arbeitszeit;mc;;"Fragestellung war zu pauschal („grundsätzlich unzulässig“); Art. 10 VO (EG) 561/2006 verbietet Strecken-/Mengenprämien nur, wenn sie Sicherheit gefährden oder zu Verstößen verleiten. Als Handlungssituation neu gefasst, w ergänzt.";
Z-EA-103;korrigiert;Themenpaket Z-B;4;Entgelt und Arbeitszeit;mc;;Distraktoren ohne Begründung – kurze w-Erklärungen ergänzt;
Z-EA-104;korrigiert;Themenpaket Z-B;4;Entgelt und Arbeitszeit;mc;;Distraktoren ohne Begründung – kurze w-Erklärungen ergänzt;
Z-EA-105;korrigiert;Themenpaket Z-B;4;Entgelt und Arbeitszeit;mc;;"Ersatzanführungszeichen durch „…“ ersetzt; w-Erklärungen ergänzt";
Z-EA-106;korrigiert;Themenpaket Z-B;4;Entgelt und Arbeitszeit;mc;;Distraktoren ohne Begründung – kurze w-Erklärungen ergänzt;
Z-EA-110;korrigiert;Themenpaket Z-B;4;Entgelt und Arbeitszeit;mc;;"Richtige Option deutlich länger als die Distraktoren (Hinweis im Wortlaut); gekürzt, w-Erklärungen ergänzt";
Z-EA-112;korrigiert;Themenpaket Z-B;4;Entgelt und Arbeitszeit;mc;;Distraktoren ohne Begründung – kurze w-Erklärungen ergänzt;
Z-EA-113;korrigiert;Themenpaket Z-B;4;Entgelt und Arbeitszeit;calc;;"Begriffe vermischt: Ein Minutenfaktor gehört zum Zeitakkord, nicht zum Geldakkord; Schichtdauer ergänzt, Rechenweg um Zeitgrad erweitert.";
Z-EA-121;korrigiert;Themenpaket Z-B;4;Entgelt und Arbeitszeit;mc;;Distraktoren ohne Begründung – kurze w-Erklärungen ergänzt;
Z-EA-122;korrigiert;Themenpaket Z-B;4;Entgelt und Arbeitszeit;mc;;Distraktoren ohne Begründung – kurze w-Erklärungen ergänzt;
Z-EA-123;korrigiert;Themenpaket Z-B;4;Entgelt und Arbeitszeit;mc;;Distraktoren ohne Begründung – kurze w-Erklärungen ergänzt;
Z-EA-124;korrigiert;Leitung / Querschnitt;4;Entgelt und Arbeitszeit;mc;;"Leitung | Fragestamm war wortgleich mit R-AR-028 („Wie lange muss die Ruhezeit mindestens betragen?“, 11 Stunden) und damit dieselbe Aufgabe; wie bei der Rückholung (VAR-5) beabsichtigt, jetzt als Variation auf die Verkürzung nach § 5 Abs. 2 ArbZG im Verkehrsbetrieb ausgerichtet; Tarifausnahme § 7 Abs. 1 Nr. 3 in w und Erklärung richtiggestellt (Stand 2026: ArbZG-Reform nur Referentenentwurf, § 5 unberührt)";
Z-EA-125;korrigiert;Themenpaket Z-B;4;Entgelt und Arbeitszeit;mc;;"Erklärung an die Erfassungspflicht nach BAG 13.09.2022 angepasst; w-Erklärungen ergänzt";
Z-EA-127;korrigiert;Themenpaket Z-B;4;Entgelt und Arbeitszeit;mc;;"Richtige Option war deutlich länger als die Distraktoren (Hinweis im Wortlaut); Erklärung fachlich ungenau (Unterschreiten scheitert an der zwingenden Wirkung nach § 4 Abs. 1 TVG, nicht am Günstigkeitsprinzip). Optionen angeglichen, w ergänzt.";
Z-EA-128;korrigiert;Themenpaket Z-B;4;Entgelt und Arbeitszeit;mc;;Distraktoren ohne Begründung – kurze w-Erklärungen ergänzt;
Z-EA-131;korrigiert;Themenpaket Z-B;4;Entgelt und Arbeitszeit;calc;;Fachfehler im Fragetext: Akkordrichtsatz wurde mit dem Grundlohn gleichgesetzt (Akkordrichtsatz = Akkordgrundlohn + Akkordzuschlag). Mit Werkstattbezug neu formuliert.;
Z-EA-133;korrigiert;Themenpaket Z-B;4;Entgelt und Arbeitszeit;calc;;"Nach neuer Dublettenregel als Variation behalten (andere gesuchte Größe als Z-EA-140); „verbleibendes Entgelt ohne Lohnsteuer“ war keine sinnvolle Größe und die Sätze stammten von 2025. Als Rückwärtsrechnung Personalkosten → Bruttoentgelt (Stand 2026) neu gefasst.";
Z-EA-134;korrigiert;Themenpaket Z-B;4;Entgelt und Arbeitszeit;calc;;"Beitragssätze als „2025“ bezeichnet und ohne Zusatzbeitrag gerechnet; auf Stand 2026 mit durchschnittlichem Zusatzbeitrag aktualisiert und mit Fahrerbezug (Personalkosten für die Fahrzeugkostenrechnung) versehen.";
Z-EA-135;korrigiert;Themenpaket Z-B;4;Entgelt und Arbeitszeit;calc;;"Triviale Division ohne Prüfungsbezug; zu einer Mindestlohnprüfung (Stand 2026) ausgebaut, wie sie für Lager- und Fahrpersonal praxisrelevant ist.";
Z-EA-138;korrigiert;Themenpaket Z-B;4;Entgelt und Arbeitszeit;calc;;"Begriffe vermischt: Im Geldakkord wird mit dem Stückgeld gerechnet, der Minutenfaktor gehört zum Zeitakkord; Rechenweg entsprechend angepasst.";
Z-EA-139;korrigiert;Themenpaket Z-B;4;Entgelt und Arbeitszeit;calc;;"Fragetext unklar formuliert („Minutenfaktor aus dem Akkordrichtsatz“, Schichtdauer nur indirekt); präzisiert.";
Z-EA-140;korrigiert;Themenpaket Z-B;4;Entgelt und Arbeitszeit;calc;;"Beitragssätze als „2025“ ohne Zusatzbeitrag angegeben; auf Stand 2026 aktualisiert und neu gerechnet.";
Z-EA-141;korrigiert;Themenpaket Z-B;4;Entgelt und Arbeitszeit;calc;;"Beitragssätze ohne Zusatzbeitrag und ohne Stand; Lohnsteuer von 206 € für 2.000 € brutto unplausibel. Auf Stand 2026 aktualisiert, Lohnsteuer als Abrechnungswert vorgegeben.";
Z-EA-601;neu;Themenpaket Z-B;4;Entgelt und Arbeitszeit;calc;;Lücke: Arbeitszeit des Fahrpersonals nach § 21a Abs. 4 ArbZG (Ausgleichszeitraum 4 Monate/16 Wochen) fehlte ganz (vgl. P-FT 11.11.2025 Aufg. 1, P-FT 20.11.2023 Aufg. 2 „Verstöße gegen Arbeits-, Lenk- und Ruhezeiten“).;
Z-EA-605;neu;Themenpaket Z-B;4;Entgelt und Arbeitszeit;mc;;Lücke: Aufzeichnungspflicht und Mehrfachbeschäftigung beim Fahrpersonal (§ 21a Abs. 7 und 8 ArbZG) fehlten (vgl. P-FT 11.11.2025 Aufg. 1a „lückenloser Arbeitszeitnachweis“).;
Z-EA-606;neu;Themenpaket Z-B;4;Entgelt und Arbeitszeit;mc;;"Lücke: Anwendung der Ruhezeitregel des ArbZG in einer betrieblichen Situation fehlte; vorhandene Fragen fragen nur Zahlen ab (vgl. P-RE-Prüfung Aufg. „Einsatz Spätschicht/Frühschicht“ nach § 5 ArbZG).";
Z-EA-607;neu;Themenpaket Z-B;4;Entgelt und Arbeitszeit;mc;;"Lücke: Mindestlohn 2026 im Kraftverkehr, hier Vergütungspflicht von Wartezeiten (Bereitschaftszeit), fehlte; Mindestlohn kam im Paket nur am Rand vor.";
Z-EA-608;neu;Themenpaket Z-B;4;Entgelt und Arbeitszeit;mc;;Lücke: Aufzeichnungspflicht nach § 17 MiLoG, die für das Speditions-, Transport- und Logistikgewerbe gilt, fehlte (Arbeitszeitnachweise als Prüfungsthema, vgl. P-FT 11.11.2025 Aufg. 1).;
Z-EA-609;neu;Themenpaket Z-B;4;Entgelt und Arbeitszeit;mc;;"Lücke: Haftung der Spedition für den Mindestlohn beim Einsatz von Subunternehmern (§ 13 MiLoG) fehlte; typisches Risiko im Güterkraftverkehr.";
Z-EA-610;neu;Themenpaket Z-B;4;Entgelt und Arbeitszeit;open;;Lücke: Vor- und Nachteile eines Prämiensystems zur Schadenminimierung im Fuhrpark fehlten (P-OK 08.05.2025 Aufg. 3b, 12 P).;
Z-EA-611;neu;Themenpaket Z-B;4;Entgelt und Arbeitszeit;calc;;Lücke: Arbeitszeitbegriff des § 21a ArbZG rechnerisch anwenden (welche Zeiten zählen, welche nicht) fehlte (vgl. P-FT 11.11.2025 Aufg. 1b).;
PX-Z-100;gelöscht;Themenpaket Z-A;4;Führungsmethoden;mc;Dublette;Dublette zu Z-FM-001 (Kennzeichen MbO);Z-FM-001
PX-Z-165;gelöscht;Themenpaket Z-A;4;Führungsmethoden;mc;Dublette;Dublette zu Z-FS-022 (Amts-, fachliche und persönliche Autorität);Z-FS-022
Z-FM-002;gelöscht;Dubletten;4;Führungsmethoden;mc;Dublette;"Dublette: SMART-Kriterien für Ziele im MbO/in Zielvereinbarungen; bleibt im Führungskontext mit Z-BE-133 und im Projektkontext mit M-PM-036 abgedeckt";Z-BE-133
Z-FM-004;gelöscht;Themenpaket Z-A;4;Führungsmethoden;mc;Dublette;Dublette zu Z-FM-003 (MbE: Eingriff nur bei Abweichungen);Z-FM-003
Z-FM-017;gelöscht;Querschnitt;4;Führungsmethoden;mc;Dublette;"Nach Mitarbeiterbeurteilung verschoben und jetzt Dublette zu Z-BE-101: gleiche Frage nach Zweck/Ziel der Beurteilung (sachliche Grundlage für Förderung und Personalentscheidungen); Z-BE-101 hat die plausibleren Distraktoren.";Z-BE-101
Z-FM-018;gelöscht;Querschnitt;4;Führungsmethoden;mc;Dublette;"Nach Mitarbeiterbeurteilung verschoben und jetzt Dublette zu Z-BE-103: gleiche Definitionsfrage zum Halo-Effekt. Beispiel und Hinweis „positiv oder negativ“ in die Erklärung von Z-BE-103 übernommen; die Fallfragen (PX-Z-101, PX-Z-156, Z-BE-114, Z-BE-121) bleiben als Beispiel-erkennen-Variation.";Z-BE-103
Z-FM-032;gelöscht;Querschnitt;4;Führungsmethoden;open;Dublette;"Dublette zu PX-Z-008 a) (vier Beurteilungsfehler beschreiben); PX-Z-008 ist prüfungsnäher (Situation, Punkte, Teil b Gegenmaßnahmen). Andorra-/Pygmalion-Effekt in die Musterlösung von PX-Z-008 übernommen.";PX-Z-008
Z-FM-101;gelöscht;Themenpaket Z-A;4;Führungsmethoden;mc;Dublette;Dublette zu Z-FM-001 (Kennzeichen MbO);Z-FM-001
Z-FM-102;gelöscht;Themenpaket Z-A;4;Führungsmethoden;mc;Dublette;Dublette zu Z-FM-003 (MbE: Eingriff bei Überschreiten der Toleranzgrenzen);Z-FM-003
Z-FM-103;gelöscht;Themenpaket Z-A;4;Führungsmethoden;mc;Dublette;Dublette zu Z-FM-005 (MbD: Übertragung von Aufgabe, Kompetenz und Verantwortung);Z-FM-005
Z-FM-107;gelöscht;Themenpaket Z-A;4;Führungsmethoden;mc;fachlich unbrauchbar, trivial oder nicht lösbar;"Hinweis im Wortlaut („Fahrzeugauslastung“ → „Auslastungsgrad“), Distraktoren offensichtlich themenfremd; Kennzahlen gehören zu Controlling/Fuhrparkmanagement, nicht zu Führungsmethoden";
Z-FM-108;gelöscht;Themenpaket Z-A;4;Führungsmethoden;mc;Dublette;Dublette zu Z-FM-037 (Kontrolle notwendig, aber vertrauensvoll und nicht lückenlos);Z-FM-037
PX-Z-002;korrigiert + umsortiert;Themenpaket Z-B / Querschnitt;4;Führungsmethoden;mc→open;von Zusammenarbeit · Konflikte;"Reihenfolgefrage mit willkürlich vertauschten Distraktoren; das Schema ließ die Stellungnahme des Mitarbeiters aus. Als offene Aufgabe nach P-ZI 03.11.2020 Aufg. 7a mit Fahrerbezug neu gefasst. | Teil b) aktives Zuhören aus der gelöschten Dublette Z-FM-602 übernommen (P-ZI Aufg. 7a/7b); nach Führungsmethoden umsortiert, wo Kritikgespräch und Führungsmittel Kritik (Z-FM-014) stehen";
PX-Z-032;korrigiert;Themenpaket Z-A;4;Führungsmethoden;mc;;fehlende Begründungen (w) für alle Distraktoren ergänzt;
PX-Z-061;korrigiert;Themenpaket Z-A / Optionslängen;4;Führungsmethoden;mc;;"fehlende Begründungen (w) für alle Distraktoren ergänzt | Richtige Option gekürzt (Anerkennen der Kompetenz in der Erklärung); zwei Distraktoren verlängert";
PX-Z-071;korrigiert;Themenpaket Z-A;4;Führungsmethoden;mc;;"Frage ohne Situationsbezug, Distraktoren abwegig („Vorgesetzter äußert sich nie wieder“); Handlungssituation ergänzt (vgl. ZI 9.11.2023 Aufg. 3b), Distraktoren durch typische Fehlannahmen ersetzt, w ergänzt";
PX-Z-080;korrigiert;Themenpaket Z-A / Optionslängen;4;Führungsmethoden;mc;;"auf den Meister im Kraftverkehr übertragen („Industriemeister“ ersetzt); fehlende Begründungen (w) für alle Distraktoren ergänzt | Aufzählung in der richtigen Option gekürzt (Lüftung, Schichtgestaltung in der Erklärung); Distraktoren verlängert";
PX-Z-081;korrigiert;Themenpaket Z-A / Optionslängen;4;Führungsmethoden;mc;;"fehlende Begründungen (w) für alle Distraktoren ergänzt | Richtige Option gestrafft (schriftliche Form in der Erklärung); Distraktor verlängert";
PX-Z-082;korrigiert;Themenpaket Z-A;4;Führungsmethoden;mc→open;;"MC mit abwegigen Distraktoren („Verzicht auf Digitalisierung“) war ohne Fachwissen lösbar; in offene Aufgabe umgewandelt (vgl. ZI 5.5.2022 Aufg. 1a/b)";
PX-Z-130;korrigiert;Variation zurückgeholt;4;Führungsmethoden;mc;;"Variation: Anerkennung als Anwendung im Fall (wann und wie einsetzen), Z-FM-026 fragt die allgemeine Regel für Lob ab; zum konkreten Fahrerfall umgebaut, w ergänzt";
PX-Z-142;korrigiert;Themenpaket Z-A / Optionslängen;4;Führungsmethoden;mc;;"fehlende Begründungen (w) für alle Distraktoren ergänzt | Richtlinien und Motivationswirkung aus der richtigen Option in die Erklärung; Distraktoren gleich gebaut, „immer“ entfernt";
PX-Z-145;korrigiert;Themenpaket Z-A;4;Führungsmethoden;mc→open;;"MC fragte eine bestimmte Rollenbezeichnung ab (Mentor und Trainer nur am Wortlaut unterscheidbar), nicht übertragbar; in offene Aufgabe umgewandelt (vgl. ZI 9.11.2023 Aufg. 4a, ZI 6.5.2020 Aufg. 5a)";
PX-Z-149;korrigiert;Themenpaket Z-A;4;Führungsmethoden;mc;;fehlende Begründungen (w) für alle Distraktoren ergänzt;
PX-Z-160;korrigiert;Themenpaket Z-A / Optionslängen;4;Führungsmethoden;mc;;"fehlende Begründungen (w) für alle Distraktoren ergänzt | Richtige Option gestrafft (Übereinstimmung von Wort und Tat in der Erklärung); „allen“/„jeder“ bei Distraktoren entfernt";
PX-Z-178;korrigiert;Themenpaket Z-A;4;Führungsmethoden;mc→open;;"Doppelfrage mit sehr langer richtiger Option (Lösung an der Länge erkennbar); in offene Aufgabe umgewandelt (vgl. ZI 6.11.2015 Aufg. 2)";
PX-Z-183;korrigiert;Themenpaket Z-A / Optionslängen;4;Führungsmethoden;mc;;fehlende Begründungen (w) für alle Distraktoren ergänzt | Folgenkette aus der richtigen Option in die Erklärung, Option auf den Kern gekürzt;
PX-Z-189;korrigiert;Themenpaket Z-A;4;Führungsmethoden;mc→open;;"MC mit langer Aufzählung als richtiger Option (Wissenspunkt doppelt zu Z-FM-008); in die prüfungsnahe mehrteilige Delegationsaufgabe umgewandelt (vgl. ZI 30.4.2015 Aufg. 3)";
PX-Z-195;korrigiert;Themenpaket Z-A / Optionslängen;4;Führungsmethoden;mc;;"Erklärung enthielt themenfremden Inhalt (Aktennotizen); auf das Gespräch fokussiert; fehlende Begründungen (w) für alle Distraktoren ergänzt | Folgenklammer und Details aus der richtigen Option in die Erklärung; Optionen einheitlich als zu-Infinitiv, „sofort“ beim Distraktor entfernt";
PX-Z-196;korrigiert;Themenpaket Z-A / Optionslängen;4;Führungsmethoden;mc;;"richtige Option enthielt die unscharfe Wendung „fachliche Leitung kraft Amtsautorität“, Distraktoren abwegig (nur Maschinenüberwachung); überarbeitet, w ergänzt | Aufgabenaufzählung in der richtigen Option gestrafft (vollständig in der Erklärung); „Ausschließlich“/„allein“ beim Distraktor entfernt";
Z-FM-007;korrigiert;Dubletten;4;Führungsmethoden;mc;;"Näherer Distraktor „Kontrolle“ aus B-OR-017 statt „Ziel, Weg, Ergebnis“; Erklärung um Handlungs-/Führungsverantwortung (aus B-OR-108, M-AM-129) ergänzt";
Z-FM-008;korrigiert;Themenpaket Z-A;4;Führungsmethoden;mc;;"Verneinungsfrage („NICHT delegieren“) positiv umformuliert; Beurteilung als nicht delegierbare Führungsaufgabe ergänzt";
Z-FM-027;korrigiert;Themenpaket Z-A;4;Führungsmethoden;mc;;fehlende Begründungen (w) für alle Distraktoren ergänzt;
Z-FM-028;korrigiert;Themenpaket Z-A;4;Führungsmethoden;mc;;fehlende Begründungen (w) für alle Distraktoren ergänzt;
Z-FM-029;korrigiert;Themenpaket Z-A;4;Führungsmethoden;mc;;fehlende Begründungen (w) für alle Distraktoren ergänzt;
Z-FM-030;korrigiert;Themenpaket Z-A;4;Führungsmethoden;mc;;fehlende Begründungen (w) für alle Distraktoren ergänzt;
Z-FM-031;korrigiert;Themenpaket Z-A;4;Führungsmethoden;open;;"Nachteile von MbO fehlten; nach ZI 6.5.2021 Aufg. 4c auf je drei Vor- und Nachteile erweitert, Handlungssituation, Punkte und Stichpunkt-Musterlösung ergänzt";
Z-FM-033;korrigiert;Themenpaket Z-A;4;Führungsmethoden;open;;Musterlösung als Fließtext in IHK-typische Stichpunkte gegliedert (Inhalt beibehalten);
Z-FM-034;korrigiert;Themenpaket Z-A;4;Führungsmethoden;mc;;fehlende Begründungen (w) für alle Distraktoren ergänzt;
Z-FM-035;korrigiert;Themenpaket Z-A;4;Führungsmethoden;mc;;fehlende Begründungen (w) für alle Distraktoren ergänzt;
Z-FM-036;korrigiert;Themenpaket Z-A;4;Führungsmethoden;mc;;fehlende Begründungen (w) für alle Distraktoren ergänzt;
Z-FM-037;korrigiert;Themenpaket Z-A;4;Führungsmethoden;mc;;fehlende Begründungen (w) für alle Distraktoren ergänzt;
Z-FM-038;korrigiert;Variation zurückgeholt;4;Führungsmethoden;mc;;"Variation: MbE aus anderem Blickwinkel – Beispiel im Fuhrparkfall erkennen (Z-FM-003 fragt das Kennzeichen, Z-FM-009 den Einsatzbereich); strittiges „besonders entlastet“ durch eindeutigen Fall ersetzt, w ergänzt";
Z-FM-039;korrigiert;Themenpaket Z-A;4;Führungsmethoden;mc;;fehlende Begründungen (w) für alle Distraktoren ergänzt;
Z-FM-040;korrigiert;Themenpaket Z-A;4;Führungsmethoden;mc;;fehlende Begründungen (w) für alle Distraktoren ergänzt;
Z-FM-041;korrigiert;Themenpaket Z-A;4;Führungsmethoden;mc;;fehlende Begründungen (w) für alle Distraktoren ergänzt;
Z-FM-043;korrigiert;Variation zurückgeholt;4;Führungsmethoden;mc;;"Variation: anderer Teilaspekt (Kombination der Management-by-Techniken), jetzt als Fall zum Erkennen der drei Techniken (Z-FM-033 vergleicht nur MbE und MbD); Allgemeinplatz-Distraktoren ersetzt, w ergänzt";
Z-FM-044;korrigiert;Themenpaket Z-A;4;Führungsmethoden;mc;;fehlende Begründungen (w) für alle Distraktoren ergänzt;
Z-FM-045;korrigiert;Themenpaket Z-A;4;Führungsmethoden;open;;"Musterlösung als Fließtext in IHK-typische Stichpunkte gegliedert (Inhalt beibehalten); Anzahl der Phasen im Fragetext genannt";
Z-FM-104;korrigiert;Themenpaket Z-A;4;Führungsmethoden;mc;;"gerade Anführungszeichen durch typografische ersetzt; fehlende Begründungen (w) für alle Distraktoren ergänzt";
Z-FM-105;korrigiert;Themenpaket Z-A;4;Führungsmethoden;mc;;fehlende Begründungen (w) für alle Distraktoren ergänzt;
Z-FM-106;korrigiert;Variation zurückgeholt;4;Führungsmethoden;mc;;"Variation: Abgrenzung der SMART-Regel von anderen Methodenkürzeln (SWOT, AIDA, ABC) im Zielvereinbarungsgespräch; Z-BE-133 und M-PM-036 fragen nur die Bedeutung von SMART ab, der Ersatz Z-FM-002 ist selbst gelöscht; w ergänzt";
Z-FM-109;korrigiert;Themenpaket Z-A;4;Führungsmethoden;mc→open;;MC mit abwegigen Distraktoren (Jahresabschluss, Inventur, UVV) in prüfungsnahe offene Aufgabe umgewandelt (vgl. ZI 6.5.2021 Aufg. 4d, ZI 4.5.2023 Aufg. 4b);
Z-FM-110;korrigiert;Themenpaket Z-A;4;Führungsmethoden;mc;;fehlende Begründungen (w) für alle Distraktoren ergänzt;
Z-FM-601;neu;Themenpaket Z-A;4;Führungsmethoden;open;;Lücke: Kontrollverfahren und Notwendigkeit von Kontrollen nur als Einzel-MC, in ZI offen gefragt (ZI 6.5.2020 Aufg. 7a/b, ZI 4.5.2018 Aufg. 6a);
Z-FM-603;neu;Themenpaket Z-A;4;Führungsmethoden;open;;Lücke: Vorgehen beim Delegieren nur als MC (Z-FM-036), in ZI offen gefragt (ZI 4.5.2018 Aufg. 8a);
Z-FM-604;neu;Themenpaket Z-A;4;Führungsmethoden;open;;Lücke: Ablauf und Kommunikation einer Zielvereinbarung fehlten als offene Aufgabe (ZI 4.5.2023 Aufg. 7a);
Z-FM-606;neu;Themenpaket Z-A;4;Führungsmethoden;open;;Lücke: Anlässe von Mitarbeitergesprächen und Störfaktoren nur als MC, in ZI offen gefragt (ZI 5.5.2022 Aufg. 6a/b, ZI 7.11.2017 Aufg. 6a);
Z-FM-607;neu;Themenpaket Z-A;4;Führungsmethoden;open;;Lücke: Einflussnahme auf Einstellung und Verhalten der Mitarbeiter fehlte als offene Aufgabe (ZI 7.11.2017 Aufg. 2a, ZI 30.4.2015 Aufg. 1a);
PX-Z-009;gelöscht;Themenpaket Z-A;4;Führungsstile;mc;Dublette;Dublette zu Z-FS-018 (Grundprinzip situativer Führung/Reifegrad);Z-FS-018
PX-Z-031;gelöscht;Themenpaket Z-A;4;Führungsstile;mc;Dublette;Dublette zu Z-FS-110 (Wirkung kooperativer Führung auf Motivation/Eigenverantwortung);Z-FS-110
PX-Z-140;gelöscht;Themenpaket Z-A;4;Führungsstile;mc;Dublette;"Dublette zu Z-FS-022 (Grundlagen der Autorität); „allein“-Distraktoren verraten die Lösung";Z-FS-022
Z-FS-019;gelöscht;Themenpaket Z-A;4;Führungsstile;mc;Dublette;"Dublette zu Z-FS-105 (geringer Reifegrad → anweisender Stil); Z-FS-105 ist präziser (geringe Fähigkeit UND Bereitschaft), hier war „und/oder“ fachlich unscharf";Z-FS-105
Z-FS-025;gelöscht;Themenpaket Z-A;4;Führungsstile;mc;Dublette;"Dublette zu Z-FS-018 (kein allgemein bester Stil → situativ); Ja/Nein-Optionen verraten die Lösung";Z-FS-018
Z-FS-026;gelöscht;Themenpaket Z-A;4;Führungsstile;mc;Dublette;Dublette zu Z-FS-110 (kooperativer Stil fördert Motivation und Eigenverantwortung);Z-FS-110
Z-FS-029;gelöscht;Themenpaket Z-A;4;Führungsstile;mc;Dublette;"Dublette zu Z-FS-020 (hoher Reifegrad → delegierender Stil); zudem Ersatzschreibungen";Z-FS-020
Z-FS-043;gelöscht;Themenpaket Z-A;4;Führungsstile;mc;Dublette;Dublette zu Z-FS-018 (Stil situativ anpassen/Stilrepertoire);Z-FS-018
Z-FS-101;gelöscht;Themenpaket Z-A;4;Führungsstile;mc;Dublette;Dublette zu Z-FS-003 (drei Führungsstile nach Lewin);Z-FS-003
Z-FS-102;gelöscht;Themenpaket Z-A;4;Führungsstile;mc;Dublette;Dublette zu Z-FS-004 (Kennzeichen autoritärer Stil);Z-FS-004
Z-FS-103;gelöscht;Themenpaket Z-A;4;Führungsstile;mc;Dublette;Dublette zu Z-FS-033 (Nachteil Laissez-faire: fehlende Orientierung/Koordination);Z-FS-033
Z-FS-104;gelöscht;Themenpaket Z-A;4;Führungsstile;mc;Dublette;Dublette zu Z-FS-010 (Führungskontinuum Tannenbaum/Schmidt);Z-FS-010
Z-FS-106;gelöscht;Themenpaket Z-A;4;Führungsstile;mc;Dublette;"Dublette zu Z-FM-001 (Kennzeichen MbO); zudem falsch einsortiert (Führungsmethode)";Z-FM-001
Z-FS-107;gelöscht;Themenpaket Z-A;4;Führungsstile;mc;Dublette;"Dublette zu Z-FM-003 (Kennzeichen MbE); zudem falsch einsortiert (Führungsmethode)";Z-FM-003
Z-FS-108;gelöscht;Themenpaket Z-A;4;Führungsstile;mc;Dublette;"Dublette zu Z-FM-007 (Kongruenzprinzip bei Delegation); zudem falsch einsortiert";Z-FM-007
Z-FS-111;gelöscht;Themenpaket Z-A;4;Führungsstile;mc;Dublette;"Dublette zu Z-FS-021 (zweidimensionale Führungsansätze: Aufgaben- und Mitarbeiterorientierung); Ohio-Studien als Namenswissen ohne Prüfungsbezug";Z-FS-021
Z-FS-112;gelöscht;Themenpaket Z-A;4;Führungsstile;mc;Dublette;Dublette zu Z-FS-014 (Idealstil 9.9 im Verhaltensgitter);Z-FS-014
Z-FS-114;gelöscht;Themenpaket Z-A;4;Führungsstile;mc;nicht prüfungsrelevant / überholt;Nicht prüfungsrelevant: Servant Leadership kommt in Rahmenplan und Originalprüfungen ZI/OK nicht vor (Randwissen);
Z-FS-116;gelöscht;Themenpaket Z-A;4;Führungsstile;mc;Dublette;Dublette zu Z-FM-024 (Führungsgrundsätze als verbindliche Leitlinien);Z-FM-024
PX-Z-010;korrigiert;Themenpaket Z-A;4;Führungsstile;mc;;"Frage verriet die Lösung im Wortlaut („Verantwortung … an den Mitarbeiter übergeben“ → Delegieren) und doppelte Z-FS-020; auf die Abfolge der vier Stile des Reifegradmodells ausgerichtet (vgl. OK 16.5.2023 Aufg. 5b)";
PX-Z-019;korrigiert;Themenpaket Z-A;4;Führungsstile;mc;;"abwegige Distraktoren (Arbeitszeitrecht, Tarifvertrag), Begriff Führungsstil bereits in Z-FS-002; auf die Abgrenzung Führungsstil/Führungstechnik ausgerichtet, w ergänzt";
PX-Z-030;korrigiert;Themenpaket Z-A;4;Führungsstile;mc;;fehlende Begründungen (w) für alle Distraktoren ergänzt;
PX-Z-063;korrigiert;Themenpaket Z-A;4;Führungsstile;mc;;fehlende Begründungen (w) für alle Distraktoren ergänzt;
PX-Z-074;korrigiert;Themenpaket Z-A / Zusammenführung;4;Führungsstile;mc;;"fehlende Begründungen (w) für alle Distraktoren ergänzt | Widerspruch geklärt: Die richtige Option der Paketfassung sprach der fachlichen Führung die Weisungsbefugnis ab und war deutlich länger als die Distraktoren; Frage, Optionen und w der Dublettenfassung (aus dem gelöschten B-OR-019) übernommen, Erklärung mit Beispielen aus Spedition und Fuhrpark (ZI-Prüfung: „anhand von je drei betrieblichen Beispielen“)";
PX-Z-092;korrigiert;Themenpaket Z-A;4;Führungsstile;mc;;fehlende Begründungen (w) für alle Distraktoren ergänzt;
PX-Z-114;korrigiert;Themenpaket Z-A / Optionslängen;4;Führungsstile;mc;;"fehlende Begründungen (w) für alle Distraktoren ergänzt | Richtige Option gestrafft (Nutzen erläutern, eigener Arbeitsbereich in der Erklärung); „alle“/„allein“ bei Distraktoren entfernt";
PX-Z-135;korrigiert;Themenpaket Z-A;4;Führungsstile;mc→open;;"MC mit abwegigen Distraktoren; in prüfungsnahe offene Aufgabe umgewandelt, da die Umsetzung des kooperativen Stils an Praxisbeispielen die häufigste ZI-Aufgabe ist (vgl. ZI 9.5.2017 Aufg. 5, 6.11.2018 Aufg. 6, 5.11.2019 Aufg. 6)";
PX-Z-154;korrigiert;Themenpaket Z-A;4;Führungsstile;mc;;fehlende Begründungen (w) für alle Distraktoren ergänzt;
PX-Z-173;korrigiert;Themenpaket Z-A / Optionslängen;4;Führungsstile;mc;;"fehlende Begründungen (w) für alle Distraktoren ergänzt | Reifegrad aus der richtigen Option in die Erklärung; „grundsätzlich allein“ beim Distraktor entfernt";
PX-Z-184;korrigiert;Themenpaket Z-A;4;Führungsstile;mc→open;;"MC mit sehr langer richtiger Option und Extrem-Distraktoren, e enthielt themenfremden Inhalt (Zeitarbeitnehmer); in offene Aufgabe umgewandelt (vgl. ZI 6.11.2015 Aufg. 7a, ZI 7.11.2017 Aufg. 6c)";
PX-Z-188;korrigiert;Themenpaket Z-A;4;Führungsstile;mc→open;;"MC mit sehr langer richtiger Option und abwegigen Distraktoren („unterscheiden sich nur im Tonfall“); in prüfungsnahe offene Aufgabe umgewandelt (vgl. ZI 30.4.2015 Aufg. 2a, ZI 7.11.2017 Aufg. 3b, ZI 4.11.2022 Aufg. 4b)";
Z-FS-012;korrigiert;Variation zurückgeholt;4;Führungsstile;mc;;"Variation: Kontinuum im Fall anwenden (Verschiebung des Entscheidungsspielraums), Z-FS-010 fragt nur, was das Modell beschreibt; zwei inhaltsgleiche Distraktoren ersetzt, w ergänzt";
Z-FS-023;korrigiert;Themenpaket Z-A / Zusammenführung;4;Führungsstile;mc;;"richtige Option ordnete „Kompetenz“ der persönlichen Autorität zu (widersprach Z-FS-022/Z-FS-042: Kompetenz = fachliche Autorität); präzisiert | Richtige Option nach der Dublettenfassung gekürzt (war deutlich länger als die Distraktoren); Prüfungsbegriffe „personale“ und „sachliche“ Autorität ergänzt (ZI-Prüfung: Amts-, sachliche, personale Autorität)";
Z-FS-024;korrigiert;Variation zurückgeholt;4;Führungsstile;mc;;"Variation: Vorbildfunktion aus anderem Blickwinkel – Begründung und Abgrenzung zur Amtsautorität (PX-Z-160 fragt ein vorbildliches Verhalten ab); Ersatzschreibungen korrigiert, inhaltsgleichen Distraktor ersetzt";
Z-FS-027;korrigiert;Themenpaket Z-A;4;Führungsstile;mc;;Ersatzschreibungen (ae/oe/ue/ss) durch Umlaute und ß ersetzt;
Z-FS-028;korrigiert;Themenpaket Z-A;4;Führungsstile;mc;;Ersatzschreibungen (ae/oe/ue/ss) durch Umlaute und ß ersetzt;
Z-FS-030;korrigiert;Themenpaket Z-A;4;Führungsstile;mc;;Ersatzschreibungen (ae/oe/ue/ss) durch Umlaute und ß ersetzt;
Z-FS-031;korrigiert;Themenpaket Z-A;4;Führungsstile;mc;;Ersatzschreibungen (ae/oe/ue/ss) durch Umlaute und ß ersetzt;
Z-FS-032;korrigiert;Themenpaket Z-A;4;Führungsstile;mc;;Ersatzschreibungen (ae/oe/ue/ss) durch Umlaute und ß ersetzt;
Z-FS-033;korrigiert;Themenpaket Z-A;4;Führungsstile;mc;;Ersatzschreibungen (ae/oe/ue/ss) durch Umlaute und ß ersetzt;
Z-FS-034;korrigiert;Themenpaket Z-A;4;Führungsstile;open;;"Musterlösung als Fließtext in IHK-typische Stichpunkte gegliedert (Inhalt beibehalten); Punkte ergänzt";
Z-FS-035;korrigiert;Themenpaket Z-A;4;Führungsstile;open;;"Musterlösung als Fließtext in IHK-typische Stichpunkte gegliedert (Inhalt beibehalten); erwartete Anzahl (zwei Dimensionen, fünf Stile) im Fragetext genannt (vgl. ZI 5.5.2022 Aufg. 4)";
Z-FS-036;korrigiert;Themenpaket Z-A;4;Führungsstile;open;;"Musterlösung nannte die vier Stufen des Reifegradmodells nicht (fasste „unterweisen und überzeugen“ zusammen, „kann und/oder will“ unscharf); nach OK 16.5.2023 Aufg. 5b auf vier Ebenen ausgerichtet, Handlungssituation und Punkte ergänzt";
Z-FS-037;korrigiert;Themenpaket Z-A;4;Führungsstile;mc;;Ersatzschreibungen (ae/oe/ue/ss) durch Umlaute und ß ersetzt;
Z-FS-038;korrigiert;Themenpaket Z-A;4;Führungsstile;mc;;Ersatzschreibungen (ae/oe/ue/ss) durch Umlaute und ß ersetzt;
Z-FS-039;korrigiert;Variation zurückgeholt;4;Führungsstile;mc;;"Variation: allgemeiner Zusammenhang Reifegrad–Delegation und Begriff Reifegrad (Können und Wollen statt Betriebszugehörigkeit); Z-FS-020 fragt nur den passenden Stil für einen erfahrenen Mitarbeiter; Ersatzschreibungen korrigiert";
Z-FS-040;korrigiert;Themenpaket Z-A;4;Führungsstile;mc;;Ersatzschreibungen (ae/oe/ue/ss) durch Umlaute und ß ersetzt;
Z-FS-041;korrigiert;Variation zurückgeholt;4;Führungsstile;mc;;"Variation: Verhaltensgitter als Beispiel erkennen (Verhalten → Stil), Z-FS-014 fragt nur, welcher Stil als ideal gilt; zum Werkstattfall umgebaut, Ersatzschreibung korrigiert, w ergänzt";
Z-FS-042;korrigiert;Themenpaket Z-A;4;Führungsstile;mc;;Ersatzschreibungen (ae/oe/ue/ss) durch Umlaute und ß ersetzt;
Z-FS-045;korrigiert;Themenpaket Z-A;4;Führungsstile;open;;"Musterlösung als Fließtext in IHK-typische Stichpunkte gegliedert (Inhalt beibehalten); Anzahl der Einflussgrößen im Fragetext genannt";
Z-FS-105;korrigiert;Themenpaket Z-A;4;Führungsstile;mc;;"Erklärung präzisiert (Stufenbezeichnung R1/S1, typografische Anführungszeichen); fehlende Begründungen (w) für alle Distraktoren ergänzt";
Z-FS-109;korrigiert;Themenpaket Z-A / Optionslängen;4;Führungsstile;mc;;"fehlende Begründungen (w) für alle Distraktoren ergänzt | Gegenüberstellung zur transaktionalen Führung aus der richtigen Option gestrichen (steht in der Erklärung); Absolutwörter bei Distraktoren entfernt";
Z-FS-110;korrigiert;Themenpaket Z-A;4;Führungsstile;mc;;fehlende Begründungen (w) für alle Distraktoren ergänzt;
Z-FS-113;korrigiert;Themenpaket Z-A / Optionslängen;4;Führungsstile;mc;;"gerade Anführungszeichen durch typografische ersetzt; fehlende Begründungen (w) für alle Distraktoren ergänzt | Beispiel (Projektleitung in agilen Teams) aus der richtigen Option in die Erklärung verschoben";
Z-FS-115;korrigiert;Themenpaket Z-A;4;Führungsstile;mc;;fehlende Begründungen (w) für alle Distraktoren ergänzt;
Z-FS-601;neu;Themenpaket Z-A;4;Führungsstile;open;;"Lücke: Autorität (ZI 4.11.2016, 4.5.2018, 8.5.2019, 6.5.2021, 4.5.2023, 6.11.2025) nur als MC vorhanden; keine offene Aufgabe zum Aufbau persönlicher Autorität (vgl. ZI 8.5.2019 Aufg. 6a/b)";
Z-FS-602;neu;Themenpaket Z-A;4;Führungsstile;open;;"Lücke: disziplinarische und fachliche Führung nur als MC (PX-Z-074), in ZI zweimal in Folge offen gefragt (ZI 3.5.2024 Aufg. 4a, 12 Punkte; ZI 4.5.2023 Aufg. 4a)";
Z-FS-603;neu;Themenpaket Z-A;4;Führungsstile;open;;Lücke: Auswirkungen des autoritären Stils und die begründete Ausnahme nur als Einzel-MC, in ZI offen gefragt (ZI 4.11.2022 Aufg. 4a/c);
Z-FS-604;neu;Themenpaket Z-A;4;Führungsstile;open;;Lücke: Abgrenzung Führungsstil/Führungsverhalten und Entwicklung des eigenen Führungsstils fehlten als offene Aufgabe (ZI 3.5.2024 Aufg. 5b/c);
Z-FS-605;neu;Themenpaket Z-A;4;Führungsstile;open;;"Lücke: situatives Führen nur theoretisch abgefragt; Anwendungsfall zur Zuordnung der Stile fehlte (vgl. ZI 4.5.2016 Aufg. 7a, OK 16.5.2023 Aufg. 5b)";
PX-Z-033;gelöscht;Themenpaket Z-A;4;Gruppen;mc;Dublette;Dublette zu Z-GR-002 (formelle vs. informelle Gruppen);Z-GR-002
PX-Z-053;gelöscht;Themenpaket Z-A;4;Gruppen;mc;Dublette;"Dublette zu Z-GR-004 (Reihenfolge der Gruppenphasen); deutsche Phasennamen in e uneinheitlich zugeordnet";Z-GR-004
PX-Z-054;gelöscht;Themenpaket Z-A;4;Gruppen;mc;Dublette;Dublette zu Z-GR-006 (Storming: Rollen und Positionen werden ausgehandelt);Z-GR-006
PX-Z-090;gelöscht;Themenpaket Z-A;4;Gruppen;mc;Dublette;Dublette zu Z-GR-002 (formelle vs. informelle Gruppen);Z-GR-002
PX-Z-099;gelöscht;Themenpaket Z-A;4;Gruppen;mc;Dublette;Dublette zu Z-GR-006 (Storming-Phase);Z-GR-006
PX-Z-106;gelöscht;Themenpaket Z-A;4;Gruppen;mc;Dublette;Dublette zu Z-GR-004 (Reihenfolge der Gruppenphasen, hier mit deutschen Namen);Z-GR-004
PX-Z-131;gelöscht;Themenpaket Z-A;4;Gruppen;mc;Dublette;Dublette zu PX-Z-146 (Entstehung informeller Gruppen aus gemeinsamen Interessen/Bedürfnissen);PX-Z-146
PX-Z-152;gelöscht;Themenpaket Z-A;4;Gruppen;mc;Dublette;Dublette zu Z-GR-006 (Storming-Phase);Z-GR-006
PX-Z-166;gelöscht;Themenpaket Z-A;4;Gruppen;mc;Dublette;Dublette zu PX-Z-122 (Hinweise auf informelle Gruppen);PX-Z-122
PX-Z-169;gelöscht;Themenpaket Z-A;4;Gruppen;mc;Dublette;"Dublette zu Z-PE-104 (Job Rotation vs. Job Enrichment); e enthielt fremde Inhalte";Z-PE-104
PX-Z-198;gelöscht;Themenpaket Z-A;4;Gruppen;mc;Dublette;Dublette zu PX-Z-134 (informelle Gruppen einbeziehen: informeller Führer, schnelle Information);PX-Z-134
Z-GR-038;gelöscht;Themenpaket Z-A;4;Gruppen;mc;Dublette;Dublette zu Z-GR-017 (Wirkung hoher Kohäsion auf Zufriedenheit/Bindung);Z-GR-017
Z-GR-101;gelöscht;Themenpaket Z-A;4;Gruppen;mc;Dublette;Dublette zu Z-GR-004 (Reihenfolge der Phasen nach Tuckman);Z-GR-004
Z-GR-102;gelöscht;Themenpaket Z-A;4;Gruppen;mc;Dublette;Dublette zu Z-GR-006 (Kennzeichen Storming-Phase);Z-GR-006
Z-GR-103;gelöscht;Themenpaket Z-A;4;Gruppen;mc;Dublette;Dublette zu Z-GR-002 (Kennzeichen informeller Gruppen);Z-GR-002
Z-GR-104;gelöscht;Themenpaket Z-A;4;Gruppen;mc;Dublette;Dublette zu Z-GR-023 (Groupthink);Z-GR-023
Z-GR-105;gelöscht;Themenpaket Z-A;4;Gruppen;mc;Dublette;Dublette zu Z-GR-022 (soziales Faulenzen);Z-GR-022
Z-GR-106;gelöscht;Themenpaket Z-A;4;Gruppen;mc;Dublette;Dublette zu Z-GR-034 (beziehungsbezogene/sozioemotionale Rolle: Vermittler);Z-GR-034
Z-GR-107;gelöscht;Themenpaket Z-A;4;Gruppen;mc;Dublette;Dublette zu Z-GR-016 (Gruppenkohäsion);Z-GR-016
Z-GR-108;gelöscht;Themenpaket Z-A;4;Gruppen;mc;Dublette;Dublette zu Z-GR-020 (Nachteil Gruppenarbeit: Zeit-/Abstimmungsaufwand);Z-GR-020
PX-Z-029;korrigiert;Themenpaket Z-A / Optionslängen;4;Gruppen;mc;;"fehlende Begründungen (w) für alle Distraktoren ergänzt | Richtige Option gestrafft (bewährte Arbeitsstrategien in der Erklärung); „automatisch“ beim Distraktor ersetzt";
PX-Z-034;korrigiert;Themenpaket Z-A / Optionslängen;4;Gruppen;mc;;"fehlende Begründungen (w) für alle Distraktoren ergänzt | Richtige Option gestrafft (Isolieren einzelner Mitarbeiter in der Erklärung), einschränkendes „können“ nur bei der richtigen entfernt; Absolutwörter bei Distraktoren entfernt";
PX-Z-052;korrigiert;Themenpaket Z-A / Optionslängen;4;Gruppen;mc;;"fehlende Begründungen (w) für alle Distraktoren ergänzt | Aufzählung der Rahmenbedingungen und Selbstorganisationsfelder aus der richtigen Option in die Erklärung; Absolutwörter bei Distraktoren entfernt";
PX-Z-055;korrigiert;Themenpaket Z-A / Optionslängen;4;Gruppen;mc;;"fehlende Begründungen (w) für alle Distraktoren ergänzt | Richtige Option gestrafft (Konkurrenzkampf in der Erklärung); Distraktoren gleich gebaut, Absolutwörter entfernt";
PX-Z-072;korrigiert;Themenpaket Z-A;4;Gruppen;mc;;fehlende Begründungen (w) für alle Distraktoren ergänzt;
PX-Z-073;korrigiert;Themenpaket Z-A / Optionslängen;4;Gruppen;mc;;"fehlende Begründungen (w) für alle Distraktoren ergänzt | Systemeinweisung aus der richtigen Option in die Erklärung; Absolutwörter („Vollständiger“, „Ausschließlich“) bei Distraktoren entfernt";
PX-Z-077;korrigiert;Themenpaket Z-A;4;Gruppen;mc;;"umgangssprachliche Formulierung („wenn es hörbar reibt“) präzisiert; fehlende Begründungen (w) für alle Distraktoren ergänzt";
PX-Z-078;korrigiert;Themenpaket Z-A / Optionslängen;4;Gruppen;mc;;"sprachlich missglückte Frage („Welcher Wert trägt eine … Arbeitsgruppe?“) umformuliert; fehlende Begründungen (w) für alle Distraktoren ergänzt | Richtige Option gestrafft (kooperative Zusammenarbeit in der Erklärung); kürzesten Distraktor verlängert";
PX-Z-117;korrigiert;Themenpaket Z-A / Optionslängen;4;Gruppen;mc;;"fehlende Begründungen (w) für alle Distraktoren ergänzt | Richtige Option gestrafft (Vorurteilsabbau in der Erklärung); Absolutwörter bei Distraktoren entfernt";
PX-Z-122;korrigiert;Themenpaket Z-A / Optionslängen;4;Gruppen;mc;;"Erklärung um die Hinweise aus der gelöschten Dublette PX-Z-166 ergänzt; fehlende Begründungen (w) für alle Distraktoren ergänzt | Aufzählung der Anzeichen in der richtigen Option gekürzt (vollständig in der Erklärung)";
PX-Z-134;korrigiert;Themenpaket Z-A / Optionslängen;4;Gruppen;mc;;fehlende Begründungen (w) für alle Distraktoren ergänzt | Richtige Option gestrafft (betriebliche Ziele in der Erklärung);
PX-Z-146;korrigiert;Themenpaket Z-A / Optionslängen;4;Gruppen;mc;;"Erklärung um das Bedürfnis nach Sicherheit/Rückhalt ergänzt (Inhalt der gelöschten Dublette PX-Z-131); fehlende Begründungen (w) für alle Distraktoren ergänzt | Beispielklammern aus der richtigen Option in die Erklärung; Distraktor „Ausschließlich durch gleiche Tätigkeit …“ (nur durch das Absolutwort falsch) ersetzt, „Nur“ entfernt";
PX-Z-163;korrigiert;Themenpaket Z-A / Optionslängen;4;Gruppen;mc;;"fehlende Begründungen (w) für alle Distraktoren ergänzt | Richtige Option auf den Kern gekürzt (Cliquen, informelle Führer in der Erklärung); Absolutwörter („alle“, „stets“, „grundsätzlich“) bei Distraktoren entfernt";
PX-Z-170;korrigiert;Themenpaket Z-A / Optionslängen;4;Gruppen;mc;;"auf den Meister im Kraftverkehr übertragen („Industriemeister“ ersetzt); fehlende Begründungen (w) für alle Distraktoren ergänzt | Aufgabenliste aus der richtigen Option in die Erklärung; Absolutwörter („jedem“, „völlig“, „jedes“) bei Distraktoren entfernt";
PX-Z-179;korrigiert;Themenpaket Z-A / Optionslängen;4;Gruppen;mc;;"fehlende Begründungen (w) für alle Distraktoren ergänzt | Drei Beispiele in der richtigen Option auf eines gekürzt (alle in der Erklärung); kurze Distraktoren leicht verlängert";
PX-Z-180;korrigiert;Variation zurückgeholt;4;Gruppen;mc;;"Variation: Norming-Phase im Fall erkennen (Beschreibung → Phase), Z-GR-007 fragt nur die Merkmale der Phase ab; für Storming gibt es mit PX-Z-077 bereits einen Fall; w ergänzt";
Z-GR-001;korrigiert;Themenpaket Z-A;4;Gruppen;mc;;fehlende Begründungen (w) für alle Distraktoren ergänzt;
Z-GR-002;korrigiert;Themenpaket Z-A / Zusammenführung;4;Gruppen;mc;;fehlende Begründungen (w) für alle Distraktoren ergänzt | Normen, informeller Führer und Rolle des Meisters (aus PX-Z-033/PX-Z-090) aus der Dublettenfassung ergänzt – ZI-Prüfungen fragen danach;
Z-GR-003;korrigiert;Themenpaket Z-A;4;Gruppen;mc;;fehlende Begründungen (w) für alle Distraktoren ergänzt;
Z-GR-004;korrigiert;Themenpaket Z-A;4;Gruppen;mc;;fehlende Begründungen (w) für alle Distraktoren ergänzt;
Z-GR-005;korrigiert;Themenpaket Z-A;4;Gruppen;mc;;fehlende Begründungen (w) für alle Distraktoren ergänzt;
Z-GR-006;korrigiert;Themenpaket Z-A;4;Gruppen;mc;;fehlende Begründungen (w) für alle Distraktoren ergänzt;
Z-GR-007;korrigiert;Themenpaket Z-A;4;Gruppen;mc;;fehlende Begründungen (w) für alle Distraktoren ergänzt;
Z-GR-008;korrigiert;Themenpaket Z-A;4;Gruppen;mc;;fehlende Begründungen (w) für alle Distraktoren ergänzt;
Z-GR-009;korrigiert;Themenpaket Z-A;4;Gruppen;mc;;fehlende Begründungen (w) für alle Distraktoren ergänzt;
Z-GR-010;korrigiert;Themenpaket Z-A;4;Gruppen;mc;;fehlende Begründungen (w) für alle Distraktoren ergänzt;
Z-GR-011;korrigiert;Themenpaket Z-A;4;Gruppen;mc;;fehlende Begründungen (w) für alle Distraktoren ergänzt;
Z-GR-012;korrigiert;Themenpaket Z-A;4;Gruppen;mc;;fehlende Begründungen (w) für alle Distraktoren ergänzt;
Z-GR-013;korrigiert;Themenpaket Z-A;4;Gruppen;mc;;fehlende Begründungen (w) für alle Distraktoren ergänzt;
Z-GR-014;korrigiert;Themenpaket Z-A;4;Gruppen;mc;;fehlende Begründungen (w) für alle Distraktoren ergänzt;
Z-GR-015;korrigiert;Themenpaket Z-A;4;Gruppen;mc;;fehlende Begründungen (w) für alle Distraktoren ergänzt;
Z-GR-016;korrigiert;Themenpaket Z-A;4;Gruppen;mc;;fehlende Begründungen (w) für alle Distraktoren ergänzt;
Z-GR-017;korrigiert;Themenpaket Z-A;4;Gruppen;mc;;fehlende Begründungen (w) für alle Distraktoren ergänzt;
Z-GR-018;korrigiert;Themenpaket Z-A;4;Gruppen;mc;;fehlende Begründungen (w) für alle Distraktoren ergänzt;
Z-GR-019;korrigiert;Themenpaket Z-A;4;Gruppen;mc;;fehlende Begründungen (w) für alle Distraktoren ergänzt;
Z-GR-020;korrigiert;Themenpaket Z-A;4;Gruppen;mc;;fehlende Begründungen (w) für alle Distraktoren ergänzt;
Z-GR-021;korrigiert;Themenpaket Z-A;4;Gruppen;mc;;fehlende Begründungen (w) für alle Distraktoren ergänzt;
Z-GR-022;korrigiert;Themenpaket Z-A;4;Gruppen;mc;;fehlende Begründungen (w) für alle Distraktoren ergänzt;
Z-GR-023;korrigiert;Themenpaket Z-A;4;Gruppen;mc;;fehlende Begründungen (w) für alle Distraktoren ergänzt;
Z-GR-024;korrigiert;Themenpaket Z-A;4;Gruppen;mc;;fehlende Begründungen (w) für alle Distraktoren ergänzt;
Z-GR-025;korrigiert;Themenpaket Z-A;4;Gruppen;mc;;"Distraktor „Konflikt zwischen den Erwartungen zweier unterschiedlicher Personen“ war fachlich mehrdeutig (widersprüchliche Erwartungen verschiedener Erwartungsträger sind gerade ein Intra-Rollenkonflikt); ersetzt, Erklärung ergänzt";
Z-GR-026;korrigiert;Themenpaket Z-A;4;Gruppen;mc;;fehlende Begründungen (w) für alle Distraktoren ergänzt;
Z-GR-027;korrigiert;Themenpaket Z-A;4;Gruppen;mc;;fehlende Begründungen (w) für alle Distraktoren ergänzt;
Z-GR-028;korrigiert;Themenpaket Z-A;4;Gruppen;mc;;fehlende Begründungen (w) für alle Distraktoren ergänzt;
Z-GR-029;korrigiert;Themenpaket Z-A;4;Gruppen;mc;;fehlende Begründungen (w) für alle Distraktoren ergänzt;
Z-GR-030;korrigiert;Themenpaket Z-A;4;Gruppen;mc;;fehlende Begründungen (w) für alle Distraktoren ergänzt;
Z-GR-031;korrigiert;Themenpaket Z-A;4;Gruppen;open;;"Anzahl der erwarteten Phasen und Verhaltensbezug fehlten; nach ZI 7.11.2024 Aufg. 3b/ZI 4.5.2016 Aufg. 3 mit Handlungssituation, Punkten und Stichpunkt-Musterlösung gefasst";
Z-GR-032;korrigiert;Themenpaket Z-A;4;Gruppen;open;;Musterlösung als Fließtext in IHK-typische Stichpunkte gegliedert (Inhalt beibehalten);
Z-GR-033;korrigiert;Themenpaket Z-A;4;Gruppen;open;;Musterlösung als Fließtext in IHK-typische Stichpunkte gegliedert (Inhalt beibehalten);
Z-GR-034;korrigiert;Themenpaket Z-A;4;Gruppen;mc;;fehlende Begründungen (w) für alle Distraktoren ergänzt;
Z-GR-035;korrigiert;Themenpaket Z-A;4;Gruppen;mc;;fehlende Begründungen (w) für alle Distraktoren ergänzt;
Z-GR-036;korrigiert;Themenpaket Z-A;4;Gruppen;mc;;fehlende Begründungen (w) für alle Distraktoren ergänzt;
Z-GR-037;korrigiert;Themenpaket Z-A;4;Gruppen;mc;;fehlende Begründungen (w) für alle Distraktoren ergänzt;
Z-GR-039;korrigiert;Themenpaket Z-A;4;Gruppen;mc;;fehlende Begründungen (w) für alle Distraktoren ergänzt;
Z-GR-040;korrigiert;Themenpaket Z-A;4;Gruppen;mc;;fehlende Begründungen (w) für alle Distraktoren ergänzt;
Z-GR-041;korrigiert;Themenpaket Z-A;4;Gruppen;mc;;fehlende Begründungen (w) für alle Distraktoren ergänzt;
Z-GR-042;korrigiert;Themenpaket Z-A;4;Gruppen;mc;;fehlende Begründungen (w) für alle Distraktoren ergänzt;
Z-GR-043;korrigiert;Themenpaket Z-A;4;Gruppen;mc;;fehlende Begründungen (w) für alle Distraktoren ergänzt;
Z-GR-044;korrigiert;Themenpaket Z-A;4;Gruppen;mc;;fehlende Begründungen (w) für alle Distraktoren ergänzt;
Z-GR-045;korrigiert;Themenpaket Z-A;4;Gruppen;open;;Musterlösung als Fließtext in IHK-typische Stichpunkte gegliedert (Inhalt beibehalten);
Z-GR-601;neu;Themenpaket Z-A;4;Gruppen;open;;Lücke: Abgrenzung formelle/informelle Gruppen nur als MC vorhanden, in ZI fast jährlich offen gefragt (ZI 6.11.2025 Aufg. 4a, ZI 5.11.2019 Aufg. 5a, ZI 4.11.2016 Aufg. 7a);
Z-GR-602;neu;Themenpaket Z-A;4;Gruppen;open;;Lücke: Hinweise auf informelle Gruppen und deren Einbeziehung nur als Einzel-MC, in ZI regelmäßig als zweiteilige offene Aufgabe (ZI 9.5.2017 Aufg. 4b/c, ZI 6.11.2018 Aufg. 5b/c, ZI 5.11.2019 Aufg. 5b/c);
Z-GR-603;neu;Themenpaket Z-A;4;Gruppen;open;;Lücke: Chancen und Risiken informeller Gruppen nur als ein MC (PX-Z-034, nur Nachteile), in ZI wiederholt offen gefragt (ZI 5.5.2022 Aufg. 8a, ZI 7.11.2017 Aufg. 4b, ZI 6.11.2025 Aufg. 4b);
Z-GR-604;neu;Themenpaket Z-A;4;Gruppen;open;;Lücke: teilautonome Arbeitsgruppe (in ZI fast in jeder Prüfung, z. B. ZI 4.11.2021 Aufg. 4, ZI 7.11.2024 Aufg. 3a, ZI 6.11.2018 Aufg. 3a) nur als MC vorhanden, Vor- und Nachteile fehlten;
Z-GR-605;neu;Themenpaket Z-A;4;Gruppen;open;;Lücke: Führung virtueller Teams (ZI 4.5.2023 Aufg. 3, 20 Punkte) nur als zwei Einzel-MC vorhanden;
Z-GR-606;neu;Themenpaket Z-A;4;Gruppen;open;;Lücke: Bedingungen und Regeln erfolgreicher Gruppenzusammenarbeit nur als MC (Z-GR-044), in ZI offen gefragt (ZI 4.11.2022 Aufg. 3c, ZI 6.5.2021 Aufg. 3c);
Z-GR-607;neu;Themenpaket Z-A;4;Gruppen;open;;Lücke: Reaktionen einer stabilen Gruppe auf ein neues Mitglied nur als MC (PX-Z-055), in ZI offen gefragt (ZI 7.11.2024 Aufg. 3c);
PX-Z-172;gelöscht;Themenpaket Z-B;4;Konflikte;mc;Dublette;Dublette: wortgleiche Frage nach der typischen Ursache sozialer Konflikte wie PX-Z-136 (gleiche richtige Antwort).;PX-Z-136
Z-KK-019;gelöscht;Querschnitt;4;Konflikte;mc;Dublette;"Dublette zu Z-FM-014 (Z-A ↔ Z-B): gleiche Regel für das Kritikgespräch (unter vier Augen, sachlich, verhaltensbezogen, lösungsorientiert) in gleicher Frageweise; Kritik als Führungsmittel passt nach Führungsmethoden.";Z-FM-014
Z-KK-021;gelöscht;Themenpaket Z-B;4;Konflikte;mc;Dublette;Dublette: Feedbackregeln (konkret, zeitnah, beschreibend) wie Z-BE-108.;Z-BE-108
Z-KK-040;gelöscht;Themenpaket Z-B;4;Konflikte;mc;Dublette;Dublette: Nutzen konstruktiv ausgetragener Konflikte wie Z-KK-009.;Z-KK-009
Z-KK-106;gelöscht;Themenpaket Z-B;4;Konflikte;mc;Dublette;Dublette: frühe Konfliktsymptome wie Z-KK-029.;Z-KK-029
Z-KK-109;gelöscht;Themenpaket Z-B;4;Konflikte;mc;Dublette;Dublette: Verhalten der Führungskraft bei drohender Eskalation zwischen zwei Mitarbeitern wie Z-KK-016.;Z-KK-016
Z-KK-110;gelöscht;Themenpaket Z-B;4;Konflikte;mc;Dublette;Dublette: Rolle des Mediators wie Z-KK-017.;Z-KK-017
PX-Z-013;korrigiert;Themenpaket Z-B;4;Konflikte;mc;;"Distraktoren (Abmahnung, Mitarbeiterbefragung) unplausibel und Abgrenzung zur Mediation unklar; als Abgrenzungsfrage (Moderation – Mediation – Schlichtung) mit Fahrerbezug neu gefasst, w ergänzt.";
PX-Z-020;korrigiert;Themenpaket Z-B;4;Konflikte;mc;;"Distraktoren deutlich kürzer als die richtige Option; angeglichen, w ergänzt.";
PX-Z-041;korrigiert;Themenpaket Z-B;4;Konflikte;mc→open;;"MC mit überlanger richtiger Option; die Prüfungsaufgabe (P-ZI 06.11.2025 Aufg. 7a/b) verlangt eine Beschreibung. Als offene Aufgabe mit Fuhrparkbezug neu gefasst; PX-Z-042 (Teil b) ist darin aufgegangen.";
PX-Z-042;korrigiert;Themenpaket Z-B;4;Konflikte;mc;;"Frage verwies auf eine andere Frage („in derselben Situation“) und war nicht eigenständig lösbar; Situation ergänzt, Optionen angeglichen, w ergänzt (offene Vertiefung in PX-Z-041).";
PX-Z-059;korrigiert;Themenpaket Z-B;4;Konflikte;mc→open;;"MC mit unplausiblen Distraktoren (automatische Versetzung, Abfindungsanspruch); die Prüfung fragt die Folgen offen ab (P-ZI 04.05.2018 Aufg. 3a, P-ZI 07.11.2024 Aufg. 6a). Als offene Aufgabe mit Werkstattbezug neu gefasst.";
PX-Z-060;korrigiert;Themenpaket Z-B;4;Konflikte;mc;;"Richtige Option länger als die Distraktoren; angeglichen, w ergänzt (offene Vertiefung in PX-Z-141).";
PX-Z-062;korrigiert;Themenpaket Z-B;4;Konflikte;mc→open;;"MC mit unplausiblen Distraktoren (automatische Verbesserung des Klimas); als offene Aufgabe nach P-ZI 03.05.2024 Aufg. 2 mit Fuhrparkbezug neu gefasst.";
PX-Z-069;korrigiert;Themenpaket Z-B;4;Konflikte;mc;;"Richtige Option länger als die Distraktoren; Situation nach P-ZI 09.11.2023 Aufg. 3a präzisiert, Optionen angeglichen, w ergänzt.";
PX-Z-070;korrigiert;Themenpaket Z-B;4;Konflikte;mc→open;;"Dritte MC-Frage zur Mediation (vgl. Z-KK-017, Z-KK-110); als offene Aufgabe nach P-ZI 06.05.2021 Aufg. 6c / P-ZI 09.11.2023 Aufg. 3c neu gefasst.";
PX-Z-076;korrigiert;Themenpaket Z-B;4;Konflikte;mc→open;;"Triviale Gesetzesabfrage ohne Handlungsbezug; als Situationsaufgabe nach P-ZI 04.11.2022 Aufg. 1 (Rechtsgrundlage und Abbau von Vorurteilen) mit Kraftverkehrsbezug neu gefasst.";
PX-Z-102;korrigiert;Themenpaket Z-B;4;Konflikte;mc;;"Dritte Anwendungsfrage zum Verteilungskonflikt (vgl. Z-KK-103, PX-Z-155); zur Abgrenzung Beurteilungs-/Bewertungskonflikt (P-ZI 06.05.2021 Aufg. 6a) mit Fuhrparkbezug umgebaut, w ergänzt.";
PX-Z-108;korrigiert;Themenpaket Z-B;4;Konflikte;mc;;"Distraktoren deutlich kürzer als die richtige Option; angeglichen, w ergänzt.";
PX-Z-115;korrigiert;Themenpaket Z-B;4;Konflikte;mc;;"Industriemeisterbezug auf die Fuhrparkleitung übertragen; richtige Option länger als die Distraktoren, angeglichen, w ergänzt.";
PX-Z-136;korrigiert;Themenpaket Z-B;4;Konflikte;mc;;"Distraktoren (Taktzeit, Tarifvertrag, Jahresabschluss) unplausibel; durch konfliktvorbeugende Bedingungen ersetzt, w ergänzt (offene Vertiefung in Z-KK-006; PX-Z-172 als wortgleiche Dublette gelöscht).";
PX-Z-141;korrigiert;Themenpaket Z-B;4;Konflikte;mc→open;;"MC mit langer richtiger Option und unplausiblen Distraktoren; wie in P-ZI 04.05.2018 Aufg. 3b / P-ZI 07.11.2024 Aufg. 6b als offene Aufgabe neu gefasst.";
PX-Z-155;korrigiert;Themenpaket Z-B;4;Konflikte;mc;;"Situation auf eine Fuhrparkwerkstatt übertragen; w ergänzt.";
PX-Z-161;korrigiert;Themenpaket Z-B;4;Konflikte;mc→open;;"Dublette zu Z-KK-009 (positive Aspekte), Erklärung passte nicht zur Frage; als offene Aufgabe nach P-ZI 04.11.2016 Aufg. 2a/b neu gefasst.";
PX-Z-182;korrigiert;Themenpaket Z-B;4;Konflikte;mc→open;;"MC mit sehr langer richtiger Option und unplausiblen Distraktoren; als offene Aufgabe nach P-ZI 06.11.2015 Aufg. 5a/b mit Fahrerbezug neu gefasst.";
PX-Z-191;korrigiert;Themenpaket Z-B;4;Konflikte;mc;;"Richtige Option deutlich länger als die Distraktoren; angeglichen, w ergänzt.";
Z-KK-001;korrigiert;Themenpaket Z-B;4;Konflikte;mc;;Distraktoren ohne Begründung – kurze w-Erklärungen ergänzt;
Z-KK-002;korrigiert;Themenpaket Z-B;4;Konflikte;mc;;Distraktoren ohne Begründung – kurze w-Erklärungen ergänzt;
Z-KK-003;korrigiert;Themenpaket Z-B;4;Konflikte;mc;;Distraktoren ohne Begründung – kurze w-Erklärungen ergänzt;
Z-KK-004;korrigiert;Themenpaket Z-B;4;Konflikte;mc;;Distraktoren ohne Begründung – kurze w-Erklärungen ergänzt;
Z-KK-005;korrigiert;Themenpaket Z-B;4;Konflikte;mc;;Distraktoren ohne Begründung – kurze w-Erklärungen ergänzt;
Z-KK-006;korrigiert;Themenpaket Z-B;4;Konflikte;mc→open;;"MC mit offensichtlichen Gegenteil-Distraktoren; die Prüfung fragt Ursachen sozialer Konflikte regelmäßig offen ab (P-ZI 06.11.2018 Aufg. 7a, P-ZI 05.11.2019 Aufg. 7a). Als offene Aufgabe mit Fahrerbezug neu gefasst.";
Z-KK-007;korrigiert;Themenpaket Z-B;4;Konflikte;mc;;Distraktoren ohne Begründung – kurze w-Erklärungen ergänzt;
Z-KK-008;korrigiert;Themenpaket Z-B;4;Konflikte;mc;;Distraktoren ohne Begründung – kurze w-Erklärungen ergänzt;
Z-KK-009;korrigiert;Themenpaket Z-B;4;Konflikte;mc;;Distraktoren ohne Begründung – kurze w-Erklärungen ergänzt;
Z-KK-010;korrigiert;Themenpaket Z-B;4;Konflikte;mc;;Distraktoren ohne Begründung – kurze w-Erklärungen ergänzt;
Z-KK-011;korrigiert;Themenpaket Z-B;4;Konflikte;mc;;Distraktoren ohne Begründung – kurze w-Erklärungen ergänzt;
Z-KK-012;korrigiert;Themenpaket Z-B;4;Konflikte;mc;;Distraktoren ohne Begründung – kurze w-Erklärungen ergänzt;
Z-KK-013;korrigiert;Themenpaket Z-B;4;Konflikte;mc;;Distraktoren ohne Begründung – kurze w-Erklärungen ergänzt;
Z-KK-014;korrigiert;Themenpaket Z-B;4;Konflikte;mc;;Distraktoren ohne Begründung – kurze w-Erklärungen ergänzt;
Z-KK-015;korrigiert;Themenpaket Z-B;4;Konflikte;mc;;Distraktoren ohne Begründung – kurze w-Erklärungen ergänzt;
Z-KK-016;korrigiert;Themenpaket Z-B;4;Konflikte;mc;;Distraktoren ohne Begründung – kurze w-Erklärungen ergänzt;
Z-KK-017;korrigiert;Themenpaket Z-B;4;Konflikte;mc;;Distraktoren ohne Begründung – kurze w-Erklärungen ergänzt;
Z-KK-018;korrigiert;Themenpaket Z-B;4;Konflikte;mc;;Distraktoren ohne Begründung – kurze w-Erklärungen ergänzt;
Z-KK-020;korrigiert;Themenpaket Z-B;4;Konflikte;mc;;Distraktoren ohne Begründung – kurze w-Erklärungen ergänzt;
Z-KK-022;korrigiert;Themenpaket Z-B;4;Konflikte;mc;;Distraktoren ohne Begründung – kurze w-Erklärungen ergänzt;
Z-KK-023;korrigiert;Themenpaket Z-B;4;Konflikte;mc;;Distraktoren ohne Begründung – kurze w-Erklärungen ergänzt;
Z-KK-024;korrigiert;Themenpaket Z-B;4;Konflikte;mc;;"Distraktor enthielt mit „klarer Zuständigkeitsabgrenzung“ ein eigentlich förderliches Element und war dadurch nicht eindeutig falsch; umformuliert, w ergänzt.";
Z-KK-025;korrigiert;Themenpaket Z-B;4;Konflikte;mc;;Distraktoren ohne Begründung – kurze w-Erklärungen ergänzt;
Z-KK-026;korrigiert;Themenpaket Z-B;4;Konflikte;open;;"Offene Frage ohne Handlungssituation, ohne Punktangabe und mit Fließtext statt stichpunktartiger Musterlösung; prüfungsnah neu gefasst.";
Z-KK-027;korrigiert;Themenpaket Z-B;4;Konflikte;open;;"Offene Frage ohne Punktangabe, Musterlösung als Fließtext; wie in der Prüfung (Vorgehen in Schritten, P-ZI 03.11.2020 Aufg. 5b, P-ZI 30.04.2015 Aufg. 5b) mit Kraftverkehrsbezug neu gefasst.";
Z-KK-028;korrigiert;Themenpaket Z-B;4;Konflikte;open;;"Offene Frage ohne Situation und Punktangabe, Fließtext; wie in P-ZI 03.11.2020 Aufg. 5a (je zwei Gründe auf Sach- und Beziehungsebene) mit Dispositionsbezug neu gefasst.";
Z-KK-029;korrigiert;Themenpaket Z-B;4;Konflikte;mc;;Distraktoren ohne Begründung – kurze w-Erklärungen ergänzt;
Z-KK-030;korrigiert;Themenpaket Z-B;4;Konflikte;mc;;Distraktoren ohne Begründung – kurze w-Erklärungen ergänzt;
Z-KK-031;korrigiert;Themenpaket Z-B;4;Konflikte;mc;;Distraktoren ohne Begründung – kurze w-Erklärungen ergänzt;
Z-KK-032;korrigiert;Themenpaket Z-B;4;Konflikte;mc;;Distraktoren ohne Begründung – kurze w-Erklärungen ergänzt;
Z-KK-033;korrigiert;Themenpaket Z-B;4;Konflikte;mc;;Distraktoren ohne Begründung – kurze w-Erklärungen ergänzt;
Z-KK-034;korrigiert;Themenpaket Z-B;4;Konflikte;mc;;Distraktoren ohne Begründung – kurze w-Erklärungen ergänzt;
Z-KK-035;korrigiert;Themenpaket Z-B;4;Konflikte;mc;;Distraktoren ohne Begründung – kurze w-Erklärungen ergänzt;
Z-KK-036;korrigiert;Themenpaket Z-B;4;Konflikte;mc;;Distraktoren ohne Begründung – kurze w-Erklärungen ergänzt;
Z-KK-037;korrigiert;Themenpaket Z-B;4;Konflikte;mc;;Distraktoren ohne Begründung – kurze w-Erklärungen ergänzt;
Z-KK-038;korrigiert;Themenpaket Z-B;4;Konflikte;mc;;Distraktoren ohne Begründung – kurze w-Erklärungen ergänzt;
Z-KK-039;korrigiert;Themenpaket Z-B;4;Konflikte;mc;;"Distraktoren passten logisch nicht zur Frage („Warum problematisch?“ mit Gründen, warum es unproblematisch sei); als Frage nach der Folge neu gefasst, w ergänzt.";
Z-KK-101;korrigiert;Themenpaket Z-B;4;Konflikte;mc;;Distraktoren ohne Begründung – kurze w-Erklärungen ergänzt;
Z-KK-102;korrigiert;Themenpaket Z-B;4;Konflikte;mc;;Distraktoren ohne Begründung – kurze w-Erklärungen ergänzt;
Z-KK-103;korrigiert;Themenpaket Z-B;4;Konflikte;mc;;Distraktoren ohne Begründung – kurze w-Erklärungen ergänzt;
Z-KK-104;korrigiert;Themenpaket Z-B;4;Konflikte;mc;;Distraktoren ohne Begründung – kurze w-Erklärungen ergänzt;
Z-KK-105;korrigiert;Themenpaket Z-B;4;Konflikte;mc;;"Reine Zahlenabfrage (Anzahl der Eskalationsstufen) ist Trivia; zu einer Anwendungsfrage zum Glasl-Modell mit Dispositionsbezug umgebaut, w ergänzt.";
Z-KK-107;korrigiert;Themenpaket Z-B;4;Konflikte;mc;;Distraktoren ohne Begründung – kurze w-Erklärungen ergänzt;
Z-KK-108;korrigiert;Themenpaket Z-B;4;Konflikte;mc;;Distraktoren ohne Begründung – kurze w-Erklärungen ergänzt;
Z-KK-601;neu;Themenpaket Z-B;4;Konflikte;open;;Lücke: Konfliktarten mit Praxisbeispielen und Senkung des Konfliktpotenzials als offene Aufgabe fehlten (P-ZI 06.05.2021 Aufg. 6a/b).;
Z-KK-602;neu;Themenpaket Z-B;4;Konflikte;open;;"Lücke: Umgang mit Alkoholproblemen eines Mitarbeiters fehlte ganz (P-ZI 04.11.2022 Aufg. 6a–c); im Kraftverkehr besonders sicherheitskritisch.";
PX-Z-006;gelöscht;Dubletten;4;Mitarbeiterbeurteilung;mc;Dublette;"Dublette: gleiche Frage zum offenen (freien) Beurteilungssystem mit gleicher Erklärung; Formulierung „aktiv frei“ holpriger.";PX-Z-014
PX-Z-038;gelöscht;Themenpaket Z-B;4;Mitarbeiterbeurteilung;mc;Dublette;Dublette: Grundsatz zur Kritik im Beurteilungsgespräch wie Z-BE-135.;Z-BE-135
PX-Z-121;gelöscht;Themenpaket Z-B;4;Mitarbeiterbeurteilung;mc;Dublette;Dublette: Tendenz zur Mitte wie Z-BE-116.;Z-BE-116
Z-BE-107;gelöscht;Dubletten;4;Mitarbeiterbeurteilung;mc;Dublette;"Dublette: „M“ in SMART ohne eigenen Kontext; SMART bei Zielvereinbarungen ist in der Gruppe mit Z-BE-120 u. a. abgedeckt";M-AM-106
Z-BE-111;gelöscht;Themenpaket Z-B;4;Mitarbeiterbeurteilung;mc;Dublette;Dublette: zentrales Ziel der Mitarbeiterbeurteilung wie Z-BE-101.;Z-BE-101
Z-BE-112;gelöscht;Themenpaket Z-B;4;Mitarbeiterbeurteilung;mc;Dublette;Dublette: freie gegenüber gebundener Beurteilung (sechsfach im Paket) wie Z-BE-132.;Z-BE-132
Z-BE-118;gelöscht;Themenpaket Z-B;4;Mitarbeiterbeurteilung;mc;Dublette;Dublette: Regeln im Beurteilungsgespräch (konkrete Beispiele, Stellungnahme) wie Z-BE-135.;Z-BE-135
Z-BE-119;gelöscht;Themenpaket Z-B;4;Mitarbeiterbeurteilung;mc;Dublette;Dublette: 360-Grad-Feedback (vierfach im Paket) wie Z-BE-110.;Z-BE-110
Z-BE-120;gelöscht;Themenpaket Z-B;4;Mitarbeiterbeurteilung;mc;Dublette;Dublette: SMART-Regel wie Z-BE-133.;Z-BE-133
Z-BE-122;gelöscht;Themenpaket Z-B;4;Mitarbeiterbeurteilung;mc;Dublette;Dublette: gleiche Situation wie Z-BE-115 (durchweg zu gute Bewertungen aus Konfliktscheu), gleiche richtige Antwort.;Z-BE-115
Z-BE-123;gelöscht;Themenpaket Z-B;4;Mitarbeiterbeurteilung;mc;Dublette;Dublette: Tendenz zur Mitte wie Z-BE-116.;Z-BE-116
Z-BE-125;gelöscht;Themenpaket Z-B;4;Mitarbeiterbeurteilung;mc;Dublette;Dublette: 360-Grad-Feedback wie Z-BE-110.;Z-BE-110
Z-BE-126;gelöscht;Themenpaket Z-B;4;Mitarbeiterbeurteilung;mc;Dublette;Dublette: gleiche Frage nach dem „M“ in SMART wie Z-BE-107 (gleiche richtige Antwort).;Z-BE-107
Z-BE-127;gelöscht;Themenpaket Z-B;4;Mitarbeiterbeurteilung;mc;Dublette;Dublette: Vorgehen im Beurteilungsgespräch wie Z-BE-135.;Z-BE-135
Z-BE-129;gelöscht;Themenpaket Z-B;4;Mitarbeiterbeurteilung;mc;Dublette;Dublette: gebundenes gegenüber freiem Verfahren wie Z-BE-132.;Z-BE-132
Z-BE-130;gelöscht;Themenpaket Z-B;4;Mitarbeiterbeurteilung;mc;Dublette;Dublette: gleiche Frage nach einem Leistungs- statt Verhaltensmerkmal wie Z-BE-113 (gleiche richtige Antwort: Arbeitsergebnis/Arbeitsgüte).;Z-BE-113
Z-BE-137;gelöscht;Themenpaket Z-B;4;Mitarbeiterbeurteilung;mc;Dublette;Dublette: Anforderungsprofil wie Z-PP-107 (dort im passenden Themenbereich Personalplanung).;Z-PP-107
PX-Z-007;korrigiert;Themenpaket Z-B;4;Mitarbeiterbeurteilung;mc;;Distraktoren ohne Begründung – kurze w-Erklärungen ergänzt;
PX-Z-008;korrigiert;Themenpaket Z-B / Querschnitt;4;Mitarbeiterbeurteilung;mc→open;;"MC mit überlanger richtiger Option und unplausiblen Distraktoren; als offene Aufgabe nach P-OK 15.11.2022 Aufg. 2c (Maßnahmen gegen Beurteilungsfehler mit Begründung) und P-ZI 05.11.2019 Aufg. 1c (Beurteilungsfehler) neu gefasst. | Andorra-/Pygmalion-Effekt aus der gelöschten Dublette Z-FM-032 in die Musterlösung übernommen";
PX-Z-014;korrigiert;Themenpaket Z-B;4;Mitarbeiterbeurteilung;mc;;"Richtige Option deutlich länger als die Distraktoren; angeglichen, w ergänzt (offene Vertiefung in PX-Z-006).";
PX-Z-035;korrigiert;Themenpaket Z-B;4;Mitarbeiterbeurteilung;mc→open;;"Dublette zu Z-BE-101 mit unplausiblen Distraktoren; als offene Aufgabe nach P-ZI 06.11.2025 Aufg. 5a und P-ZI 06.05.2021 Aufg. 5a (Ziele für Unternehmen und Mitarbeiter) neu gefasst.";
PX-Z-036;korrigiert;Themenpaket Z-B;4;Mitarbeiterbeurteilung;mc→open;;"Dublette zu Z-BE-136 (Verhaltensmerkmal Teamfähigkeit); als offene Aufgabe nach P-ZI 06.11.2025 Aufg. 5b (je drei Hardfacts und Softskills) mit Fahrerbezug neu gefasst.";
PX-Z-037;korrigiert;Themenpaket Z-B;4;Mitarbeiterbeurteilung;mc;;"Optionen unterschiedlich lang und teils unvollständig; als gleich gebaute Reihenfolgen neu gefasst, w ergänzt (offene Vertiefung in PX-Z-153).";
PX-Z-101;korrigiert;Themenpaket Z-B;4;Mitarbeiterbeurteilung;mc;;"Bezeichnung fehlerhaft („Lorbeer-Effekt“ meint die Fortschreibung früherer Leistungen, nicht die Überstrahlung); korrigiert, Distraktoren angeglichen, w ergänzt.";
PX-Z-133;korrigiert;Themenpaket Z-B;4;Mitarbeiterbeurteilung;mc;;"Distraktoren unplausibel (Abfindung); Situation präzisiert, angeglichen, w ergänzt (vgl. P-ZI 06.11.2018 Aufg. 1a).";
PX-Z-148;korrigiert;Themenpaket Z-B;4;Mitarbeiterbeurteilung;mc;;"Richtige Option deutlich länger als die Distraktoren; angeglichen, w ergänzt (vgl. P-ZI 07.11.2017 Aufg. 5c).";
PX-Z-153;korrigiert;Themenpaket Z-B;4;Mitarbeiterbeurteilung;mc→open;;"Reihenfolgefrage mit überlanger richtiger Option und unplausiblen Distraktoren; als offene Aufgabe nach P-ZI 06.11.2025 Aufg. 5c und P-ZI 09.05.2017 Aufg. 7b (Vorbereitung und Verlauf in Schritten) neu gefasst; PX-Z-037 ist darin aufgegangen.";
PX-Z-156;korrigiert;Themenpaket Z-B;4;Mitarbeiterbeurteilung;mc;;Distraktoren ohne Begründung – kurze w-Erklärungen ergänzt;
PX-Z-164;korrigiert;Themenpaket Z-B;4;Mitarbeiterbeurteilung;mc→open;;"MC mit überlanger richtiger Option und unplausiblen Distraktoren; als offene Aufgabe nach P-ZI 04.11.2016 Aufg. 5a und P-ZI 09.05.2017 Aufg. 7a (Notwendigkeit des Beurteilungsgesprächs) neu gefasst.";
PX-Z-174;korrigiert;Themenpaket Z-B;4;Mitarbeiterbeurteilung;mc;;Distraktoren ohne Begründung – kurze w-Erklärungen ergänzt;
Z-BE-101;korrigiert;Themenpaket Z-B;4;Mitarbeiterbeurteilung;mc;;Distraktoren ohne Begründung – kurze w-Erklärungen ergänzt;
Z-BE-102;korrigiert;Themenpaket Z-B;4;Mitarbeiterbeurteilung;mc;;Distraktoren ohne Begründung – kurze w-Erklärungen ergänzt;
Z-BE-103;korrigiert;Themenpaket Z-B / Querschnitt;4;Mitarbeiterbeurteilung;mc;;Distraktoren ohne Begründung – kurze w-Erklärungen ergänzt | Beispiel und Hinweis „positiv oder negativ“ aus der gelöschten Dublette Z-FM-018 übernommen;
Z-BE-104;korrigiert;Themenpaket Z-B;4;Mitarbeiterbeurteilung;mc;;Distraktoren ohne Begründung – kurze w-Erklärungen ergänzt;
Z-BE-105;korrigiert;Themenpaket Z-B;4;Mitarbeiterbeurteilung;mc;;"Ersatzanführungszeichen durch „…“ ersetzt; w-Erklärungen ergänzt";
Z-BE-106;korrigiert;Themenpaket Z-B;4;Mitarbeiterbeurteilung;mc;;Distraktoren ohne Begründung – kurze w-Erklärungen ergänzt;
Z-BE-108;korrigiert;Themenpaket Z-B;4;Mitarbeiterbeurteilung;mc;;Distraktoren ohne Begründung – kurze w-Erklärungen ergänzt;
Z-BE-109;korrigiert;Themenpaket Z-B;4;Mitarbeiterbeurteilung;mc;;Distraktoren ohne Begründung – kurze w-Erklärungen ergänzt;
Z-BE-110;korrigiert;Themenpaket Z-B;4;Mitarbeiterbeurteilung;mc;;Distraktoren ohne Begründung – kurze w-Erklärungen ergänzt;
Z-BE-113;korrigiert;Themenpaket Z-B;4;Mitarbeiterbeurteilung;mc;;Distraktoren ohne Begründung – kurze w-Erklärungen ergänzt;
Z-BE-114;korrigiert;Themenpaket Z-B;4;Mitarbeiterbeurteilung;mc;;Distraktoren ohne Begründung – kurze w-Erklärungen ergänzt;
Z-BE-115;korrigiert;Themenpaket Z-B;4;Mitarbeiterbeurteilung;mc;;Distraktoren ohne Begründung – kurze w-Erklärungen ergänzt;
Z-BE-116;korrigiert;Themenpaket Z-B;4;Mitarbeiterbeurteilung;mc;;Distraktoren ohne Begründung – kurze w-Erklärungen ergänzt;
Z-BE-117;korrigiert;Themenpaket Z-B;4;Mitarbeiterbeurteilung;mc;;Distraktoren ohne Begründung – kurze w-Erklärungen ergänzt;
Z-BE-121;korrigiert;Themenpaket Z-B;4;Mitarbeiterbeurteilung;mc;;Distraktoren ohne Begründung – kurze w-Erklärungen ergänzt;
Z-BE-124;korrigiert;Themenpaket Z-B;4;Mitarbeiterbeurteilung;mc;;Distraktoren ohne Begründung – kurze w-Erklärungen ergänzt;
Z-BE-128;korrigiert;Themenpaket Z-B;4;Mitarbeiterbeurteilung;mc;;Distraktoren ohne Begründung – kurze w-Erklärungen ergänzt;
Z-BE-134;korrigiert;Themenpaket Z-B;4;Mitarbeiterbeurteilung;mc;;"Verneinungsfrage („NICHT“) mit trivialem Distraktor (Wettbewerber); positiv als Frage nach den Perspektiven neu gefasst, w ergänzt.";
Z-BE-135;korrigiert;Dubletten;4;Mitarbeiterbeurteilung;mc;;"Distraktor „spontan ohne Vorbereitung“ überschnitt sich mit der Lösung von Z-BE-106; ersetzt durch den Distraktor „Persönlichkeit statt beobachtbares Verhalten“ aus Z-BE-118, Erklärung ergänzt.";
Z-FM-019;korrigiert + umsortiert;Themenpaket Z-A;4;Mitarbeiterbeurteilung;mc;von Zusammenarbeit · Führungsmethoden;umsortiert nach Mitarbeiterbeurteilung (Inhalt: Beurteilung/Beurteilungsfehler, keine Führungsmethode im engeren Sinn);
Z-FM-020;korrigiert + umsortiert;Themenpaket Z-A;4;Mitarbeiterbeurteilung;mc;von Zusammenarbeit · Führungsmethoden;umsortiert nach Mitarbeiterbeurteilung (Inhalt: Beurteilung/Beurteilungsfehler, keine Führungsmethode im engeren Sinn);
Z-FM-021;korrigiert + umsortiert;Themenpaket Z-A;4;Mitarbeiterbeurteilung;mc;von Zusammenarbeit · Führungsmethoden;umsortiert nach Mitarbeiterbeurteilung (Inhalt: Beurteilung/Beurteilungsfehler, keine Führungsmethode im engeren Sinn);
Z-FM-022;korrigiert + umsortiert;Themenpaket Z-A;4;Mitarbeiterbeurteilung;mc;von Zusammenarbeit · Führungsmethoden;umsortiert nach Mitarbeiterbeurteilung (Inhalt: Beurteilung/Beurteilungsfehler, keine Führungsmethode im engeren Sinn);
Z-FM-023;korrigiert + umsortiert;Themenpaket Z-A;4;Mitarbeiterbeurteilung;mc;von Zusammenarbeit · Führungsmethoden;umsortiert nach Mitarbeiterbeurteilung (Inhalt: Beurteilung/Beurteilungsfehler, keine Führungsmethode im engeren Sinn);
Z-FM-042;korrigiert + umsortiert;Themenpaket Z-A;4;Mitarbeiterbeurteilung;mc;von Zusammenarbeit · Führungsmethoden;"fehlende Begründungen (w) für alle Distraktoren ergänzt; umsortiert nach Mitarbeiterbeurteilung (Inhalt: Beurteilung/Beurteilungsfehler, keine Führungsmethode im engeren Sinn)";
Z-MO-023;gelöscht;Querschnitt;4;Motivation;mc;Dublette;"Dublette zu Z-PE-104 (Verdachtsfall Job-Enrichment): gleiche Definitionsfrage mit gleichen Distraktoren (Rotation, Enlargement); Z-PE-104 bleibt, weil bereits PX-Z-169 dorthin zusammengeführt wurde.";Z-PE-104
Z-MO-102;gelöscht;Themenpaket Z-B;4;Motivation;mc;Dublette;Dublette: Wirkungsprinzip der Bedürfnishierarchie wie Z-MO-006.;Z-MO-006
Z-MO-104;gelöscht;Themenpaket Z-B;4;Motivation;mc;Dublette;Dublette: Wirkung der Hygienefaktoren wie Z-MO-011.;Z-MO-011
Z-MO-105;gelöscht;Themenpaket Z-B;4;Motivation;mc;Dublette;Dublette: Menschenbild der Theorie X wie Z-MO-015.;Z-MO-015
Z-MO-106;gelöscht;Themenpaket Z-B;4;Motivation;mc;Dublette;Dublette: Führungsstil zur Theorie Y wie Z-MO-017.;Z-MO-017
Z-MO-108;gelöscht;Themenpaket Z-B;4;Motivation;mc;Dublette;Dublette: Beispiel für einen immateriellen Anreiz wie Z-MO-034.;Z-MO-034
PX-Z-005;korrigiert;Themenpaket Z-B;4;Motivation;mc→open;;"MC mit unplausiblen Distraktoren (z. B. „Verhalten fördern, das den Unternehmenszielen widerspricht“); als offene Aufgabe nach P-OK 15.11.2022 Aufg. 1b/c (Anforderungen an Anreizsysteme, Anreizsystem mit drei Maßnahmen) neu gefasst.";
PX-Z-050;korrigiert;Themenpaket Z-B;4;Motivation;mc→open;;"MC mit unplausiblen Distraktoren; die Prüfung verlangt Beschreibung mit Beispiel (P-ZI 30.04.2015 Aufg. 1b, P-ZI 07.11.2017 Aufg. 2b, P-ZI 07.11.2024 Aufg. 2). Als offene Aufgabe mit Dispositionsbezug neu gefasst.";
PX-Z-051;korrigiert;Themenpaket Z-B;4;Motivation;mc;;"Richtige Option deutlich länger als die Distraktoren; angeglichen, w ergänzt.";
PX-Z-067;korrigiert;Themenpaket Z-B;4;Motivation;mc;;"Distraktoren deutlich kürzer als die richtige Option; angeglichen, w ergänzt.";
PX-Z-075;korrigiert;Themenpaket Z-B;4;Motivation;mc;;"Distraktoren kürzer und teils unplausibel; angeglichen, w ergänzt (offene Vertiefung in PX-Z-197).";
PX-Z-079;korrigiert;Themenpaket Z-B;4;Motivation;mc→open;;"MC mit unplausiblen Distraktoren (Gleitzeit, Teilzeitanteil); als offene Aufgabe nach P-ZI 06.05.2020 Aufg. 8, P-ZI 04.11.2022 Aufg. 2 und P-FT 20.11.2023 Aufg. 5d (Maßnahmen gegen Fehlzeiten) neu gefasst.";
PX-Z-104;korrigiert;Themenpaket Z-B;4;Motivation;mc;;"Distraktoren kürzer; angeglichen, w ergänzt (offene Vertiefung in PX-Z-129).";
PX-Z-107;korrigiert + umsortiert;Themenpaket Z-A / Optionslängen;4;Motivation;mc;von Zusammenarbeit · Personalentwicklung;"fehlende Begründungen (w) für alle Distraktoren ergänzt; umsortiert nach Motivation (Inhalt betrifft Motivation/Leistungsbereitschaft, nicht Personalentwicklung/Führungsstil) | Richtige Option gestrafft (Einsatzplanung in der Erklärung)";
PX-Z-113;korrigiert;Themenpaket Z-B;4;Motivation;mc→open;;"Erklärung passte nicht zur Frage (behandelte Job Rotation); als offene Aufgabe nach P-ZI 06.05.2020 Aufg. 2 (alle drei Formen mit Beispiel) mit Kraftverkehrsbezug neu gefasst.";
PX-Z-118;korrigiert;Themenpaket Z-B;4;Motivation;mc→open;;"MC mit unplausiblen Distraktoren (Tarifentlohnung, Zustimmung des Betriebsrats); als offene Aufgabe nach P-ZI 06.05.2020 Aufg. 1a/b mit Fahrerbezug übertragen.";
PX-Z-129;korrigiert;Themenpaket Z-B;4;Motivation;mc→open;;"Dublette zu PX-Z-104, Erklärung passte nicht zur Frage (Teamarbeit); als offene Aufgabe nach P-ZI 08.05.2019 Aufg. 3a mit Lagerbezug neu gefasst.";
PX-Z-144;korrigiert + umsortiert;Themenpaket Z-A / Optionslängen;4;Motivation;mc;von Zusammenarbeit · Personalentwicklung;"fehlende Begründungen (w) für alle Distraktoren ergänzt; umsortiert nach Motivation (Inhalt betrifft Motivation/Leistungsbereitschaft, nicht Personalentwicklung/Führungsstil) | Bestimmungsfaktoren (Veranlagung, Ausbildung, Gesundheit) aus der richtigen Option in die Erklärung; „nur“ beim Distraktor entfernt";
PX-Z-162;korrigiert;Themenpaket Z-B;4;Motivation;mc;;"Richtige Option überlang, Distraktoren teils unplausibel; angeglichen, w ergänzt (offene Vertiefung in PX-Z-113).";
PX-Z-171;korrigiert;Themenpaket Z-B;4;Motivation;mc→open;;"MC mit sehr langer richtiger Option und trivialen Distraktoren; als offene Aufgabe nach P-ZI 04.05.2016 Aufg. 5 (zwei Arten der Motivation mit Beispiel) neu gefasst.";
PX-Z-177;korrigiert;Themenpaket Z-B;4;Motivation;mc→open;;"MC mit überlanger richtiger Option und unplausiblen Distraktoren; als offene Aufgabe nach P-ZI 06.11.2015 Aufg. 1a/b mit Lagerbezug übertragen.";
PX-Z-192;korrigiert;Themenpaket Z-B;4;Motivation;mc→open;;"Dublette zu PX-Z-067, MC mit überlanger richtiger Option; als offene Aufgabe nach P-ZI 30.04.2015 Aufg. 6 und P-ZI 09.11.2023 Aufg. 2a neu gefasst.";
PX-Z-197;korrigiert;Themenpaket Z-B / Querschnitt;4;Motivation;mc→open;;"MC mit überlanger richtiger Option und unplausiblen Distraktoren (Wetter, Rechtsform); als offene Aufgabe nach P-ZI 13.11.2014 Aufg. 5 und P-ZI 08.05.2019 Aufg. 4 neu gefasst. | Vorgehen bei Anerkennung und Kritik aus der gelöschten Dublette Z-FM-605 in die Musterlösung übernommen";
Z-FS-117;korrigiert + umsortiert;Themenpaket Z-A / Optionslängen;4;Motivation;mc;von Zusammenarbeit · Führungsstile;"fehlende Begründungen (w) für alle Distraktoren ergänzt; umsortiert nach Motivation (Inhalt betrifft Motivation/Leistungsbereitschaft, nicht Personalentwicklung/Führungsstil) | Richtige Option gestrafft (Wirkung schlechter Führung steht in der Erklärung); Absolutwörter bei Distraktor entfernt";
Z-MO-028;korrigiert;Themenpaket Z-B;4;Motivation;mc;;"Richtige Option deutlich länger als die Distraktoren (Hinweis im Wortlaut); gekürzt, w-Erklärungen beibehalten.";
Z-MO-029;korrigiert;Themenpaket Z-B;4;Motivation;open;;"Offene Frage ohne Handlungssituation und Punktangabe, Musterlösung als Fließtext; prüfungsnah mit Fahrerbezug und stichpunktartiger Musterlösung neu gefasst.";
Z-MO-030;korrigiert;Themenpaket Z-B;4;Motivation;open;;"Offene Frage ohne Handlungssituation und Punktangabe, Musterlösung als Fließtext; prüfungsnah mit Werkstattbezug und Beurteilungsteil neu gefasst.";
Z-MO-031;korrigiert;Themenpaket Z-B;4;Motivation;open;;"Offene Frage ohne Handlungssituation und Punktangabe, Musterlösung als Fließtext; prüfungsnah mit Fuhrparkbezug (Kontrolle per Telematik) neu gefasst.";
Z-MO-101;korrigiert;Themenpaket Z-B;4;Motivation;mc;;Distraktoren ohne Begründung – kurze w-Erklärungen ergänzt;
Z-MO-103;korrigiert;Themenpaket Z-B;4;Motivation;mc;;Distraktoren ohne Begründung – kurze w-Erklärungen ergänzt;
Z-MO-107;korrigiert;Themenpaket Z-B;4;Motivation;mc;;Distraktoren ohne Begründung – kurze w-Erklärungen ergänzt;
Z-MO-109;korrigiert;Themenpaket Z-B;4;Motivation;mc;;"Richtige Option deutlich länger als die Distraktoren; angeglichen, w ergänzt, Bezug zur SMART-Zielvereinbarung ergänzt.";
Z-MO-110;korrigiert;Themenpaket Z-B;4;Motivation;mc;;Distraktoren ohne Begründung – kurze w-Erklärungen ergänzt;
Z-PE-023;korrigiert + umsortiert;Themenpaket Z-A;4;Motivation;mc;von Zusammenarbeit · Personalentwicklung;"fehlende Begründungen (w) für alle Distraktoren ergänzt; umsortiert nach Motivation (Inhalt betrifft Motivation/Leistungsbereitschaft, nicht Personalentwicklung/Führungsstil)";
Z-PE-032;korrigiert + umsortiert;Variation zurückgeholt;4;Motivation;mc;von Zusammenarbeit · Personalentwicklung;"Variation: Wirkung/Nutzen des Vorschlagswesens statt Begriff (Z-PE-023); abwegige Distraktoren durch plausible ersetzt, w ergänzt; wie der Ersatz unter Motivation einsortiert";
Z-MO-601;neu;Themenpaket Z-B;4;Motivation;open;;"Lücke: Maßnahmen gegen innere Kündigung fehlten; im Paket nur die MC-Begriffsfrage Z-MO-021 (P-ZI 04.05.2023 Aufg. 6, 13 P).";
PX-Z-027;gelöscht;Themenpaket Z-A;4;Personalentwicklung;mc;Dublette;"Dublette zu PX-Z-003 (mit dem Alter abnehmende Leistungsfaktoren); richtige Option durch Länge erkennbar";PX-Z-003
PX-Z-048;gelöscht;Themenpaket Z-A;4;Personalentwicklung;mc;Dublette;Dublette zu Z-PE-034 (Sozialkompetenz = Kooperation und Kommunikation);Z-PE-034
PX-Z-084;gelöscht;Themenpaket Z-A;4;Personalentwicklung;mc;Dublette;Dublette zu Z-PE-002 (betrieblicher Nutzen von Fort- und Weiterbildung);Z-PE-002
PX-Z-089;gelöscht;Themenpaket Z-A;4;Personalentwicklung;mc;Dublette;Dublette zu Z-PE-025 (vier Kompetenzbereiche);Z-PE-025
PX-Z-123;gelöscht;Themenpaket Z-A;4;Personalentwicklung;mc;Dublette;Dublette zu PX-Z-001 (Begriff Schlüsselqualifikationen);PX-Z-001
Z-PE-010;gelöscht;Dubletten;4;Personalentwicklung;mc;Dublette;"Dublette: duales System (Betrieb und Berufsschule); Z-AB-101 steht im passenden Bereich Berufsausbildung.";Z-AB-101
Z-PE-011;gelöscht;Dubletten;4;Personalentwicklung;mc;Dublette;"Dublette: Inhalt der AEVO; Z-AB-107 steht im passenden Bereich Berufsausbildung.";Z-AB-107
Z-PE-012;gelöscht;Dubletten;4;Personalentwicklung;mc;Dublette;"Dublette: BBiG als Grundlage der Berufsausbildung; Z-AB-101/102 stehen im passenden Bereich Berufsausbildung.";Z-AB-102
Z-PE-017;gelöscht;Themenpaket Z-A;4;Personalentwicklung;mc;nicht prüfungsrelevant / überholt;"Nicht prüfungsrelevant und fachlich umstritten: Lerntypen-Modell (Vester) ist empirisch nicht belegt und kommt in ZI/OK nicht vor; prüfungsrelevant sind die Lernzielbereiche (neu ergänzt)";
Z-PE-022;gelöscht;Querschnitt;4;Personalentwicklung;mc;Dublette;"Verdachtsfall Unterweisung (aus Z-A verschoben) ↔ R-AS: Dublette zu PX-R-011 (MC Zweck/Ziel der Unterweisung nach § 12 ArbSchG, gleiche Frageweise); PX-R-011 hat die lehrreicheren Distraktoren (Unterschrift überträgt Verantwortung, bloße Nachweispflicht, Ersatz der Gefährdungsbeurteilung); Abgrenzung in die Erklärung übernommen";PX-R-011
Z-PE-033;gelöscht;Themenpaket Z-A;4;Personalentwicklung;mc;Dublette;Dublette zu Z-PE-002 (betrieblicher Nutzen von Weiterbildung/Anpassung an Wandel);Z-PE-002
Z-PE-101;gelöscht;Themenpaket Z-A;4;Personalentwicklung;mc;Dublette;Dublette zu Z-PE-002 (Ziel/Nutzen der PE aus Unternehmenssicht);Z-PE-002
Z-PE-102;gelöscht;Themenpaket Z-A;4;Personalentwicklung;mc;Dublette;Dublette zu PX-Z-109 (Qualifizierungsbedarf = Soll-Ist-Vergleich Anforderungs-/Qualifikationsprofil);PX-Z-109
Z-PE-103;gelöscht;Themenpaket Z-A;4;Personalentwicklung;mc;Dublette;Dublette zu Z-PE-005 (off the job = externes Seminar);Z-PE-005
Z-PE-109;gelöscht;Themenpaket Z-A;4;Personalentwicklung;mc;Dublette;Dublette zu Z-PE-025 (vier Teilkompetenzen der Handlungskompetenz);Z-PE-025
Z-PE-116;gelöscht;Dubletten;4;Personalentwicklung;mc;Dublette;"Dublette: zutreffende Aussage zum Onboarding mit überlappenden Distraktoren; die drei Integrationsebenen in die Erklärung von Z-PE-108 übernommen.";Z-PE-108
PX-Z-001;korrigiert;Themenpaket Z-A / Zusammenführung;4;Personalentwicklung;mc;;"Fragestellung verallgemeinert (Schlüsselqualifikationen sind nicht auf Führungskräfte beschränkt), Beispiele in e ergänzt; fehlende Begründungen (w) für alle Distraktoren ergänzt | Förderung durch den Meister (aus PX-Z-123) aus der Dublettenfassung ergänzt – ZI-Prüfungen fragen danach";
PX-Z-003;korrigiert;Themenpaket Z-A;4;Personalentwicklung;mc;;fehlende Begründungen (w) für alle Distraktoren ergänzt;
PX-Z-015;korrigiert;Themenpaket Z-A;4;Personalentwicklung;mc→open;;"fragte den Wortlaut einer Musterlösung ab und war strittig (die Auswahl der Verfahren gehört eher zur Vorbereitung); in übertragbare offene Aufgabe umgewandelt (vgl. OK 8.5.2025 Aufg. 5c)";
PX-Z-018;korrigiert;Themenpaket Z-A / Optionslängen;4;Personalentwicklung;mc;;abwegige Distraktoren (Lohnkosten, Lenkzeiten, Wartungsintervalle) durch typische Verwechslungen ersetzt, w ergänzt | Richtige Option gestrafft;
PX-Z-021;korrigiert;Themenpaket Z-A;4;Personalentwicklung;mc→open;;"fragte eine Musterlösung ab, Distraktoren abwegig (Alter und Wohnort, Kundenbewertungen), richtige Option nannte nur Quellen für das Fähigkeitsprofil; in offene Aufgabe umgewandelt (vgl. OK 7.5.2026 Aufg. 5a)";
PX-Z-028;korrigiert;Themenpaket Z-A;4;Personalentwicklung;mc;;abwegige Distraktoren (EDV-Verbot aus Arbeitsschutzgründen, gesetzlicher Ausschluss von Weiterbildung) durch typische Fehlannahmen ersetzt, w ergänzt;
PX-Z-049;korrigiert;Themenpaket Z-A;4;Personalentwicklung;mc;;fehlende Begründungen (w) für alle Distraktoren ergänzt;
PX-Z-057;korrigiert;Themenpaket Z-A / Optionslängen;4;Personalentwicklung;mc;;"fehlende Begründungen (w) für alle Distraktoren ergänzt | Richtige Option gekürzt und wie die Distraktoren als Weil-Satz gebaut (Kostenargument in der Erklärung); „immer“ beim Distraktor entfernt";
PX-Z-058;korrigiert;Themenpaket Z-A;4;Personalentwicklung;mc→open;;"Reihenfolge-MC fragte den Wortlaut einer Musterlösung ab (richtige Option deutlich länger); in übertragbare offene Aufgabe umgewandelt (vgl. ZI 7.11.2024 Aufg. 5b)";
PX-Z-066;korrigiert;Themenpaket Z-A / Optionslängen;4;Personalentwicklung;mc;;"fehlende Begründungen (w) für alle Distraktoren ergänzt | Richtige Option gestrafft (Gleichaltrige und Schule in der Erklärung); Absolutwörter bei Distraktoren entfernt";
PX-Z-085;korrigiert;Themenpaket Z-A / Optionslängen;4;Personalentwicklung;mc;;fehlende Begründungen (w) für alle Distraktoren ergänzt | Stufenklammer aus der richtigen Option in die Erklärung, dort in der üblichen Fassung (Vorbereiten – Vormachen – Nachmachen – Üben);
PX-Z-093;korrigiert;Themenpaket Z-A;4;Personalentwicklung;mc→open;;MC mit abwegigen Distraktoren (Abmahnung künftiger Pflichtverletzungen, Altersversorgung) in prüfungsnahe offene Aufgabe umgewandelt (vgl. ZI 4.11.2021 Aufg. 3a);
PX-Z-097;korrigiert;Themenpaket Z-A / Optionslängen;4;Personalentwicklung;mc;;"fehlende Begründungen (w) für alle Distraktoren ergänzt | Richtige Option gestrafft (Wissensweitergabe an Jüngere in der Erklärung); „ausschließlich“ beim Distraktor entfernt";
PX-Z-103;korrigiert;Themenpaket Z-A;4;Personalentwicklung;mc;;fehlende Begründungen (w) für alle Distraktoren ergänzt;
PX-Z-105;korrigiert;Themenpaket Z-A / Optionslängen;4;Personalentwicklung;mc;;"fehlende Begründungen (w) für alle Distraktoren ergänzt | Richtige Option gestrafft (vollständige Aussage in der Erklärung); Absolutwörter bei Distraktoren entfernt";
PX-Z-109;korrigiert;Themenpaket Z-A / Optionslängen;4;Personalentwicklung;mc;;"fehlende Begründungen (w) für alle Distraktoren ergänzt | Richtige Option gestrafft; Distraktoren, die nur durch „ausschließlich“/„allein“ falsch waren, durch eindeutig falsche ersetzt";
PX-Z-120;korrigiert;Themenpaket Z-A / Optionslängen;4;Personalentwicklung;mc;;"abwegigen Distraktor (Unterrichtung über die Betriebsratswahl) ersetzt, w ergänzt | Leistungsstand aus der richtigen Option in die Erklärung; „ausschließlich“ beim Distraktor entfernt";
PX-Z-127;korrigiert;Themenpaket Z-A / Optionslängen;4;Personalentwicklung;mc;;"fehlende Begründungen (w) für alle Distraktoren ergänzt | Beispiele (Zeugnisse, Arbeitszeit- und UVV-Regelungen) aus der richtigen Option in die Erklärung; „vollständig“ beim Distraktor entfernt";
PX-Z-128;korrigiert;Themenpaket Z-A / Optionslängen;4;Personalentwicklung;mc;;"fehlende Begründungen (w) für alle Distraktoren ergänzt | Fünf Planungsschritte in der richtigen Option gebündelt (vollständig in der Erklärung); „Nur“ beim Distraktor entfernt";
PX-Z-143;korrigiert;Themenpaket Z-A / Optionslängen;4;Personalentwicklung;mc;;"fehlende Begründungen (w) für alle Distraktoren ergänzt | Vorbildfunktion aus der richtigen Option in die Erklärung; Absolutwörter („jeden“, „ausschließlich“, „allein“, „strikt“) bei Distraktoren entfernt";
PX-Z-168;korrigiert;Themenpaket Z-A / Optionslängen;4;Personalentwicklung;mc;;"fehlende Begründungen (w) für alle Distraktoren ergänzt | Aufzählungen aus der richtigen Option in die Erklärung; Distraktor „Beides ausschließlich durch externe Seminare“ durch gleich gebauten Distraktor ersetzt";
PX-Z-190;korrigiert;Themenpaket Z-A / Optionslängen;4;Personalentwicklung;mc;;"fehlende Begründungen (w) für alle Distraktoren ergänzt | Maßnahmenliste in der richtigen Option auf zwei Kernpunkte gekürzt (vollständig in der Erklärung); kurzen Distraktor verlängert";
PX-Z-193;korrigiert;Themenpaket Z-A / Optionslängen;4;Personalentwicklung;mc;;fehlende Begründungen (w) für alle Distraktoren ergänzt | Aufzählung der Führungsthemen aus der richtigen Option in die Erklärung, Option auf den Kern gekürzt;
Z-PE-001;korrigiert;Themenpaket Z-A;4;Personalentwicklung;mc;;fehlende Begründungen (w) für alle Distraktoren ergänzt;
Z-PE-002;korrigiert;Themenpaket Z-A;4;Personalentwicklung;mc;;fehlende Begründungen (w) für alle Distraktoren ergänzt;
Z-PE-003;korrigiert;Themenpaket Z-A;4;Personalentwicklung;mc;;fehlende Begründungen (w) für alle Distraktoren ergänzt;
Z-PE-004;korrigiert;Themenpaket Z-A;4;Personalentwicklung;mc;;fehlende Begründungen (w) für alle Distraktoren ergänzt;
Z-PE-005;korrigiert;Themenpaket Z-A;4;Personalentwicklung;mc;;fehlende Begründungen (w) für alle Distraktoren ergänzt;
Z-PE-006;korrigiert;Themenpaket Z-A;4;Personalentwicklung;mc;;fehlende Begründungen (w) für alle Distraktoren ergänzt;
Z-PE-007;korrigiert;Themenpaket Z-A;4;Personalentwicklung;mc;;fehlende Begründungen (w) für alle Distraktoren ergänzt;
Z-PE-008;korrigiert;Themenpaket Z-A;4;Personalentwicklung;mc;;fehlende Begründungen (w) für alle Distraktoren ergänzt;
Z-PE-009;korrigiert;Themenpaket Z-A;4;Personalentwicklung;mc;;fehlende Begründungen (w) für alle Distraktoren ergänzt;
Z-PE-013;korrigiert;Themenpaket Z-A;4;Personalentwicklung;mc;;fehlende Begründungen (w) für alle Distraktoren ergänzt;
Z-PE-014;korrigiert;Variation zurückgeholt;4;Personalentwicklung;mc;;"Variation: Inhalt einer einzelnen Stufe und Abgrenzung der Stufen statt nur der Reihenfolge wie in Z-PE-013; Fahrerbezug, w ergänzt";
Z-PE-015;korrigiert;Themenpaket Z-A;4;Personalentwicklung;mc;;fehlende Begründungen (w) für alle Distraktoren ergänzt;
Z-PE-016;korrigiert;Themenpaket Z-A;4;Personalentwicklung;mc;;fehlende Begründungen (w) für alle Distraktoren ergänzt;
Z-PE-018;korrigiert;Themenpaket Z-A;4;Personalentwicklung;mc;;fehlende Begründungen (w) für alle Distraktoren ergänzt;
Z-PE-019;korrigiert;Themenpaket Z-A;4;Personalentwicklung;mc;;fehlende Begründungen (w) für alle Distraktoren ergänzt;
Z-PE-020;korrigiert;Themenpaket Z-A;4;Personalentwicklung;mc;;fehlende Begründungen (w) für alle Distraktoren ergänzt;
Z-PE-021;korrigiert;Variation zurückgeholt;4;Personalentwicklung;mc;;"Variation: Ziel der Einarbeitung (fachliche, soziale und werteorientierte Integration) – anderer Blickwinkel als Z-PE-108 (Einarbeitungsplan und Pate); der Ersatz Z-PE-116 ist selbst gelöscht; Disponentenfall, w ergänzt";
Z-PE-024;korrigiert;Themenpaket Z-A;4;Personalentwicklung;mc;;fehlende Begründungen (w) für alle Distraktoren ergänzt;
Z-PE-025;korrigiert;Themenpaket Z-A;4;Personalentwicklung;mc;;fehlende Begründungen (w) für alle Distraktoren ergänzt;
Z-PE-026;korrigiert;Themenpaket Z-A;4;Personalentwicklung;open;;"Musterlösung als Fließtext in IHK-typische Stichpunkte gegliedert (Inhalt beibehalten); Praxisbeispiele aus dem Kraftverkehr ergänzt";
Z-PE-027;korrigiert;Themenpaket Z-A;4;Personalentwicklung;open;;Musterlösung als Fließtext in IHK-typische Stichpunkte gegliedert (Inhalt beibehalten);
Z-PE-028;korrigiert;Themenpaket Z-A;4;Personalentwicklung;open;;Musterlösung als Fließtext in IHK-typische Stichpunkte gegliedert (Inhalt beibehalten);
Z-PE-029;korrigiert;Themenpaket Z-A;4;Personalentwicklung;mc;;fehlende Begründungen (w) für alle Distraktoren ergänzt;
Z-PE-030;korrigiert;Themenpaket Z-A;4;Personalentwicklung;mc;;fehlende Begründungen (w) für alle Distraktoren ergänzt;
Z-PE-031;korrigiert;Variation zurückgeholt;4;Personalentwicklung;mc;;"Variation: Transfersicherung als Anwendung im Fall (welche Maßnahme wirkt), Z-PE-105 fragt nur den Begriff; von „Warum wichtig“ zum Fall abgewandelt, unplausible Distraktoren ersetzt, w ergänzt";
Z-PE-034;korrigiert;Themenpaket Z-A;4;Personalentwicklung;mc;;fehlende Begründungen (w) für alle Distraktoren ergänzt;
Z-PE-104;korrigiert;Themenpaket Z-A;4;Personalentwicklung;mc;;"gerade Anführungszeichen durch typografische ersetzt; fehlende Begründungen (w) für alle Distraktoren ergänzt";
Z-PE-105;korrigiert;Themenpaket Z-A;4;Personalentwicklung;mc;;"gerade Anführungszeichen durch typografische ersetzt; fehlende Begründungen (w) für alle Distraktoren ergänzt";
Z-PE-106;korrigiert;Themenpaket Z-A;4;Personalentwicklung;mc;;fehlende Begründungen (w) für alle Distraktoren ergänzt;
Z-PE-107;korrigiert;Themenpaket Z-A;4;Personalentwicklung;mc;;fehlende Begründungen (w) für alle Distraktoren ergänzt;
Z-PE-108;korrigiert;Themenpaket Z-A / Zusammenführung;4;Personalentwicklung;mc;;"fehlende Begründungen (w) für alle Distraktoren ergänzt | Beginn vor dem ersten Arbeitstag und werteorientierte Integration (aus Z-PE-116) aus der Dublettenfassung ergänzt; w der Paketfassung beibehalten";
Z-PE-110;korrigiert;Themenpaket Z-A;4;Personalentwicklung;mc;;fehlende Begründungen (w) für alle Distraktoren ergänzt;
Z-PE-111;korrigiert;Themenpaket Z-A;4;Personalentwicklung;mc;;fehlende Begründungen (w) für alle Distraktoren ergänzt;
Z-PE-112;korrigiert;Themenpaket Z-A;4;Personalentwicklung;mc;;fehlende Begründungen (w) für alle Distraktoren ergänzt;
Z-PE-113;korrigiert;Themenpaket Z-A;4;Personalentwicklung;mc;;fehlende Begründungen (w) für alle Distraktoren ergänzt;
Z-PE-114;korrigiert;Themenpaket Z-A;4;Personalentwicklung;mc;;fehlende Begründungen (w) für alle Distraktoren ergänzt;
Z-PE-115;korrigiert;Themenpaket Z-A;4;Personalentwicklung;mc;;fehlende Begründungen (w) für alle Distraktoren ergänzt;
Z-PE-915;korrigiert;Themenpaket Z-A;4;Personalentwicklung;calc;;Rechenweg im deutschen Format (· statt x);
Z-PE-601;neu;Themenpaket Z-A;4;Personalentwicklung;open;;Lücke: Schlüsselqualifikationen (ZI 13.11.2014, 9.5.2017, 4.5.2018, 6.11.2018, 5.11.2019, 4.11.2021, 9.11.2023) nur als MC-Begriff und MC-Förderung vorhanden (vgl. ZI 4.5.2018 Aufg. 2a–c);
Z-PE-602;neu;Themenpaket Z-A;4;Personalentwicklung;open;;Lücke: Ermittlung des Qualifizierungsbedarfs und Planungsfragen nur als MC-Grundsatz vorhanden, in ZI und OK offen gefragt (ZI 3.11.2020 Aufg. 6a/b, OK 12.11.2025 Aufg. 5a, ZI 9.11.2023 Aufg. 5a);
Z-PE-603;neu;Themenpaket Z-A;4;Personalentwicklung;open;;"Lücke: Lernzielbereiche nur als ein MC (PX-Z-085), in ZI offen gefragt (ZI 5.5.2022 Aufg. 3b); ersetzt inhaltlich das gelöschte Lerntypen-MC Z-PE-017";
Z-PE-604;neu;Themenpaket Z-A;4;Personalentwicklung;open;;Lücke: E-Learning nur als MC zu Blended Learning vorhanden, Vor- und Nachteile in ZI offen gefragt (ZI 9.11.2023 Aufg. 5c);
Z-PE-605;neu;Themenpaket Z-A;4;Personalentwicklung;calc;;"Lücke: Kosten einer Qualifizierungsmaßnahme fehlten (ZI 9.11.2023 Aufg. 5b „Geben Sie sechs Kosten an …“); als Rechenaufgabe mit vorgegebenen Werten";
Z-PE-607;neu;Themenpaket Z-A;4;Personalentwicklung;open;;Lücke: Potenzialanalyse nur als MC-Begriff, Vorteile in OK offen gefragt (OK 18.5.2021 Aufg. 6a, OK 8.5.2025 Aufg. 5a);
Z-PE-608;neu;Themenpaket Z-A;4;Personalentwicklung;open;;"Lücke: ältere Mitarbeiter (OK 16.11.2021 Aufg. 4a/b, ZI 6.5.2021 Aufg. 1, ZI 6.11.2025 Aufg. 1) nur als Einzel-MC; keine offene Aufgabe zu Leistungsfaktoren und Fördermaßnahmen";
Z-PE-610;neu;Themenpaket Z-A;4;Personalentwicklung;open;;"Lücke: interkulturelle Kompetenz und Führung von Mitarbeitern mit Migrationshintergrund fehlten ganz (ZI 4.11.2022 Aufg. 5, 20 Punkte; OK 16.11.2021 Aufg. 4d)";
Z-PE-611;neu;Themenpaket Z-A;4;Personalentwicklung;open;;Lücke: Auswirkungen von Automatisierung/Digitalisierung und die Vorbereitung der Mitarbeiter nur als ein MC (PX-Z-105), in ZI offen gefragt (ZI 3.11.2020 Aufg. 2a/b);
Z-PE-612;neu;Themenpaket Z-A;4;Personalentwicklung;open;;Lücke: Evaluation von Qualifizierungsmaßnahmen nur als MC zum Kirkpatrick-Modell, in OK offen gefragt (OK 12.11.2025 Aufg. 5c);
Z-PE-613;neu;Themenpaket Z-A;4;Personalentwicklung;open;;Lücke: Einflüsse auf die Persönlichkeitsentwicklung und die Vorbildfunktion nur als Einzel-MC, in ZI offen gefragt (ZI 4.11.2016 Aufg. 1a/b, ZI 7.11.2017 Aufg. 1);
PX-Z-012;gelöscht;Themenpaket Z-B;4;Personalplanung;mc;Dublette;Dublette: Nachteil interner Besetzung (Betriebsblindheit) wie PX-Z-016.;PX-Z-016
Z-PP-104;gelöscht;Themenpaket Z-B;4;Personalplanung;mc;Dublette;Dublette: Gegenstand der qualitativen Personalbedarfsplanung wie Z-PP-139.;Z-PP-139
Z-PP-110;gelöscht;Dubletten;4;Personalplanung;mc;Dublette;Dublette: Kennzeichen des Assessment-Centers, gleiche richtige Antwort.;Z-PE-110
Z-PP-111;gelöscht;Themenpaket Z-B;4;Personalplanung;mc;Dublette;"Dublette: interne Freisetzung ohne Bestandsabbau (viermal vorhanden, vgl. Z-PP-137); zudem Verneinungsformulierung „NICHT“.";Z-PP-137
Z-PP-114;gelöscht;Themenpaket Z-B;4;Personalplanung;mc;Dublette;Dublette: Ermittlung des Bruttopersonalbedarfs wie Z-PP-101.;Z-PP-101
Z-PP-117;gelöscht;Themenpaket Z-B;4;Personalplanung;mc;Dublette;Dublette: Merkmale des Assessment-Centers wie Z-PP-110.;Z-PP-110
Z-PP-119;gelöscht;Themenpaket Z-B;4;Personalplanung;mc;Dublette;Dublette: interne Freisetzung ohne Bestandsabbau wie Z-PP-137.;Z-PP-137
Z-PP-120;gelöscht;Dubletten;4;Personalplanung;mc;Dublette;"Dublette: Arbeitgeberanteil zur Sozialversicherung als Personalzusatzkosten; Z-PP-135 grenzt zusätzlich gesetzliche und freiwillige Zusatzkosten ab.";Z-PP-135
Z-PP-121;gelöscht;Themenpaket Z-B;4;Personalplanung;mc;Dublette;Dublette: Inhalt des Anforderungsprofils wie Z-PP-107.;Z-PP-107
Z-PP-128;gelöscht;Themenpaket Z-B;4;Personalplanung;mc;Dublette;Dublette: Fragestellung der qualitativen Personalbedarfsplanung wie Z-PP-139.;Z-PP-139
Z-PP-129;gelöscht;Themenpaket Z-B;4;Personalplanung;mc;Dublette;Dublette: Komponenten des Bruttopersonalbedarfs wie Z-PP-101.;Z-PP-101
Z-PP-131;gelöscht;Themenpaket Z-B;4;Personalplanung;mc;Dublette;"Dublette: Vorteil interner Beschaffung wie Z-PP-105; richtige Option war zudem auffällig länger.";Z-PP-105
Z-PP-133;gelöscht;Themenpaket Z-B;4;Personalplanung;mc;Dublette;Dublette: interne Freisetzung ohne Bestandsabbau wie Z-PP-137.;Z-PP-137
Z-PP-134;gelöscht;Dubletten;4;Personalplanung;mc;Dublette;"Dublette: Ziel der Nachfolgeplanung; Distraktoren von Z-PP-134 unplausibel (Fluktuation erhöhen, Urlaub berechnen).";Z-PE-107
PX-B-026;korrigiert + umsortiert;Themenpaket B-A;4;Personalplanung;calc;von BWL · Kostenrechnung;Falsch einsortiert: Ermittlung der Nettoarbeitsstunden (personeller Kapazitätsbestand) gehört zur Personalplanung;
PX-Z-016;korrigiert;Themenpaket Z-B;4;Personalplanung;mc;;Distraktoren ohne Begründung – kurze w-Erklärungen ergänzt;
PX-Z-017;korrigiert + umsortiert;Themenpaket Z-B;4;Personalplanung;mc→open;von Zusammenarbeit · Mitarbeiterbeurteilung;"MC mit unplausiblen Distraktoren (Steuerfreibetrag, Bruttojahresgehalt); als offene Aufgabe nach P-OK 21.11.2023 Aufg. 7b/c neu gefasst und nach „Personalplanung“ (Personalauswahl) umsortiert.";
PX-Z-039;korrigiert;Themenpaket Z-B;4;Personalplanung;mc;;"Richtige Option deutlich länger als die Distraktoren; angeglichen, w ergänzt, Kennzahl in der Erklärung ergänzt.";
PX-Z-040;korrigiert;Themenpaket Z-B;4;Personalplanung;mc;;"Richtige Option deutlich länger als die Distraktoren; angeglichen, w-Erklärungen ergänzt";
PX-Z-056;korrigiert;Themenpaket Z-B;4;Personalplanung;mc→open;;"MC mit überlanger richtiger Option und unplausiblen Distraktoren; als offene Aufgabe zur Personaleinsatzplanung im Fahrdienst neu gefasst (vgl. P-FT 20.11.2023 Aufg. 5: Personalbedarf und Personaleinsatz).";
PX-Z-083;korrigiert;Themenpaket Z-B;4;Personalplanung;mc→open;;"Triviale Gesetzeszuordnung (Schwerbehinderte → SGB IX); als offene Aufgabe nach P-ZI 05.05.2022 Aufg. 2 (je zwei Schutzvorschriften für Frauen, Jugendliche, Schwerbehinderte) neu gefasst.";
PX-Z-181;korrigiert;Themenpaket Z-B;4;Personalplanung;mc→open;;"MC mit überlanger richtiger Option und unplausiblen Distraktoren; als offene Aufgabe nach P-ZI 06.11.2015 Aufg. 4 und P-OK 12.11.2025 Aufg. 5b (Qualifikationsmatrix erklären und erstellen) mit Fahrerbezug neu gefasst.";
PX-Z-186;korrigiert;Themenpaket Z-B;4;Personalplanung;calc;;"Rechenweg fachlich falsch: Der Zusatzbedarf wurde durch „8 Stunden täglich“ statt durch die Zahl der Mitarbeiter geteilt (8 · 10 · 0,87); die Mitarbeiterzahl fehlte in der Aufgabe. Aufgabenstellung und Erklärung korrigiert.";
Z-PE-901;korrigiert + umsortiert;Themenpaket Z-A;4;Personalplanung;calc;von Zusammenarbeit · Personalentwicklung;"Formel benannt (Abgrenzung zur Schlüter-Formel in Z-PE-917), Kraftverkehrsbezug ergänzt; umsortiert nach Personalplanung (Personalkennzahl, keine Personalentwicklung)";
Z-PE-902;korrigiert + umsortiert;Themenpaket Z-A;4;Personalplanung;calc;von Zusammenarbeit · Personalentwicklung;umsortiert nach Personalplanung (Personalkennzahl, keine Personalentwicklung);
Z-PE-910;korrigiert + umsortiert;Themenpaket Z-A;4;Personalplanung;calc;von Zusammenarbeit · Personalentwicklung;"Formel benannt, Rechenweg im deutschen Format (· statt x); umsortiert nach Personalplanung (Personalkennzahl, keine Personalentwicklung)";
Z-PE-911;korrigiert + umsortiert;Themenpaket Z-A;4;Personalplanung;calc;von Zusammenarbeit · Personalentwicklung;"Rechenweg im deutschen Format (· statt x); umsortiert nach Personalplanung (Personalkennzahl, keine Personalentwicklung)";
Z-PE-912;korrigiert + umsortiert;Themenpaket Z-A;4;Personalplanung;calc;von Zusammenarbeit · Personalentwicklung;"Rechenweg im deutschen Format; umsortiert nach Personalplanung (Personalkennzahl, keine Personalentwicklung)";
Z-PE-913;korrigiert + umsortiert;Themenpaket Z-A;4;Personalplanung;calc;von Zusammenarbeit · Personalentwicklung;"Kennzahl korrekt benannt (Pro-Kopf-Umsatz statt pauschal „Produktivität“), € statt EUR; umsortiert nach Personalplanung (Personalkennzahl, keine Personalentwicklung)";
Z-PE-914;korrigiert + umsortiert;Themenpaket Z-A;4;Personalplanung;calc;von Zusammenarbeit · Personalentwicklung;"Rechenweg im deutschen Format (· statt x); umsortiert nach Personalplanung (Personalkennzahl, keine Personalentwicklung)";
Z-PE-916;korrigiert + umsortiert;Themenpaket Z-A;4;Personalplanung;calc;von Zusammenarbeit · Personalentwicklung;"Bezugsgröße präzisiert, Rechenweg im deutschen Format; umsortiert nach Personalplanung (Personalkennzahl, keine Personalentwicklung)";
Z-PE-917;korrigiert + umsortiert;Themenpaket Z-A;4;Personalplanung;calc;von Zusammenarbeit · Personalentwicklung;"Rechenweg im deutschen Format (· statt x); umsortiert nach Personalplanung (Personalkennzahl, keine Personalentwicklung)";
Z-PP-101;korrigiert;Themenpaket Z-B;4;Personalplanung;mc;;Distraktoren ohne Begründung – kurze w-Erklärungen ergänzt;
Z-PP-102;korrigiert;Themenpaket Z-B;4;Personalplanung;mc;;Distraktoren ohne Begründung – kurze w-Erklärungen ergänzt;
Z-PP-103;korrigiert;Themenpaket Z-B;4;Personalplanung;mc;;Distraktoren ohne Begründung – kurze w-Erklärungen ergänzt;
Z-PP-105;korrigiert;Themenpaket Z-B;4;Personalplanung;mc;;Distraktoren ohne Begründung – kurze w-Erklärungen ergänzt;
Z-PP-106;korrigiert;Themenpaket Z-B;4;Personalplanung;mc→open;;"Spiegelfrage zu Z-PP-105 (Vorteile intern/extern jeweils als Distraktoren); als offene Aufgabe nach P-OK 21.11.2023 Aufg. 7a (interne Ausschreibung auf Anregung des Betriebsrats) mit Rechtsgrundlage neu gefasst.";
Z-PP-107;korrigiert;Themenpaket Z-B;4;Personalplanung;mc;;Distraktoren ohne Begründung – kurze w-Erklärungen ergänzt;
Z-PP-108;korrigiert;Themenpaket Z-B;4;Personalplanung;mc;;Distraktoren ohne Begründung – kurze w-Erklärungen ergänzt;
Z-PP-109;korrigiert;Themenpaket Z-B;4;Personalplanung;mc;;Distraktoren ohne Begründung – kurze w-Erklärungen ergänzt;
Z-PP-112;korrigiert;Themenpaket Z-B;4;Personalplanung;mc;;Distraktoren ohne Begründung – kurze w-Erklärungen ergänzt;
Z-PP-113;korrigiert;Themenpaket Z-B;4;Personalplanung;mc;;Distraktoren ohne Begründung – kurze w-Erklärungen ergänzt;
Z-PP-115;korrigiert;Themenpaket Z-B;4;Personalplanung;mc;;Distraktoren ohne Begründung – kurze w-Erklärungen ergänzt;
Z-PP-116;korrigiert;Themenpaket Z-B;4;Personalplanung;mc;;Distraktoren ohne Begründung – kurze w-Erklärungen ergänzt;
Z-PP-118;korrigiert;Themenpaket Z-B;4;Personalplanung;mc;;Distraktoren ohne Begründung – kurze w-Erklärungen ergänzt;
Z-PP-130;korrigiert;Themenpaket Z-B;4;Personalplanung;mc;;"Richtige Option deutlich länger als die Distraktoren; gekürzt (Klammer in die Erklärung verschoben), w-Erklärungen ergänzt";
Z-PP-132;korrigiert;Themenpaket Z-B;4;Personalplanung;mc;;Distraktoren ohne Begründung – kurze w-Erklärungen ergänzt;
Z-PP-135;korrigiert;Themenpaket Z-B;4;Personalplanung;mc;;Distraktoren ohne Begründung – kurze w-Erklärungen ergänzt;
Z-PP-139;korrigiert;Dubletten;4;Personalplanung;mc;;Erklärung um Anforderungsprofil und Abgrenzung zur quantitativen, zeitlichen und örtlichen Planung ergänzt (aus Z-PP-104).;
Z-PP-601;neu;Themenpaket Z-B;4;Personalplanung;calc;;"Lücke: Fahrpersonalbedarf im Güterverkehr fehlte; vorhanden war nur eine Omnibus-Aufgabe (vgl. P-OK 16.11.2021 Aufg. 5a, P-FT 20.11.2023 Aufg. 5).";
Z-PP-602;neu;Themenpaket Z-B;4;Personalplanung;calc;;"Lücke: Mehrarbeit je Mitarbeiter und Tag aus Kapazitätsbestand, Kapazitätsbedarf und Fehlquote (P-FT 20.11.2023 Aufg. 5a–c); PX-Z-186 rechnet ohne Kapazitätsvergleich.";
Z-PP-603;neu;Themenpaket Z-B;4;Personalplanung;open;;Lücke: Personalgewinnung und -bindung im Fahrdienst (Fahrermangel) fehlten (vgl. P-OK 16.11.2021 Aufg. 4 „Rekrutierung von Fahrpersonal“, P-ZI 06.11.2025 Aufg. 6 Fluktuation).;
K-AB-101;gelöscht;Themenpaket K-C;5;Abfall- und Entsorgungstransport;mc;Dublette;"Dublette: Abfallhierarchie nach § 6 KrWG; im Dubletten-Durchgang (DUP-2) wird R-UW-004 behalten.";R-UW-004
K-AB-102;gelöscht;Themenpaket K-C;5;Abfall- und Entsorgungstransport;mc;Dublette;Dublette: Anzeige nach § 53 und Erlaubnis nach § 54 KrWG werden in K-AB-123 und K-AB-122 geprüft (im Dubletten-Durchgang behalten).;K-AB-122
K-AB-104;gelöscht;Themenpaket K-C;5;Abfall- und Entsorgungstransport;mc;Dublette;"Dublette: AVV-Abfallschlüssel; wie im Dubletten-Durchgang (DUP-2) wird K-AB-127 behalten.";K-AB-127
K-AB-105;gelöscht;Themenpaket K-C;5;Abfall- und Entsorgungstransport;mc;Dublette;Dublette zu K-AB-126 und fachlich falsch: Die Bestätigung des Entsorgungsnachweises ist bis zu fünf Jahre gültig (§ 5 NachwV), nicht drei.;K-AB-126
K-AB-108;gelöscht;Themenpaket K-C;5;Abfall- und Entsorgungstransport;mc;Dublette;"Dublette: A-Schild wird in K-AB-128 geprüft; zudem zu eng (A-Schild gilt für alle Abfallbeförderungen von Sammlern und Beförderern, nicht nur für gefährliche Abfälle).";K-AB-128
K-AB-110;gelöscht;Themenpaket K-C;5;Abfall- und Entsorgungstransport;mc;nicht prüfungsrelevant / überholt;Nicht prüfungsrelevant: Andienungspflichten nach Landesrecht betreffen Abfallerzeuger, nicht den Kraftverkehrsmeister.;
K-AB-114;gelöscht;Themenpaket K-C;5;Abfall- und Entsorgungstransport;mc;Dublette;"Dublette: oberste Stufe der Abfallhierarchie; im Dubletten-Durchgang (DUP-2) wird R-UW-110 behalten.";R-UW-110
K-AB-115;gelöscht;Themenpaket K-C;5;Abfall- und Entsorgungstransport;mc;Dublette;"Dublette: Anzeigepflicht nach § 53 KrWG; wie im Dubletten-Durchgang (DUP-2) wird K-AB-123 behalten.";K-AB-123
K-AB-116;gelöscht;Themenpaket K-C;5;Abfall- und Entsorgungstransport;mc;Dublette;"Dublette: Erlaubnispflicht nach § 54 KrWG; wie im Dubletten-Durchgang (DUP-2) wird K-AB-122 behalten.";K-AB-122
K-AB-118;gelöscht;Themenpaket K-C;5;Abfall- und Entsorgungstransport;mc;Dublette;"Dublette: Funktion des Entsorgungsnachweises; wie im Dubletten-Durchgang (DUP-2) wird K-AB-126 behalten.";K-AB-126
K-AB-119;gelöscht;Themenpaket K-C;5;Abfall- und Entsorgungstransport;mc;Dublette;Dublette: Funktion des Begleitscheins wird in K-AB-106 geprüft.;K-AB-106
K-AB-120;gelöscht;Themenpaket K-C;5;Abfall- und Entsorgungstransport;mc;Dublette;"Dublette: AVV-Abfallschlüssel; wie im Dubletten-Durchgang (DUP-2) wird K-AB-127 behalten.";K-AB-127
K-AB-121;gelöscht;Themenpaket K-C;5;Abfall- und Entsorgungstransport;mc;nicht prüfungsrelevant / überholt;Nicht prüfungsrelevant: Mengengrenze der Sammelentsorgung (20 t je Abfallschlüssel) ist Randzahl.;
K-AB-124;gelöscht;Themenpaket K-C;5;Abfall- und Entsorgungstransport;mc;Dublette;"Dublette: Abfallhierarchie nach § 6 KrWG; im Dubletten-Durchgang (DUP-2) wird R-UW-004 behalten.";R-UW-004
K-AB-103;korrigiert;Themenpaket K-C / Optionslängen;5;Abfall- und Entsorgungstransport;mc;;"Erklärung fachlich falsch: Das EfB-Zertifikat ist auf höchstens 18 Monate befristet (nicht 12); Distraktoren ohne Begründung (w). | Jährliche Überprüfung aus der richtigen Option in die Erklärung (steht dort); „unbegrenzt“ beim Distraktor durch konkrete falsche Frist ersetzt";
K-AB-106;korrigiert;Themenpaket K-C / Optionslängen;5;Abfall- und Entsorgungstransport;mc;;"Distraktoren ohne Begründung (w); Erklärung um eANV ergänzt. | Richtige Option gekürzt (Einzelnachweisverfahren und Beförderer in die Erklärung); Absolutwörter bei Distraktoren entfernt";
K-AB-107;korrigiert;Themenpaket K-C;5;Abfall- und Entsorgungstransport;mc;;"Richtige Option zu eng (heute auch andere Formen der qualifizierten Signatur möglich) – auf das Wesentliche (qualifizierte elektronische Signatur) reduziert; Distraktoren ohne Begründung (w).";
K-AB-109;korrigiert;Themenpaket K-C / Optionslängen;5;Abfall- und Entsorgungstransport;mc;;Distraktoren ohne Begründung (w). | Beispielklammern aus der richtigen Option in die Erklärung verschoben;
K-AB-111;korrigiert;Variation zurückgeholt;5;Abfall- und Entsorgungstransport;calc;;"Variation: Entsorgungskosten mit anderer Situation und anderer gesuchter Größe (Vollkosten je Tonne einschließlich Transport statt Jahreskosten wie K-AB-113); fehlender Transportbezug ergänzt, echte Umlaute, Rundungsvorgabe";
K-AB-112;korrigiert;Themenpaket K-C;5;Abfall- und Entsorgungstransport;calc;;Unrealistische Aufgabe (36 t in einer 20-m³-Mulde übersteigt jede Absetzkipper-Nutzlast) ohne Transportbezug: als Überladungsprüfung mit Muldenleergewicht und Rundungsvorgabe neu gefasst.;
K-AB-113;korrigiert;Themenpaket K-C;5;Abfall- und Entsorgungstransport;calc;;Ersatzschreibungen (Abfallbehaelter, regelmaessig, betraegt, jaehrlichen) durch Umlaute ersetzt, „EUR“ einheitlich als €.;
K-AB-117;korrigiert;Themenpaket K-C;5;Abfall- und Entsorgungstransport;mc;;Distraktoren ohne Begründung (w).;
K-AB-122;korrigiert;Dubletten;5;Abfall- und Entsorgungstransport;mc;;Erklärung um Prüfinhalte der Behörde (aus K-AB-116) und die Ausnahme für zertifizierte Entsorgungsfachbetriebe (§ 54 Abs. 3 KrWG) ergänzt.;
K-AB-123;korrigiert;Dubletten;5;Abfall- und Entsorgungstransport;mc;;"Hinweis im Wortlaut entfernt: Die Frage nannte § 53 KrWG und verriet damit die Anzeigepflicht (Formulierung wie K-AB-115); Paragraf in die Lösung und die Abgrenzung zu § 54 in die Erklärung verschoben.";
K-AB-125;korrigiert;Themenpaket K-C;5;Abfall- und Entsorgungstransport;mc;;w veraltet: Grenzüberschreitende Verbringungen regelt seit 21.05.2026 die VO (EU) 2024/1157 (elektronisch über DIWASS).;
K-AB-126;korrigiert;Optionslängen;5;Abfall- und Entsorgungstransport;mc;;"Begriff „Vorabkontrolle“ aus der richtigen Option gestrichen (steht in der Erklärung); Distraktor verlängert";
K-AB-127;korrigiert;Dubletten;5;Abfall- und Entsorgungstransport;mc;;Erklärung um Aufbau des Schlüssels (Kapitel = Herkunftsbereich) und Folge für das Nachweisverfahren (eANV) ergänzt (aus K-AB-104/R-UW-106).;
K-AB-601;neu;Themenpaket K-C;5;Abfall- und Entsorgungstransport;open;;Lücke: Transport einer ausgebauten Lithium-Ionen-Traktionsbatterie zur Entsorgung – Verpackung, Kennzeichnung, Dokumente (P-OK-20211116 Aufg. 3c);
K-AB-602;neu;Themenpaket K-C;5;Abfall- und Entsorgungstransport;open;;Lücke: Umgang mit Abfällen der Fuhrparkwerkstatt (P-OK-20230516 Aufg. 3);
K-AB-603;neu;Themenpaket K-C;5;Abfall- und Entsorgungstransport;mc;;Lücke: Rechtsstand 2026 – elektronische Begleitdokumente bei grenzüberschreitender Abfallverbringung (VO (EU) 2024/1157, DIWASS);
K-BQ-102;gelöscht;Themenpaket K-C;5;Berufskraftfahrerqualifikation;mc;Dublette;Dublette: Umfang der beschleunigten Grundqualifikation wird in K-BQ-124 geprüft.;K-BQ-124
K-BQ-103;gelöscht;Themenpaket K-C;5;Berufskraftfahrerqualifikation;mc;Dublette;Dublette: Nachweis der (vollen) Grundqualifikation wird in K-BQ-123 geprüft.;K-BQ-123
K-BQ-104;gelöscht;Themenpaket K-C;5;Berufskraftfahrerqualifikation;mc;Dublette;Dublette: Umfang und Rhythmus der Weiterbildung werden in K-BQ-125 geprüft.;K-BQ-125
K-BQ-105;gelöscht;Themenpaket K-C;5;Berufskraftfahrerqualifikation;mc;Dublette;Dublette: Gliederung der Weiterbildung ist in K-BQ-125 enthalten.;K-BQ-125
K-BQ-106;gelöscht;Themenpaket K-C;5;Berufskraftfahrerqualifikation;mc;Dublette;Dublette: Bedeutung der Schlüsselzahl 95 wird in K-BQ-126 geprüft.;K-BQ-126
K-BQ-111;gelöscht;Themenpaket K-C;5;Berufskraftfahrerqualifikation;mc;Dublette;Dublette: Mindestalter C/CE mit voller Grundqualifikation wird in K-BQ-128 geprüft.;K-BQ-128
K-BQ-113;gelöscht;Themenpaket K-C;5;Berufskraftfahrerqualifikation;mc;Dublette;Dublette: Umfang und Rhythmus der Weiterbildung werden in K-BQ-125 geprüft.;K-BQ-125
K-BQ-114;gelöscht;Themenpaket K-C;5;Berufskraftfahrerqualifikation;mc;Dublette;Dublette: Schlüsselzahl 95 wird in K-BQ-126 geprüft.;K-BQ-126
K-BQ-115;gelöscht;Themenpaket K-C;5;Berufskraftfahrerqualifikation;mc;Dublette;Dublette: Umfang der beschleunigten Grundqualifikation (140 h) wird in K-BQ-124 geprüft.;K-BQ-124
K-BQ-117;gelöscht;Themenpaket K-C;5;Berufskraftfahrerqualifikation;mc;Dublette;"Dublette: Fahrerqualifizierungsnachweis; wie im Dubletten-Durchgang (DUP-2) wird K-BQ-108 behalten.";K-BQ-108
K-BQ-120;gelöscht;Themenpaket K-C;5;Berufskraftfahrerqualifikation;mc;Dublette;Dublette: Handwerkerregelung wird in K-BQ-127 geprüft.;K-BQ-127
K-BQ-121;gelöscht;Themenpaket K-C;5;Berufskraftfahrerqualifikation;mc;Dublette;Dublette: Prüfungsdauer der beschleunigten Grundqualifikation (90 min) ist in K-BQ-124 enthalten.;K-BQ-124
K-BQ-101;korrigiert;Themenpaket K-C;5;Berufskraftfahrerqualifikation;mc;;"Erklärung veraltet: Die RL 2003/59/EG ist durch die RL (EU) 2022/2561 ersetzt; w zum Fahrtenschreiber präzisiert (VO (EU) 165/2014).";
K-BQ-107;korrigiert;Themenpaket K-C / Optionslängen;5;Berufskraftfahrerqualifikation;mc;;"Rechtsstand: Deutsche Behörden tragen die 95 seit 23.05.2021 nicht mehr ein (stattdessen FQN); ein deutscher Eintrag mit Ablauf 2027 wäre unstimmig. Situation auf einen EU-Führerschein eines anderen Staates umgestellt, Erklärung ergänzt. | Weiterbildungshinweis aus der richtigen Option in die Erklärung verschoben";
K-BQ-108;korrigiert;Dubletten / Optionslängen;5;Berufskraftfahrerqualifikation;mc;;"Fachlich falsch: Der FQN wird in Deutschland seit dem 23.05.2021 ausgestellt (nicht „seit 2022“) und ersetzt seitdem die Eintragung der Schlüsselzahl 95 im Führerschein, ist also keine bloße Alternative. Frage, Lösung und Erklärung korrigiert. | Richtige Option gekürzt; Scheckkartenformat steht jetzt in der Erklärung";
K-BQ-109;korrigiert;Variation zurückgeholt;5;Berufskraftfahrerqualifikation;mc;;"Variation: Handwerkerregelung als Anwendungsfall (Beispiel erkennen); der Ersatz K-BQ-127 fragt nur die Definition. Fallbezogene Distraktoren mit w, Fundstelle § 1 Abs. 2 Nr. 5 BKrFQG geprüft.";
K-BQ-112;korrigiert;Themenpaket K-C;5;Berufskraftfahrerqualifikation;mc;;"w zu „20 Jahre“ und „18 Jahre“ fachlich unsauber; Erklärung um die Ausnahme im Linienverkehr bis 50 km präzisiert.";
K-BQ-116;korrigiert;Themenpaket K-C;5;Berufskraftfahrerqualifikation;mc;;"Distraktoren ohne Begründung (w); Nachweisform nach Rechtsstand 2026 (FQN statt 95) ergänzt. Im Dubletten-Durchgang als eigener Wissenspunkt neben K-BQ-126 behalten.";
K-BQ-118;korrigiert;Variation zurückgeholt;5;Berufskraftfahrerqualifikation;mc;;Variation/Abgrenzung: Regelalter 21 Jahre nach FeV gegenüber der Ausnahme 18 Jahre mit voller Grundqualifikation (Ersatz K-BQ-128). Voraussetzung im Fragetext eindeutig gemacht, w ergänzt, § 10 Abs. 1 Nr. 7/9 FeV per Websuche geprüft.;
K-BQ-119;korrigiert;Themenpaket K-C;5;Berufskraftfahrerqualifikation;mc;;"Distraktoren ohne Begründung (w); Erklärung um Personenverkehr ergänzt.";
K-BQ-124;korrigiert;Optionslängen;5;Berufskraftfahrerqualifikation;mc;;"Ausbildungsstätte aus der richtigen Option in die Erklärung; kurzer Distraktor verlängert";
K-BQ-125;korrigiert;Themenpaket K-C / Optionslängen;5;Berufskraftfahrerqualifikation;mc;;"Richtige Option präzisiert (Abschnitte von mindestens sieben Stunden); Rechtsstand 2026 ergänzt: bis zu 12 Stunden E-Learning, Nachweis per FQN. | Abschnittsregel (mind. sieben Stunden) aus der richtigen Option gestrichen, steht in der Erklärung; Optionen gleich gebaut";
K-BQ-126;korrigiert;Dubletten;5;Berufskraftfahrerqualifikation;mc;;"Rechtsstand: Deutsche Behörden tragen die 95 seit dem 23.05.2021 nicht mehr ein, sondern stellen den FQN aus; Bezug „auf dem Fahrerqualifizierungsnachweis“ entfernt, Erklärung ergänzt.";
K-BQ-127;korrigiert;Optionslängen;5;Berufskraftfahrerqualifikation;mc;;"Richtige Option gekürzt (Aufzählung Material/Ausrüstung/Maschinen in der Erklärung); „Jede“ bei Distraktoren durch eindeutig falsche Fallgestaltungen ersetzt";
K-BQ-129;korrigiert;Optionslängen;5;Berufskraftfahrerqualifikation;mc;;"Stichtage aus der richtigen Option in die Erklärung (stehen dort); Absolutwörter bei Distraktoren entfernt";
K-BQ-601;neu;Themenpaket K-C;5;Berufskraftfahrerqualifikation;open;;"Lücke: Unternehmerpflichten und Fristenmanagement bei der Fahrerqualifikation (P-OK-20251112 Aufg. 5; P-FT-20230515 Aufg. 1)";
K-BQ-602;neu;Themenpaket K-C;5;Berufskraftfahrerqualifikation;calc;;"Lücke: Planung und Kosten der Fahrerweiterbildung als Personal-/Kostenplanung (P-FT-20231120 Aufg. 5; P-OK-20251112 Aufg. 5)";
K-BQ-603;neu;Themenpaket K-C;5;Berufskraftfahrerqualifikation;open;;"Lücke: Auswahl und Begründung von Weiterbildungsinhalten für das Fahrpersonal (P-FT-20230515 Aufg. 1; P-OK-20251112 Aufg. 1c)";
K-CN-105;gelöscht;Themenpaket K-C;5;Container- und Seehafenverkehr;mc;Dublette;Dublette: VGM-Pflicht des Versenders wird in K-CN-125 geprüft.;K-CN-125
K-CN-107;gelöscht;Themenpaket K-C;5;Container- und Seehafenverkehr;mc;nicht prüfungsrelevant / überholt;Nicht prüfungsrelevant: ISPS-Code (Gefahrenabwehr auf Schiffen und in Hafenanlagen) ist Spezialwissen der Seeschifffahrt.;
K-CN-116;gelöscht;Themenpaket K-C;5;Container- und Seehafenverkehr;mc;Dublette;Dublette: IMDG-Code und IMO werden in K-CN-126 geprüft.;K-CN-126
K-CN-117;gelöscht;Themenpaket K-C;5;Container- und Seehafenverkehr;mc;Dublette;Dublette: VGM-Pflicht des Versenders wird in K-CN-125 geprüft.;K-CN-125
K-CN-118;gelöscht;Themenpaket K-C;5;Container- und Seehafenverkehr;mc;Dublette;Dublette: Reefer-Container wird in K-CN-127 geprüft.;K-CN-127
K-CN-123;gelöscht;Themenpaket K-C;5;Container- und Seehafenverkehr;mc;Dublette;Dublette: Höhe des High-Cube-Containers wird in K-CN-102 geprüft.;K-CN-102
K-CN-128;gelöscht;Themenpaket K-C;5;Container- und Seehafenverkehr;mc;Dublette;"Dublette: Versandverfahren T1; wie im Dubletten-Durchgang (DUP-2) wird K-ZO-103 behalten.";K-ZO-103
K-CN-101;korrigiert;Variation zurückgeholt;5;Container- und Seehafenverkehr;mc;;"Variation: TEU als Begriff im Anwendungskontext (Kapazitätsangabe) statt Umrechnung 40 Fuß = 2 TEU (Ersatz K-CN-115); englische Langform nur noch in der Erklärung, w ergänzt.";
K-CN-102;korrigiert;Themenpaket K-C;5;Container- und Seehafenverkehr;mc;;"Distraktoren ohne Begründung (w); Erklärung um die Folge für den Straßentransport (4,00 m Höhe) ergänzt.";
K-CN-103;korrigiert;Variation zurückgeholt;5;Container- und Seehafenverkehr;mc;;"Variation: Einsatzzweck des Reefers und Abgrenzung zu anderen Containertypen; der Ersatz K-CN-127 fragt die Kühltechnik an Bord. Geschwister K-CN-118 bleibt gelöscht (gleichwertig). w ergänzt.";
K-CN-104;korrigiert;Themenpaket K-C;5;Container- und Seehafenverkehr;mc;;Distraktoren ohne Begründung (w).;
K-CN-106;korrigiert;Themenpaket K-C;5;Container- und Seehafenverkehr;mc;;"Distraktoren ohne Begründung (w); Erklärung um die Verantwortung des Packenden ergänzt.";
K-CN-108;korrigiert;Variation zurückgeholt;5;Container- und Seehafenverkehr;mc;;"Variation: Vor-/Haupt-/Nachlauf als Anwendungsfall in einer Seetransportkette (Beispiel erkennen); der Ersatz K-KV-108 definiert die Begriffe für den KV Schiene/Straße. w ergänzt.";
K-CN-109;korrigiert;Themenpaket K-C;5;Container- und Seehafenverkehr;mc;;"Distraktoren ohne Begründung (w); Erklärung um den CTU-Code präzisiert.";
K-CN-110;korrigiert;Themenpaket K-C;5;Container- und Seehafenverkehr;mc;;"Distraktoren ohne Begründung (w); Erklärung um das Versandverfahren ergänzt.";
K-CN-111;korrigiert;Themenpaket K-C;5;Container- und Seehafenverkehr;calc;;"Erklärung unvollständig: Zur VGM gehören auch Verpackung, Paletten sowie Stau- und Sicherungsmaterial; in der Aufgabe klargestellt.";
K-CN-112;korrigiert;Themenpaket K-C;5;Container- und Seehafenverkehr;calc;;"Fachlich falsch bezeichnet: Die zulässige Bruttomasse ist nicht die „max. Nutzlast“; Ersatzschreibungen (zulaessige, betraegt, moegliche) ersetzt.";
K-CN-113;korrigiert;Variation zurückgeholt;5;Container- und Seehafenverkehr;calc;;"Variation (Rechenvorlage Auslastung): rückwärts gerechnet – gesucht ist die maximale Zuladung statt der Auslastung (Ersatz K-KV-113 hat ebenfalls 75 %); Rundungsvorgabe, Umlaute ergänzt.";
K-CN-114;korrigiert;Themenpaket K-C;5;Container- und Seehafenverkehr;calc;;"Ersatzschreibung „Fuss“ durch „Fuß“ ersetzt; Text gestrafft.";
K-CN-115;korrigiert;Dubletten;5;Container- und Seehafenverkehr;mc;;w ergänzt (nach K-KV-102).;
K-CN-119;korrigiert;Themenpaket K-C;5;Container- und Seehafenverkehr;mc;;"Distraktoren ohne Begründung (w); Praxisbezug für den Nachlauf ergänzt.";
K-CN-120;korrigiert;Themenpaket K-C / Optionslängen;5;Container- und Seehafenverkehr;mc;;"Distraktoren ohne Begründung (w); Erklärung um Praxisfolgen für die Disposition ergänzt. | Richtige Option gestrafft (Freizeit-Regel steht in der Erklärung); „ausschließlich“ beim Distraktor entfernt";
K-CN-121;korrigiert;Variation zurückgeholt;5;Container- und Seehafenverkehr;mc;;"Variation: Begriff Lo-Lo und Abgrenzung zu Ro-Ro im Seehafen; der Ersatz K-KV-127 fragt den Umschlag Bahn/Lkw im KV-Terminal. Distraktoren mit typischen Verwechslungen, w ergänzt.";
K-CN-122;korrigiert;Themenpaket K-C / Optionslängen;5;Container- und Seehafenverkehr;mc;;"Distraktoren ohne Begründung (w); Bezeichnung nach NCTS Phase 5 präzisiert (Versandbegleitdokument mit MRN). | Verfahrenszusatz (T1) aus der richtigen Option gestrichen (steht in der Erklärung); Ausfuhr-Distraktor gleich gebaut (ABD mit MRN)";
K-CN-125;korrigiert;Optionslängen;5;Container- und Seehafenverkehr;mc;;Klammerzusatz (Verlader/Shipper) aus der richtigen Option in die Erklärung;
K-CN-601;neu;Themenpaket K-C;5;Container- und Seehafenverkehr;calc;;Lücke: zulässige Zuladung eines Containers im Straßennachlauf (44 t, Hafenumkreis 150 km, Container-Bruttomasse);
K-CN-602;neu;Themenpaket K-C;5;Container- und Seehafenverkehr;mc;;Lücke: Sicherung des ISO-Containers auf dem Containerchassis (Ladungssicherung im Containerverkehr);
K-CN-603;neu;Themenpaket K-C;5;Container- und Seehafenverkehr;open;;Lücke: Unterlagen und Nachweise beim Transport gefüllter Tankcontainer (P-OK-20230516 Aufg. 1 und 3);
K-DG-102;gelöscht;Themenpaket K-C;5;Digitalisierung und Telematik;mc;Dublette;Dublette: DSRC-Fernauslesung wird in K-DG-120 (präziser: nur Manipulationsdaten) geprüft.;K-DG-120
K-DG-104;gelöscht;Themenpaket K-C;5;Digitalisierung und Telematik;mc;nicht prüfungsrelevant / überholt;Nicht prüfungsrelevant: Betreiber der Satellitensysteme (Galileo, GPS usw.) ist Trivia ohne Fuhrparkbezug.;
K-DG-106;gelöscht;Themenpaket K-C;5;Digitalisierung und Telematik;mc;Dublette;Dublette: Aufgaben eines Transportmanagementsystems werden in K-DG-122 geprüft.;K-DG-122
K-DG-107;gelöscht;Themenpaket K-C;5;Digitalisierung und Telematik;mc;Dublette;Dublette: Mitbestimmung des Betriebsrats bei GPS-Ortung ist in K-DG-125 (DSGVO und BetrVG) enthalten.;K-DG-125
K-DG-110;gelöscht;Themenpaket K-C;5;Digitalisierung und Telematik;mc;nicht prüfungsrelevant / überholt;Nicht prüfungsrelevant: Anzahl der Satelliten für die 3D-Ortung ist physikalisches Detailwissen ohne Prüfungsbezug.;
K-DG-111;gelöscht;Themenpaket K-C;5;Digitalisierung und Telematik;mc;Dublette;Dublette: Einführung des Smart Tachograph Version 2 wird in K-DG-119 geprüft.;K-DG-119
K-DG-112;gelöscht;Themenpaket K-C;5;Digitalisierung und Telematik;mc;Dublette;Dublette: Rhythmus der Positionsaufzeichnung wird in K-DG-101 geprüft.;K-DG-101
K-DG-114;gelöscht;Themenpaket K-C;5;Digitalisierung und Telematik;mc;Dublette;Dublette: Auslesefristen Fahrerkarte/Massenspeicher werden in K-DG-121 geprüft.;K-DG-121
K-DG-115;gelöscht;Themenpaket K-C;5;Digitalisierung und Telematik;mc;Dublette;Dublette: Mitbestimmung des Betriebsrats bei GPS-Ortung ist in K-DG-125 enthalten.;K-DG-125
K-DG-123;gelöscht;Themenpaket K-C;5;Digitalisierung und Telematik;mc;Dublette;"Dublette: Rechtsgrundlage des eCMR; wie im Dubletten-Durchgang (DUP-2) wird K-DG-103 behalten.";K-DG-103
K-DG-101;korrigiert;Themenpaket K-C;5;Digitalisierung und Telematik;mc;;"Distraktoren ohne Begründung (w); Erklärung um die Neuerungen der Version 2 präzisiert.";
K-DG-103;korrigiert;Dubletten;5;Digitalisierung und Telematik;mc;;"w ergänzt; Inkrafttreten für Deutschland (5.4.2022) ergänzt.";
K-DG-105;korrigiert;Themenpaket K-C;5;Digitalisierung und Telematik;mc;;Distraktoren ohne Begründung (w).;
K-DG-108;korrigiert;Themenpaket K-C;5;Digitalisierung und Telematik;mc;;Distraktoren ohne Begründung (w).;
K-DG-109;korrigiert;Themenpaket K-C / Optionslängen;5;Digitalisierung und Telematik;mc;;"Reine Begriffsherkunft mit unplausiblen Distraktoren („Television und Mathematik“): auf die Bedeutung der Telematik im Fuhrpark umgestellt, Distraktoren mit typischen Verwechslungen und w. | Beispielaufzählung aus der richtigen Option in die Erklärung verschoben; Distraktor ergänzt";
K-DG-113;korrigiert;Variation zurückgeholt;5;Digitalisierung und Telematik;mc;;"Variation: Begriff und Wirkung des eCMR; der Ersatz K-DG-103 fragt die Rechtsgrundlage. Distraktoren durch typische Verwechslungen (Scan, NCTS) ersetzt, w ergänzt, Inkrafttreten 5.4.2022 per Websuche geprüft.";
K-DG-117;korrigiert;Themenpaket K-C;5;Digitalisierung und Telematik;mc;;Distraktoren unplausibel („bewusste Verlängerung der Standzeiten“) und ohne w: durch typische Fehlvorstellungen ersetzt.;
K-DG-118;korrigiert;Themenpaket K-C;5;Digitalisierung und Telematik;mc;;Distraktoren ohne Begründung (w).;
K-DG-125;korrigiert;Optionslängen;5;Digitalisierung und Telematik;mc;;"Betriebsratsbeteiligung (BetrVG) aus der richtigen Option in die Erklärung; Absolutwörter bei Distraktoren entfernt";
K-DG-126;korrigiert;Optionslängen;5;Digitalisierung und Telematik;mc;;Richtige Option gestrafft;
K-DG-601;neu;Themenpaket K-C;5;Digitalisierung und Telematik;mc;;Lücke: Rechtsstand 2026 – Fahrtenschreiberpflicht für leichte Nutzfahrzeuge über 2,5 t im grenzüberschreitenden Verkehr (Mobilitätspaket);
K-DG-603;neu;Themenpaket K-C;5;Digitalisierung und Telematik;open;;Lücke: Nutzen und Einführungsvoraussetzungen eines Telematiksystems (Entscheidungsvorlage im Stil P-OK-20231121 Aufg. 6);
K-FT-101;gelöscht;Themenpaket K-A;5;Fahrzeugtechnik und Wartung;mc;Dublette;"Dublette: prüft wie K-FT-122 den Zweck der Zweikreis-Betriebsbremse; K-FT-122 hat die plausibleren Distraktoren (Verwechslung mit ABS/ALB), hier wirken die Einkreis-Varianten konstruiert";K-FT-122
K-FT-106;gelöscht;Themenpaket K-A;5;Fahrzeugtechnik und Wartung;mc;nicht prüfungsrelevant / überholt;"nicht prüfungsrelevant: exakter NOx-Grenzwert der Euro-VI-Norm ist Detailwissen ohne Bezug in den Originalprüfungen; Abgasnachbehandlung bleibt über K-FT-107/-108 abgedeckt";
K-FT-111;gelöscht;Dubletten;5;Fahrzeugtechnik und Wartung;mc;Dublette;"Dublette: SP-Pflicht ab 7,5 t; K-VR-125 prüft den Grenzwert mit plausibleren Distraktoren.";K-VR-125
K-FT-112;gelöscht;Dubletten;5;Fahrzeugtechnik und Wartung;mc;Dublette;"Dublette: Prüfintervall Fahrtenschreiber 2 Jahre; Anlässe für zusätzliche Nachprüfungen übernommen.";K-VR-126
K-FT-125;gelöscht;Querschnitt;5;Fahrzeugtechnik und Wartung;mc;Dublette;"Dublette zu K-DG-116 (Verdachtsfall, nach Fahrzeugtechnik verschoben): gleiche Tatsache Abbiegeassistent = Warnung vor Radfahrern/Fußgängern im toten Winkel beim Rechtsabbiegen, nur umgekehrt gefragt; K-DG-116 hat die plausibleren Distraktoren (Spurhalte-, Notbrems-, Abstandsassistent). Pflichttermine deckt K-DG-124 ab.";K-DG-116
K-FT-128;gelöscht;Themenpaket K-A;5;Fahrzeugtechnik und Wartung;mc;fachlich unbrauchbar, trivial oder nicht lösbar;"Einzelwert aus der Tabelle der Geschwindigkeitsindizes; Inhalt in die offene Aufgabe zur Reifenbezeichnung K-FT-127 übernommen";K-FT-127
K-FT-129;gelöscht;Themenpaket K-A;5;Fahrzeugtechnik und Wartung;mc;nicht prüfungsrelevant / überholt;nicht prüfungsrelevant: Einführungsdatum des RDKS für Pkw (Klasse M1), kein Bezug zu Nutzfahrzeugen oder zu den Originalprüfungen;
K-FT-130;gelöscht;Themenpaket K-A;5;Fahrzeugtechnik und Wartung;mc;nicht prüfungsrelevant / überholt;nicht prüfungsrelevant: Fahrschulwissen zur StVO (Nebelschlussleuchte), weder Fahrzeugtechnik noch Prüfungsstoff des KVM;
K-FT-131;gelöscht;Themenpaket K-A;5;Fahrzeugtechnik und Wartung;mc;Dublette;"Dublette zu K-FT-113 (Vorteil der Luftfederung); zudem Distraktor „erhöht die zulässige Achslast“ angreifbar (§ 34 StVZO: höhere Doppelachslast bei Luftfederung)";K-FT-113
K-FT-132;gelöscht;Dubletten;5;Fahrzeugtechnik und Wartung;mc;Dublette;"Dublette: HU-Intervall Lkw über 3,5 t; K-VR-124 mit Rechtsgrundlage und w.";K-VR-124
K-DG-116;korrigiert + umsortiert;Themenpaket K-C;5;Fahrzeugtechnik und Wartung;mc;von Kraftverkehr/NT · Digitalisierung und Telematik;"Fahrerassistenzsysteme sind Fahrzeugtechnik, nicht Telematik: umsortiert nach „Fahrzeugtechnik und Wartung“; Distraktoren ohne Begründung (w).";
K-DG-124;korrigiert + umsortiert;Themenpaket K-C;5;Fahrzeugtechnik und Wartung;mc;von Kraftverkehr/NT · Digitalisierung und Telematik;Fahrerassistenzsysteme sind Fahrzeugtechnik, nicht Telematik: umsortiert nach „Fahrzeugtechnik und Wartung“.;
K-FT-102;korrigiert;Themenpaket K-A;5;Fahrzeugtechnik und Wartung;mc;;"Rechtsgrundlage falsch: § 41 StVZO nennt für Kfz „größte befahrbare Steigung“, 18 % nur für Anhänger (Abs. 9); Wert stammt aus UN-R 13; Distraktor 12 % erklärt";
K-FT-109;korrigiert;Themenpaket K-A;5;Fahrzeugtechnik und Wartung;mc;;Distraktor-Erklärungen fachlich unscharf (3 mm ist die übliche Empfehlung für Sommer-, 4 mm für Winterreifen), Rechtsgrundlage präzisiert;
K-FT-113;korrigiert;Dubletten;5;Fahrzeugtechnik und Wartung;mc;;Erklärung um das Heben und Senken des Aufbaus (aus K-FT-131) und den Wartungsbedarf ergänzt.;
K-FT-114;korrigiert;Optionslängen;5;Fahrzeugtechnik und Wartung;mc;;"Beispielklammer aus der richtigen Option in die Erklärung; „Ausschließlich“ beim Distraktor gestrichen";
K-FT-118;korrigiert;Themenpaket K-A;5;Fahrzeugtechnik und Wartung;calc;;"Faustformel falsch bezeichnet: (v/10)² ist der Bremsweg der normalen Bremsung, bei Gefahrbremsung gilt (v/10)² ÷ 2; Fahrzeugbezug ergänzt; ersetzt die Dublette K-FT-133";
K-FT-121;korrigiert;Themenpaket K-A;5;Fahrzeugtechnik und Wartung;mc;;Distraktoren ohne Begründung – w ergänzt;
K-FT-122;korrigiert;Themenpaket K-A;5;Fahrzeugtechnik und Wartung;mc;;"Distraktoren ohne Begründung – w ergänzt; ersetzt die Dublette K-FT-101";
K-FT-123;korrigiert;Themenpaket K-A;5;Fahrzeugtechnik und Wartung;mc;;Distraktoren ohne Begründung – w ergänzt;
K-FT-124;korrigiert;Variation zurückgeholt;5;Fahrzeugtechnik und Wartung;mc;;"Variation: Beispiel erkennen (welche Einrichtung ist eine Dauerbremse); der Ersatz K-FT-103 fragt die Eigenschaften von Dauerbremsen. w ergänzt.";
K-FT-126;korrigiert;Themenpaket K-A;5;Fahrzeugtechnik und Wartung;mc;;Distraktoren ohne Begründung – w ergänzt;
K-FT-127;korrigiert;Themenpaket K-A;5;Fahrzeugtechnik und Wartung;mc→open;;"nur der Buchstabe „R“ abgefragt (Einzelwissen); zu prüfungsnaher offener Aufgabe über die gesamte Reifenbezeichnung erweitert, nimmt den Geschwindigkeitsindex aus K-FT-128 auf";
K-FT-133;korrigiert;Variation zurückgeholt;5;Fahrzeugtechnik und Wartung;calc;;"Variation (Faustformel Anhalteweg) mit anderer Geschwindigkeit (Ersatz K-FT-118: 80 km/h); Rundungsvorgabe ergänzt, Formeln vereinheitlicht.";
K-FT-134;korrigiert;Themenpaket K-A;5;Fahrzeugtechnik und Wartung;calc;;Ersatzschreibungen (ae) korrigiert, Fachbegriffe zulässige Gesamtmasse/Leermasse, Operator;
K-FT-135;korrigiert;Themenpaket K-A;5;Fahrzeugtechnik und Wartung;calc;;Ersatzschreibungen (ae/ue) korrigiert;
K-FT-136;korrigiert;Variation zurückgeholt;5;Fahrzeugtechnik und Wartung;calc;;"Variation (Rechenvorlage AdBlue-Anteil): andere Situation mit vorgeschaltetem Schritt Dieselverbrauch aus l/100 km (Ersatz K-FT-116: Jahresverbrauch vorgegeben); Rundungsvorgabe, Umlaute ergänzt.";
K-FT-137;korrigiert;Variation zurückgeholt;5;Fahrzeugtechnik und Wartung;calc;;"Variation (Wartungskosten je Leistungseinheit) mit anderen Zahlen und Bezugsgröße 1.000 km (Ersatz K-FT-120: €/km); EUR durch €, Umlaute und Rundungsvorgabe korrigiert.";
PX-K-002;korrigiert;Themenpaket K-A / Optionslängen;5;Fahrzeugtechnik und Wartung;mc;;Distraktoren ohne Begründung – w ergänzt | Richtige Option gestrafft (Rückspeisung in die Batterie steht in der Erklärung);
PX-K-003;korrigiert;Themenpaket K-A;5;Fahrzeugtechnik und Wartung;calc;;Rundungsvorgabe ergänzt, „Gewicht“ durch „Masse“ ersetzt;
PX-K-004;korrigiert;Themenpaket K-A;5;Fahrzeugtechnik und Wartung;mc;;Distraktoren ohne Begründung – w ergänzt;
PX-K-009;korrigiert;Themenpaket K-A;5;Fahrzeugtechnik und Wartung;mc;;Distraktoren ohne Begründung – w ergänzt;
PX-K-032;korrigiert;Themenpaket K-A;5;Fahrzeugtechnik und Wartung;mc;;Distraktoren ohne Begründung – w ergänzt, e präzisiert;
PX-K-033;korrigiert;Themenpaket K-A;5;Fahrzeugtechnik und Wartung;mc→open;;"fachlich falsch: eine gesetzliche Zertifizierungspflicht als „Fachbetrieb für Hybrid- und Elektrofahrzeuge“ besteht nicht; zu offener Aufgabe über Arbeitsschutzmaßnahmen umgebaut (vgl. FT 2023-05 Aufg. 4)";
PX-K-034;korrigiert;Themenpaket K-A / Querschnitt;5;Fahrzeugtechnik und Wartung;mc;;"Bezeichnung veraltet bzw. unscharf (DGUV Information 209-093 kennt abgestufte Qualifizierungsstufen); Distraktoren plausibler gestaltet, w ergänzt | Hinweis auf HV-Arbeitsplatz, isoliertes Werkzeug und Messgeräte aus der gelöschten Dublette PX-R-006 übernommen.";
PX-K-039;korrigiert;Themenpaket K-A;5;Fahrzeugtechnik und Wartung;calc;;Rundungsvorgabe ergänzt (eine Nachkommastelle, robust gegenüber gerundeten Zwischenwerten), Situationsbezug (60 km/h) in die Frage übernommen;
PX-K-040;korrigiert;Themenpaket K-A;5;Fahrzeugtechnik und Wartung;calc;;Rundungsvorgabe ergänzt (ganze kNm, da das Ergebnis stark von der Rundung von v abhängt), ans passend gerundet;
PX-K-041;korrigiert;Themenpaket K-A;5;Fahrzeugtechnik und Wartung;mc→open;;"MC fragte nur die Definition ab; zu prüfungsnaher offener Aufgabe mit Beispielen umgebaut (FT 2026-05 Aufg. 3a)";
PX-K-042;korrigiert;Themenpaket K-A;5;Fahrzeugtechnik und Wartung;mc;;Distraktoren ohne Begründung – w ergänzt;
PX-K-043;korrigiert;Themenpaket K-A;5;Fahrzeugtechnik und Wartung;mc→open;;"MC fragte nur Sensorbestandteile ab (Wortlaut einer Musterlösung); zu offener Aufgabe zu Aufbau, Funktion und Nutzen umgebaut (FT 2026-05 Aufg. 3b); Ersatzschreibungen beseitigt";
K-FT-601;neu;Themenpaket K-A;5;Fahrzeugtechnik und Wartung;open;;Lücke: Vergleich alternativer Antriebskonzepte für die Fahrzeugbeschaffung fehlte (FT 2023-05 Aufg. 3a/3b);
K-FT-602;neu;Themenpaket K-A;5;Fahrzeugtechnik und Wartung;open;;Lücke: vorgeschriebene Fahrerassistenzsysteme bei der Fahrzeugbeschaffung (FT 2026-05 Aufg. 2c/3);
K-FT-603;neu;Themenpaket K-A;5;Fahrzeugtechnik und Wartung;open;;"Lücke: Instandhaltungsstrategien für den Fuhrpark fehlten (Rahmenplan HQ Fuhrparktechnik – Wartung und Instandhaltung; Werkstattbezug in FT 2025-11 Aufg. 4)";
K-FP-107;gelöscht;Themenpaket K-B;5;Fuhrparkmanagement;mc;Dublette;Dublette (gleicher Wissenspunkt, gleiche Frageform): HU-Intervall Lkw über 3,5 t (wie DUP-2).;K-VR-124
K-FP-108;gelöscht;Themenpaket K-B;5;Fuhrparkmanagement;mc;Dublette;"Dublette (gleicher Wissenspunkt, gleiche Frageform): Nutzen von Telematik; K-FP-124 mit plausibleren Distraktoren (K-FP-108 hat abwegige Distraktoren wie Kfz-Steuer abführen).";K-FP-124
K-FP-115;gelöscht;Themenpaket K-B;5;Fuhrparkmanagement;calc;Dublette;Dublette (gleicher Wissenspunkt, gleiche Frageform): identische Auslastungsaufgabe 18 t von 24 t (wie DUP-2).;K-FP-143
K-FP-120;gelöscht;Themenpaket K-B;5;Fuhrparkmanagement;mc;Dublette;"Dublette (gleicher Wissenspunkt, gleiche Frageform): Leasing gegenüber Kauf (Eigentum beim Leasinggeber, Raten absetzbar, Liquidität) wie K-FP-105; ein Distraktor ist in sich widersprüchlich.";K-FP-105
K-FP-109;korrigiert;Variation zurückgeholt;5;Fuhrparkmanagement;mc;;"Variation (Rechenvorlage Durchschnittsverbrauch) mit anderen Zahlen als Auswahlaufgabe mit typischen Kommafehlern (Ersatz K-FP-112: 30 l/100 km); unplausiblen Distraktor 29,4 durch 0,34 ersetzt.";
K-FP-111;korrigiert;Variation zurückgeholt;5;Fuhrparkmanagement;calc;;"Variation (Kilometerkosten) mit anderen Zahlen (Ersatz K-FP-117: Fix- und variable Kosten getrennt); Rundungsvorgabe ergänzt.";
K-FP-112;korrigiert;Dubletten;5;Fuhrparkmanagement;calc;;"Unrealistischer Wert korrigiert: 30 l/100 km passen zu einem Lkw, nicht zu einem Transporter; Einheit mit Leerzeichen, Malzeichen vereinheitlicht.";
K-FP-119;korrigiert;Variation zurückgeholt;5;Fuhrparkmanagement;mc;;"Variation (Rechenvorlage Auslastung) mit anderen Zahlen (Ersatz K-FP-103: 18 t, 72 %); w präzisiert. Die Rechenfassung K-FP-134 mit denselben Zahlen wird zur Leerfahrt-Aufgabe abgewandelt.";
K-FP-122;korrigiert;Themenpaket K-B;5;Fuhrparkmanagement;mc→open;;Dublette zu K-FP-101 (Zuordnung fix/variabel als MC) aufgelöst: in prüfungsnahe Zuordnungsaufgabe für das Kfz-Kostenblatt umgewandelt.;
K-FP-128;korrigiert;Themenpaket K-B;5;Fuhrparkmanagement;mc→open;;Triviale MC mit abwegigen Distraktoren (z. B. „Maximierung der Gesamtkilometer“) und Überschneidung mit K-FP-104 in prüfungsnahe offene Aufgabe zur Auslastung umgewandelt.;
K-FP-133;korrigiert;Themenpaket K-B;5;Fuhrparkmanagement;calc;;"Vorlage „Kilometerkosten = Jahreskosten ÷ km“ war mehrfach vorhanden; umgebaut zur prüfungsnahen Aufgabe „Selbstkosten je km und Vergleich mit dem Angebotspreis“ (vgl. P-OK-20210518 Aufg. 1d/1e).";
K-FP-134;korrigiert;Variation zurückgeholt;5;Fuhrparkmanagement;calc;;"Variation abgewandelt: Die ursprünglichen Zahlen (20 t von 25 t) stehen schon in K-FP-119; daher andere Situation mit Leerrückfahrt und tkm-bezogener Auslastung (Ersatz K-FP-143). Rundungsvorgabe ergänzt.";
K-FP-138;korrigiert;Dubletten;5;Fuhrparkmanagement;calc;;"Unrealistische Zahl: 5.400 € für 250 km ergäben 1,20 €/tkm (etwa das Zehnfache üblicher Werte); Gesamtkosten auf 540 € gesetzt, Ergebnis 0,12 €/tkm.";
K-FP-142;korrigiert;Variation zurückgeholt;5;Fuhrparkmanagement;calc;;"Variation abgewandelt: Das Geschwister K-FP-111 hat dieselben Gesamtkosten; daher hier andere Situation und gesuchte Größe (Kilometerkosten bei höherer Fahrleistung, Fixkostendegression). Einheit €/km korrigiert.";
K-FP-144;korrigiert;Dubletten;5;Fuhrparkmanagement;calc;;Einheit korrigiert: Ergebnis ist in €/tkm, nicht in €.;
K-FP-145;korrigiert;Themenpaket K-B;5;Fuhrparkmanagement;calc;;"Triviale Addition gegebener Beträge zur prüfungsnahen Mehrschrittaufgabe erweitert (Abschreibung, Kapitalverzinsung, fixe Kosten je Einsatztag; vgl. P-OK-20211116 Aufg. 2a).";
K-GK-128;korrigiert + umsortiert;Variation zurückgeholt;5;Fuhrparkmanagement;calc;von Kraftverkehr/NT · Güterkraftverkehrsrecht;"Variation abgewandelt: Die reine tkm-Rechnung ist Teilschritt des Ersatzes K-FP-138; daher andere Situation (Tour mit Teilentladung, gleiche Gesamtstrecke 350 km). Nach Fuhrparkmanagement umsortiert, Rundung ergänzt.";
K-GK-129;korrigiert + umsortiert;Variation zurückgeholt;5;Fuhrparkmanagement;calc;von Kraftverkehr/NT · Güterkraftverkehrsrecht;"Variation (Palettenauslastung) mit anderen Zahlen (Ersatz K-FP-118: 34 von 40); von Güterkraftverkehrsrecht nach Fuhrparkmanagement umsortiert, Rundungsvorgabe ergänzt.";
K-VR-121;korrigiert + umsortiert;Variation zurückgeholt;5;Fuhrparkmanagement;calc;von Kraftverkehr/NT · Straßenverkehrs- und Zulassungsrecht;"Variation zu K-FP-143 (Nutzlastauslastung), zweistufig abgewandelt: Nutzlast erst aus zulässiger Gesamtmasse und Leergewicht bestimmen; von Straßenverkehrs- und Zulassungsrecht nach Fuhrparkmanagement umsortiert wie der Ersatz; Rundungsvorgabe";
PX-B-007;korrigiert + umsortiert;Themenpaket B-B;5;Fuhrparkmanagement;calc;von BWL · Betriebsorganisation;Umsortiert: Fahrten-/Umlaufplanung im Linienverkehr steht bei den übrigen Linienplanungsaufgaben (Fuhrparkmanagement);
K-FP-601;neu;Themenpaket K-B;5;Fuhrparkmanagement;open;;Lücke: Prüffristen im Fuhrpark (HU/SP, Fahrtenschreiber, UVV) als Checkliste (P-OK-20230516 Aufg. 2b);
K-FP-602;neu;Themenpaket K-B;5;Fuhrparkmanagement;open;;Lücke: Entscheidungskriterien für die Anschaffung von E-Fahrzeugen (P-FT-20250507 Aufg. 4a, P-OK-20250508 Aufg. 1c);
K-FP-603;neu;Themenpaket K-B;5;Fuhrparkmanagement;calc;;Lücke: Kostenvergleich E-Fahrzeug gegenüber Verbrenner (P-FT-20250507 Aufg. 4b, P-OK-20230516 Aufg. 4a, P-OK-20260507 Aufg. 3a);
K-FP-604;neu;Themenpaket K-B;5;Fuhrparkmanagement;calc;;Lücke: Kapitalverzinsung im Kfz-Kostenblatt (P-OK-20210518 Aufg. 1a);
K-FP-605;neu;Themenpaket K-B;5;Fuhrparkmanagement;calc;;Lücke: variable Kosten je km – Reifenkosten im Kfz-Kostenblatt (P-OK-20210518 Aufg. 1c, P-OK-20211116 Aufg. 2b);
K-FP-606;neu;Themenpaket K-B;5;Fuhrparkmanagement;calc;;Lücke: Angebotspreis aus fixen Kosten je Einsatztag, variablen Kosten je km und Gewinnzuschlag (P-OK-20211116 Aufg. 2c);
K-FP-607;neu;Themenpaket K-B;5;Fuhrparkmanagement;calc;;Lücke: Kennzahlen-Controlling im Fuhrpark – prozentuale Abweichung von der Zielvorgabe (P-OK-20231121 Aufg. 4b);
K-FP-608;neu;Themenpaket K-B;5;Fuhrparkmanagement;open;;Lücke: Organisation von Werkstatt- und Inspektionsterminen im Fuhrpark (P-OK-20210518 Aufg. 3c);
K-GG-108;gelöscht;Themenpaket K-B;5;Gefahrgut;mc;Dublette;Dublette (gleicher Wissenspunkt, gleiche Frageform): Feuerlöscher über 7,5 t (wie DUP-2).;K-GG-121
K-GG-111;gelöscht;Themenpaket K-B;5;Gefahrgut;mc;Dublette;"Dublette (gleicher Wissenspunkt, gleiche Frageform): Kennzeichnung begrenzter Mengen (LQ-Raute); K-GG-134 zusätzlich mit „statt Gefahrzettel“ und Mindestgröße.";K-GG-134
K-GG-114;gelöscht;Themenpaket K-B;5;Gefahrgut;mc;Dublette;"Dublette (gleicher Wissenspunkt, gleiche Frageform): Zahlen auf der Warntafel (oben Gefahrnummer, unten UN-Nummer); DUP-2 hat K-GG-103 als Referenz überarbeitet.";K-GG-103
K-GG-116;gelöscht;Themenpaket K-B;5;Gefahrgut;mc;Dublette;"Dublette (gleicher Wissenspunkt, gleiche Frageform): vorangestelltes X; K-GG-116 spricht ungenau von „Wassergefährlichkeit“ (wie DUP-2).";K-GG-104
K-GG-123;gelöscht;Themenpaket K-B;5;Gefahrgut;mc;Dublette;Dublette (gleicher Wissenspunkt, gleiche Frageform): umfangreichste Zusammenladeverbote bei Klasse 1, gleiche Optionen (wie DUP-2).;K-GG-130
K-GG-125;gelöscht;Themenpaket K-B;5;Gefahrgut;mc;nicht prüfungsrelevant / überholt;"Randwissen: Klassifizierungscodes der Klasse 2 (z. B. 2 TF) werden in der KVM-Prüfung nicht verlangt; geprüft werden Kennzeichnung, Begleitpapiere, Ausrüstung und Stauplan.";
K-GG-131;gelöscht;Themenpaket K-B;5;Gefahrgut;mc;Dublette;"Dublette (gleicher Wissenspunkt, gleiche Frageform): Mindestgröße der Gefahrzettel 100 mm; K-GG-105 fragt Form und Größe.";K-GG-105
K-GG-132;gelöscht;Themenpaket K-B;5;Gefahrgut;mc;Dublette;Dublette (gleicher Wissenspunkt, gleiche Frageform): Reihenfolge im Beförderungspapier (wie DUP-2).;K-GG-118
K-GG-137;gelöscht;Themenpaket K-B;5;Gefahrgut;mc;Dublette;Dublette (gleicher Wissenspunkt, gleiche Frageform): obere Zahl der Warntafel (wie DUP-2).;K-GG-103
K-GG-142;gelöscht;Themenpaket K-B;5;Gefahrgut;mc;Dublette;Dublette (gleicher Wissenspunkt, gleiche Frageform): Reihenfolge der Angaben im Beförderungspapier, ohne w.;K-GG-118
PX-K-046;gelöscht;Themenpaket K-B;5;Gefahrgut;mc;Dublette;Dublette (gleicher Wissenspunkt, gleiche Frageform): Feuerlöscher über 7,5 t, ohne w.;K-GG-121
K-GG-101;korrigiert;Themenpaket K-B;5;Gefahrgut;mc;;Aufbauend auf dem DUP-2-Fix: amtlicher Titel seit 1.1.2021 ohne „Europäisches“ (per Websuche geprüft).;
K-GG-103;korrigiert;Dubletten;5;Gefahrgut;mc;;Schwachen Distraktor („Höchstmenge in kg“) durch den plausibleren „Beförderungskategorie“ aus K-GG-137 ersetzt, Tafelmaß ergänzt.;
K-GG-110;korrigiert;Dubletten;5;Gefahrgut;mc;;Erklärung um GbV, Frist und Aufbewahrung des Jahresberichts (aus R-UW-108) ergänzt.;
K-GG-112;korrigiert;Themenpaket K-B;5;Gefahrgut;mc;;"Grenzwert präzisiert: Freistellung bis einschließlich 1000 Punkte („nicht übersteigt“ statt „unter“); verbleibende Pflichten ergänzt. Optionslängen angeglichen (richtige Option war auffällig länger).";
K-GG-117;korrigiert;Themenpaket K-B;5;Gefahrgut;mc;;Widerspruch korrigiert: w nannte UN 1223 für Düsenkraftstoff, die Erklärung UN 1863 (richtig: Düsenkraftstoff 1863, Kerosin 1223).;
K-GG-118;korrigiert;Optionslängen;5;Gefahrgut;mc;;"Richtige Option auf Kurzbegriffe gekürzt; Langformen stehen in der Erklärung";
K-GG-120;korrigiert;Querschnitt;5;Gefahrgut;mc;;Erklärung um die Rechtsgrundlagen § 3 GbV (Bestellpflicht) und § 2 GbV (Befreiungen) aus der gelöschten Dublette R-UW-017 ergänzt.;
K-GG-121;korrigiert;Dubletten;5;Gefahrgut;mc;;Erklärung um die Mindestzahl (zwei Feuerlöscher) und den 2-kg-Löscher für Motor/Fahrerhaus ergänzt.;
K-GG-128;korrigiert;Themenpaket K-B;5;Gefahrgut;mc;;"Richtige Option war fast doppelt so lang wie die Distraktoren; Optionen angeglichen.";
K-GG-134;korrigiert;Optionslängen;5;Gefahrgut;mc;;Richtige Option gestrafft;
K-GG-135;korrigiert;Themenpaket K-B;5;Gefahrgut;mc;;Fehlende w ergänzt.;
K-GG-136;korrigiert;Themenpaket K-B;5;Gefahrgut;mc;;Fehlende w ergänzt.;
K-GG-138;korrigiert;Themenpaket K-B;5;Gefahrgut;mc;;"Fehlende w ergänzt; Fundstellen ergänzt.";
K-GG-139;korrigiert;Themenpaket K-B;5;Gefahrgut;mc;;"Fehlende w ergänzt; Erklärung präzisiert.";
K-GG-140;korrigiert;Themenpaket K-B;5;Gefahrgut;mc;;Fehlende w ergänzt.;
K-GG-141;korrigiert;Themenpaket K-B;5;Gefahrgut;mc;;"Fehlende w ergänzt; Erklärung um persönliche Schutzausrüstung ergänzt. Optionslängen angeglichen (richtige Option war auffällig länger).";
PX-K-005;korrigiert;Themenpaket K-B;5;Gefahrgut;mc;;"Fehlende w ergänzt; Satzbau der Frage korrigiert; Gefahrzettel 9A statt 9. Optionslängen angeglichen (richtige Option war auffällig länger).";
PX-K-044;korrigiert;Themenpaket K-B;5;Gefahrgut;mc;;"Fehlende w ergänzt; Rechtsgrundlage (§ 8 GbV) ergänzt.";
PX-K-045;korrigiert;Themenpaket K-B;5;Gefahrgut;mc;;"Abwegige Distraktoren (grünes Warndreieck, blaue Plakette, Rundumleuchte) durch typische Verwechslungen ersetzt; w ergänzt; Stückgutfall präzisiert (vgl. P-FT-20260506 Aufg. 4a).";
PX-K-050;korrigiert;Themenpaket K-B;5;Gefahrgut;mc→open;;"In prüfungsnahe offene Aufgabe umgewandelt (Prüfung fragt alle drei Unterweisungsarten); MC ohne w mit abwegigen Distraktoren.";
K-GG-601;neu;Themenpaket K-B;5;Gefahrgut;open;;Lücke: Aufgaben und Pflichten des Gefahrgutbeauftragten (P-FT-20260506 Aufg. 1a);
K-GG-602;neu;Themenpaket K-B;5;Gefahrgut;open;;Lücke: Kennzeichnung der Beförderungseinheit und Begleitpapiere nach ADR (P-FT-20260506 Aufg. 4a);
K-GG-603;neu;Themenpaket K-B;5;Gefahrgut;open;;Lücke: Ausrüstung der Beförderungseinheit für allgemeinen und persönlichen Schutz nach ADR (P-FT-20260506 Aufg. 4b);
K-GG-604;neu;Themenpaket K-B;5;Gefahrgut;open;;Lücke: Stauplan unter Berücksichtigung der Gefahrgutvorschriften (P-FT-20260506 Aufg. 4c);
K-GG-605;neu;Themenpaket K-B;5;Gefahrgut;open;;Lücke: Beförderung beschädigter Lithium-Ionen-Batterien – Verpackung und Kennzeichnung (P-OK-20211116 Aufg. 3c);
K-ZO-101;gelöscht;Themenpaket K-C;5;Grenzüberschreitender Verkehr und Zoll;mc;Dublette;"Dublette: Haftungshöchstbetrag 8,33 SZR/kg; wie im Dubletten-Durchgang (DUP-2) wird K-GK-123 behalten.";K-GK-123
K-ZO-105;gelöscht;Themenpaket K-C;5;Grenzüberschreitender Verkehr und Zoll;mc;nicht prüfungsrelevant / überholt;Nicht prüfungsrelevant: Wertgrenze der mündlichen Ausfuhranmeldung ist Randzahl aus dem Aufgabenbereich des Ausführers, kein Wissen für Fuhrpark und Disposition.;
K-ZO-107;gelöscht;Themenpaket K-C;5;Grenzüberschreitender Verkehr und Zoll;mc;Dublette;"Dublette: Kabotage 3 Fahrten in 7 Tagen; wie im Dubletten-Durchgang (DUP-2) wird K-GK-107 behalten.";K-GK-107
K-ZO-111;gelöscht;Themenpaket K-C;5;Grenzüberschreitender Verkehr und Zoll;mc;Dublette;"Dublette/Randwissen: Die Langform des Kürzels ATLAS ist Trivia; das Verfahren wird in K-ZO-123 geprüft.";K-ZO-123
K-ZO-113;gelöscht;Themenpaket K-C;5;Grenzüberschreitender Verkehr und Zoll;mc;nicht prüfungsrelevant / überholt;Nicht prüfungsrelevant: Stellenzahl von Waren- und Codenummern ist Detailwissen des Zollanmelders ohne Bezug zu den Prüfungen.;
K-ZO-116;gelöscht;Themenpaket K-C;5;Grenzüberschreitender Verkehr und Zoll;mc;nicht prüfungsrelevant / überholt;Nicht prüfungsrelevant: Wertgrenze der Ursprungserklärung auf der Rechnung ist Randzahl des Exporteurs.;
K-ZO-117;gelöscht;Themenpaket K-C;5;Grenzüberschreitender Verkehr und Zoll;mc;nicht prüfungsrelevant / überholt;Nicht prüfungsrelevant: Bemessungsgrundlage der Einfuhrumsatzsteuer betrifft den Importeur, nicht den Kraftverkehrsmeister.;
K-ZO-118;gelöscht;Themenpaket K-C;5;Grenzüberschreitender Verkehr und Zoll;mc;Dublette;"Dublette: Versandverfahren T1; wie im Dubletten-Durchgang (DUP-2) wird K-ZO-103 behalten.";K-ZO-103
K-ZO-120;gelöscht;Themenpaket K-C;5;Grenzüberschreitender Verkehr und Zoll;mc;nicht prüfungsrelevant / überholt;Nicht prüfungsrelevant: Methoden der Zollwertermittlung sind Spezialwissen des Zollanmelders.;
K-ZO-121;gelöscht;Themenpaket K-C;5;Grenzüberschreitender Verkehr und Zoll;mc;Dublette;Dublette: Versandverfahren T1 wird in K-ZO-103 geprüft.;K-ZO-103
K-ZO-122;gelöscht;Themenpaket K-C;5;Grenzüberschreitender Verkehr und Zoll;mc;Dublette;"Dublette: Carnet TIR; wie im Dubletten-Durchgang (DUP-2) wird K-ZO-102 behalten.";K-ZO-102
K-ZO-124;gelöscht;Themenpaket K-C;5;Grenzüberschreitender Verkehr und Zoll;mc;Dublette;Dublette: EORI-Nummer wird in K-ZO-109 geprüft.;K-ZO-109
K-ZO-126;gelöscht;Themenpaket K-C;5;Grenzüberschreitender Verkehr und Zoll;mc;Dublette;"Dublette: Kabotage 3 Fahrten in 7 Tagen; wie im Dubletten-Durchgang (DUP-2) wird K-GK-107 behalten.";K-GK-107
K-ZO-128;gelöscht;Themenpaket K-C;5;Grenzüberschreitender Verkehr und Zoll;mc;Dublette;Dublette: Carnet ATA wird in K-ZO-119 geprüft.;K-ZO-119
K-ZO-102;korrigiert;Dubletten;5;Grenzüberschreitender Verkehr und Zoll;mc;;Ersatzschreibungen (Befoerderung, ueber, Buergschaftsverbaende, moeglicherweise, Zoelle) in der Erklärung durch Umlaute ersetzt, Vorteil aus K-ZO-122 ergänzt.;
K-ZO-103;korrigiert;Dubletten;5;Grenzüberschreitender Verkehr und Zoll;mc;;"Ersatzschreibungen (fuer, ueberfuehrt) in der Erklärung durch Umlaute ersetzt; ausgesetzte Einfuhrabgaben und NCTS (aus K-CN-128/K-ZO-118) ergänzt.";
K-ZO-104;korrigiert;Themenpaket K-C;5;Grenzüberschreitender Verkehr und Zoll;mc;;"Ersatzschreibung in der Erklärung („muessen“) durch Umlaut ersetzt; NCTS ergänzt.";
K-ZO-106;korrigiert;Themenpaket K-C;5;Grenzüberschreitender Verkehr und Zoll;mc;;Ersatzschreibungen in der Erklärung (Zoelle, Zollformalitaeten, grenzueberschreitenden, Drittlaendern, faellig, koennen) durch Umlaute ersetzt.;
K-ZO-108;korrigiert;Dubletten;5;Grenzüberschreitender Verkehr und Zoll;mc;;Ersatzschreibungen (Frachtfuehrer, fuer, Empfaenger, behaelt) in der Erklärung durch Umlaute ersetzt.;
K-ZO-109;korrigiert;Themenpaket K-C;5;Grenzüberschreitender Verkehr und Zoll;mc;;"Ersatzschreibungen in der Erklärung (benoetigen, fuer, Vorgaenge, gegenueber, Zollbehoerden) durch Umlaute ersetzt; Vergabestelle ergänzt.";
K-ZO-110;korrigiert;Themenpaket K-C;5;Grenzüberschreitender Verkehr und Zoll;mc;;"Ersatzschreibungen in der Erklärung (fuer, mitzufuehren) ersetzt; Rechtsstand ergänzt: Lizenzpflicht seit 21.05.2022 auch für Fahrzeuge über 2,5 t bis 3,5 t im grenzüberschreitenden Verkehr.";
K-ZO-112;korrigiert;Variation zurückgeholt;5;Grenzüberschreitender Verkehr und Zoll;mc;;"Variation: Begriff und Merkmale der EORI-Nummer; der Ersatz K-ZO-109 fragt sie als Voraussetzung einer Zollanmeldung. Geschwister K-ZO-124 bleibt gelöscht (gleichwertig). w ergänzt.";
K-ZO-114;korrigiert;Themenpaket K-C;5;Grenzüberschreitender Verkehr und Zoll;mc;;Nicht auf den Transportalltag bezogen (Ausfuhrnachweis ist Sache des Ausführers) und Distraktoren ohne w: Frage auf die Aufgabe des Fahrers im Ausfuhrverfahren umgestellt.;
K-ZO-115;korrigiert;Themenpaket K-C / Optionslängen;5;Grenzüberschreitender Verkehr und Zoll;mc;;"Distraktoren ohne Begründung (w); Bezug zu Transportunternehmen ergänzt. | Klammererläuterungen AEOC/AEOS und „bevorzugte Behandlung“ in die Erklärung; Absolutwörter bei Distraktoren entfernt";
K-ZO-119;korrigiert;Themenpaket K-C;5;Grenzüberschreitender Verkehr und Zoll;mc;;Distraktoren ohne Begründung (w).;
K-ZO-123;korrigiert;Themenpaket K-C;5;Grenzüberschreitender Verkehr und Zoll;mc;;"Distraktoren ohne Begründung (w); Erklärung um NCTS ergänzt.";
K-ZO-125;korrigiert;Themenpaket K-C;5;Grenzüberschreitender Verkehr und Zoll;mc;;Distraktoren ohne Begründung (w).;
K-ZO-127;korrigiert;Themenpaket K-C;5;Grenzüberschreitender Verkehr und Zoll;mc;;"Distraktoren ohne Begründung (w); Rechtsgrundlage und IMI-Meldung ergänzt.";
PX-K-016;korrigiert;Themenpaket K-C;5;Grenzüberschreitender Verkehr und Zoll;mc;;"Distraktoren ohne Begründung (w); Rechtsstand ergänzt: CEMT-Genehmigungen seit dem Kontingentsjahr 2026 nur digital, bilaterale Genehmigungen seit 12/2024 ebenfalls vom BALM.";
K-ZO-601;neu;Themenpaket K-C;5;Grenzüberschreitender Verkehr und Zoll;open;;Lücke: erforderliche Genehmigungen und ausstellende Stellen im grenzüberschreitenden Güterkraftverkehr (P-FT-20230515 Aufg. 2b);
K-ZO-602;neu;Themenpaket K-C;5;Grenzüberschreitender Verkehr und Zoll;open;;"Lücke: Ablauf des Versandverfahrens T1 und Pflichten von Beförderer und Fahrer (Zollkodex/NCTS; grenzüberschreitende Tankcontainer-Transporte P-OK-20230516 Aufg. 1)";
K-ZO-603;neu;Themenpaket K-C;5;Grenzüberschreitender Verkehr und Zoll;open;;Lücke: mitzuführende Dokumente im grenzüberschreitenden EU-Verkehr als Checkliste (Checklistenaufgabe wie P-OK-20230516 Aufg. 2b);
K-GK-102;gelöscht;Themenpaket K-B;5;Güterkraftverkehrsrecht;mc;Dublette;"Dublette (gleicher Wissenspunkt, gleiche Frageform): Geltungsdauer der Berechtigung; DUP-2 hat K-GK-116 auf die Gemeinschaftslizenz (GüKG 2026) umgestellt.";K-GK-116
K-GK-109;gelöscht;Themenpaket K-B;5;Güterkraftverkehrsrecht;mc;Dublette;Dublette (gleicher Wissenspunkt, gleiche Frageform): Anwendungsbereich der CMR (wie DUP-2).;K-GK-121
K-GK-110;gelöscht;Themenpaket K-B;5;Güterkraftverkehrsrecht;mc;Dublette;Dublette (gleicher Wissenspunkt, gleiche Frageform): Haftungshöchstbetrag 8,33 SZR/kg (wie DUP-2).;K-GK-123
K-GK-113;gelöscht;Themenpaket K-B;5;Güterkraftverkehrsrecht;mc;Dublette;"Dublette (gleicher Wissenspunkt, gleiche Frageform): Gewichtsgrenze 3,5 t der Lizenzpflicht; zudem Rechtsgrundlage (§ 2 Abs. 1 Nr. 4) falsch und seit 27.02.2026 überholt.";K-GK-101
K-GK-114;gelöscht;Themenpaket K-B;5;Güterkraftverkehrsrecht;mc;Dublette;Dublette (gleicher Wissenspunkt, gleiche Frageform): Voraussetzungen des Werkverkehrs (wie DUP-2).;K-GK-105
K-GK-115;gelöscht;Themenpaket K-B;5;Güterkraftverkehrsrecht;mc;Dublette;"Dublette (gleicher Wissenspunkt, gleiche Frageform): Anmeldung des Werkverkehrs; arbeitet mit der seit 27.02.2026 entfallenen „Erlaubnis nach § 3 GüKG“ (wie DUP-2).";K-GK-106
K-GK-118;gelöscht;Themenpaket K-B;5;Güterkraftverkehrsrecht;mc;Dublette;"Dublette (gleicher Wissenspunkt, gleiche Frageform): Zweck der Gemeinschaftslizenz; zudem fachlich falscher w (Fahrzeuge bis 3,5 t seien lizenzfrei – grenzüberschreitend gilt seit 21.05.2022 die 2,5-t-Grenze).";K-GK-103
K-GK-119;gelöscht;Themenpaket K-B;5;Güterkraftverkehrsrecht;mc;Dublette;Dublette (gleicher Wissenspunkt, gleiche Frageform): Kabotage 3 Fahrten in 7 Tagen (wie DUP-2).;K-GK-107
K-GK-120;gelöscht;Themenpaket K-B;5;Güterkraftverkehrsrecht;mc;Dublette;Dublette (gleicher Wissenspunkt, gleiche Frageform): viertägige Karenzzeit bei der Kabotage (wie DUP-2).;K-GK-108
K-GK-122;gelöscht;Themenpaket K-B;5;Güterkraftverkehrsrecht;mc;Dublette;Dublette (gleicher Wissenspunkt, gleiche Frageform): drei Originale des CMR-Frachtbriefs (wie DUP-2).;K-ZO-108
K-GK-127;gelöscht;Themenpaket K-B;5;Güterkraftverkehrsrecht;calc;nicht prüfungsrelevant / überholt;"Nicht prüfungsrelevant: triviale Multiplikation Gewicht × Frachtsatz; kein Güterkraftverkehrsrecht. Prüfungsnah ist die Kalkulation des Angebotspreises aus Fahrzeugkosten (neu ergänzt).";
K-GK-130;gelöscht;Themenpaket K-B;5;Güterkraftverkehrsrecht;calc;nicht prüfungsrelevant / überholt;"Nicht prüfungsrelevant: triviale Frachtberechnung (Satz × t × km) ohne Rechtsbezug; prüfungsnah ist der Angebotspreis aus fixen/variablen Kosten mit Gewinnzuschlag (neu ergänzt).";
K-GK-132;gelöscht;Themenpaket K-B;5;Güterkraftverkehrsrecht;calc;nicht prüfungsrelevant / überholt;Nicht prüfungsrelevant: triviale Multiplikation Palettenzahl × Frachtsatz.;
PX-K-012;gelöscht;Themenpaket K-B;5;Güterkraftverkehrsrecht;mc;Dublette;"Dublette (gleicher Wissenspunkt, gleiche Frageform): Gewichtsgrenze 3,5 t (grenzüberschreitend 2,5 t); in K-GK-101 mit Rechtsstand 2026 enthalten; ohne w.";K-GK-101
PX-K-015;gelöscht;Themenpaket K-B;5;Güterkraftverkehrsrecht;mc;Dublette;"Nicht mehr sinnvoll: fragt die Befristung der nationalen Erlaubnis, die seit 27.02.2026 nicht mehr erteilt wird; Dublette zur Geltungsdauer der Gemeinschaftslizenz.";K-GK-116
K-FP-126;korrigiert + umsortiert;Themenpaket K-B;5;Güterkraftverkehrsrecht;mc;von Kraftverkehr/NT · Fuhrparkmanagement;"Falsch einsortiert → Güterkraftverkehrsrecht; Distraktor auf den Rechtsstand 27.02.2026 (nur Gemeinschaftslizenz) angepasst; Rechtsgrundlagen ergänzt.";
K-GK-101;korrigiert;Themenpaket K-B;5;Güterkraftverkehrsrecht;mc;;"Rechtsstand 27.02.2026: § 1 GüKG enthält keine Gewichtsgrenze mehr, die 3,5-t-Ausnahme steht in § 2 Abs. 1 Nr. 10; nur noch Gemeinschaftslizenz. 2,5-t-Grenze im grenzüberschreitenden Verkehr als Distraktor ergänzt.";
K-GK-103;korrigiert;Themenpaket K-B;5;Güterkraftverkehrsrecht;mc;;"Rechtsstand 27.02.2026: Die „Erlaubnis nach § 3 GüKG“ gibt es nicht mehr (§ 3 regelt jetzt die Gemeinschaftslizenz); Distraktor und Erklärung angepasst.";
K-GK-104;korrigiert;Themenpaket K-B;5;Güterkraftverkehrsrecht;mc;;Rechtsstand 27.02.2026: Verweis auf die entfallene „Erlaubnis nach § 3 GüKG“ entfernt, Übergangsregel ergänzt. Optionslängen angeglichen (richtige Option war auffällig länger).;
K-GK-105;korrigiert;Themenpaket K-B;5;Güterkraftverkehrsrecht;mc;;"Richtige Option war fast doppelt so lang wie die Distraktoren; gekürzt.";
K-GK-107;korrigiert;Dubletten;5;Güterkraftverkehrsrecht;mc;;Viertägige Karenzzeit nach dem Mobilitätspaket (aus K-ZO-107) und Artikel ergänzt.;
K-GK-111;korrigiert;Dubletten;5;Güterkraftverkehrsrecht;mc;;Vergleich mit Art. 23 Abs. 5 CMR (einfache Fracht) aus K-VE-118 ergänzt.;
K-GK-112;korrigiert;Themenpaket K-B;5;Güterkraftverkehrsrecht;mc;;Rechtsstand 27.02.2026: Distraktor nannte die entfallene „Erlaubnis nach § 3 GüKG“.;
K-GK-116;korrigiert;Dubletten;5;Güterkraftverkehrsrecht;mc;;"Rechtsstand 2026: Seit dem 27.02.2026 (Zweites Gesetz zur Änderung des GüKG) gibt es keine nationale Erlaubnis mehr; § 3 GüKG verlangt für innerstaatliche und grenzüberschreitende Beförderungen die EU-Gemeinschaftslizenz (bis zu 10 Jahre). Frage, w und Erklärung angepasst, Voraussetzungen aus K-GK-102 ergänzt.";
K-GK-117;korrigiert;Themenpaket K-B;5;Güterkraftverkehrsrecht;mc;;"Rechtsstand 27.02.2026: „Erlaubnis bzw. Gemeinschaftslizenz“ → nur noch Gemeinschaftslizenz; Beträge der finanziellen Leistungsfähigkeit ergänzt.";
K-GK-121;korrigiert;Themenpaket K-B;5;Güterkraftverkehrsrecht;mc;;"Richtige Option war fast doppelt so lang wie die Distraktoren; Optionen angeglichen.";
K-GK-123;korrigiert;Dubletten;5;Güterkraftverkehrsrecht;mc;;Erklärung um SZR-Definition, HGB-Haftungskorridor 2–40 SZR/kg (§ 449 HGB) und 17 SZR/kg im Eisenbahnverkehr (aus K-ZO-101) ergänzt.;
K-GK-124;korrigiert;Themenpaket K-B;5;Güterkraftverkehrsrecht;mc;;Ministeriumsbezeichnung aktualisiert (seit 2025 Bundesministerium für Verkehr statt BMDV).;
K-GK-125;korrigiert;Optionslängen;5;Güterkraftverkehrsrecht;mc;;"Empfänger und Pflicht des Absenders (Fracht) aus der richtigen Option gestrichen, stehen in der Erklärung; Lagervertrag-Distraktor ergänzt";
PX-K-011;korrigiert;Themenpaket K-B;5;Güterkraftverkehrsrecht;mc→open;;"In prüfungsnahe offene Aufgabe umgewandelt (Prüfung verlangt die Erläuterung aller Voraussetzungen, 15 P); MC prüfte nur eine Voraussetzung gegen abwegige Distraktoren, ohne w.";
PX-K-014;korrigiert;Themenpaket K-B;5;Güterkraftverkehrsrecht;mc;;Fehlende w ergänzt.;
PX-K-020;korrigiert;Themenpaket K-B;5;Güterkraftverkehrsrecht;mc;;"Richtige Option vermischte „Erlaubnisausfertigung“ (nationales Recht, seit 27.02.2026 entfallen) mit der beglaubigten Kopie der Gemeinschaftslizenz; w ergänzt. Optionslängen angeglichen (richtige Option war auffällig länger).";
K-GK-601;neu;Themenpaket K-B;5;Güterkraftverkehrsrecht;open;;Lücke: Berechtigungen und ausstellende Behörden national, EU, Drittstaaten nach Rechtsstand 2026 (P-FT-20230515 Aufg. 2b);
K-GK-602;neu;Themenpaket K-B;5;Güterkraftverkehrsrecht;open;;"Lücke: Anwendung der Kabotageregeln einschließlich Karenzzeit an einem Fall (Kabotage laut Rahmenplan; Genehmigungen P-FT-20230515 Aufg. 2)";
K-GK-603;neu;Themenpaket K-B;5;Güterkraftverkehrsrecht;calc;;"Lücke: Anwendung der Haftungsbegrenzung nach HGB/CMR als Rechenaufgabe (Frachtrecht laut Rahmenplan; bisher nur MC zum Wert 8,33 SZR)";
K-KV-102;gelöscht;Themenpaket K-C;5;Kombinierter Verkehr;mc;Dublette;"Dublette: 40-Fuß-Container = 2 TEU; wie im Dubletten-Durchgang (DUP-2) wird K-CN-115 behalten.";K-CN-115
K-KV-103;gelöscht;Themenpaket K-C;5;Kombinierter Verkehr;mc;Dublette;Dublette: 44 t im KV-Vor- und Nachlauf wird in K-KV-126 geprüft.;K-KV-126
K-KV-109;gelöscht;Themenpaket K-C;5;Kombinierter Verkehr;mc;Dublette;Dublette: ökologischer Vorteil des KV (CO₂ je tkm) wird in K-KV-128 geprüft, das der Dubletten-Durchgang behält.;K-KV-128
K-KV-115;gelöscht;Themenpaket K-C;5;Kombinierter Verkehr;mc;Dublette;Dublette: Merkmal des Kombinierten Verkehrs wird in K-KV-101 geprüft.;K-KV-101
K-KV-116;gelöscht;Themenpaket K-C;5;Kombinierter Verkehr;mc;Dublette;Dublette: unbegleiteter KV wird in K-KV-105 geprüft.;K-KV-105
K-KV-117;gelöscht;Themenpaket K-C;5;Kombinierter Verkehr;mc;Dublette;"Dublette: Rollende Landstraße; wie im Dubletten-Durchgang (DUP-2) wird K-KV-104 behalten.";K-KV-104
K-KV-118;gelöscht;Themenpaket K-C;5;Kombinierter Verkehr;mc;Dublette;"Dublette: Wechselbrücke vs. ISO-Container; wie im Dubletten-Durchgang (DUP-2) wird K-KV-106 behalten.";K-KV-106
K-KV-119;gelöscht;Themenpaket K-C;5;Kombinierter Verkehr;mc;Dublette;Dublette: Kranbarkeit von Sattelanhängern wird in K-KV-107 geprüft.;K-KV-107
K-KV-121;gelöscht;Themenpaket K-C;5;Kombinierter Verkehr;mc;Dublette;Dublette: 44 t im KV-Vor- und Nachlauf wird in K-KV-126 geprüft.;K-KV-126
K-KV-122;gelöscht;Themenpaket K-C;5;Kombinierter Verkehr;mc;Dublette;"Dublette: ökologischer Vorteil des KV; wie im Dubletten-Durchgang (DUP-2) wird K-KV-128 behalten.";K-KV-128
K-KV-123;gelöscht;Themenpaket K-C;5;Kombinierter Verkehr;mc;Dublette;Dublette: unbegleiteter KV wird in K-KV-105 geprüft.;K-KV-105
K-KV-124;gelöscht;Themenpaket K-C;5;Kombinierter Verkehr;mc;Dublette;"Dublette/Spezialwissen: Kranbarkeit wird in K-KV-107 geprüft; UIC-Codierung ist Detailwissen ohne Prüfungsbezug.";K-KV-107
K-KV-101;korrigiert;Optionslängen;5;Kombinierter Verkehr;mc;;"Richtige Option gekürzt (Hauptlauf-Definition und Verkehrsträger in die Erklärung); Absolutwörter bei Distraktoren entfernt";
K-KV-105;korrigiert;Optionslängen;5;Kombinierter Verkehr;mc;;Beispielklammer (Ladeeinheiten) aus der richtigen Option in die Erklärung verschoben;
K-KV-108;korrigiert;Optionslängen;5;Kombinierter Verkehr;mc;;"Richtige Option gestrafft; Zuordnung Vorlauf/Nachlauf steht in der Erklärung";
K-KV-120;korrigiert;Themenpaket K-C;5;Kombinierter Verkehr;mc;;Distraktoren ohne Begründung (w).;
K-KV-125;korrigiert;Themenpaket K-C;5;Kombinierter Verkehr;mc;;Fachlich ungenau: Die 150-km-Grenze der RL 92/106/EWG gilt nur für den Hafen-Straße-Verkehr, beim Schienenverkehr führt der Vorlauf zum nächstgelegenen geeigneten Bahnhof. Frage als Situation präzisiert, Distraktoren mit typischen Verwechslungen (100 km Hauptlauf, 200 km StVO).;
K-KV-126;korrigiert;Themenpaket K-C;5;Kombinierter Verkehr;mc;;"Rechtsgrundlage ungenau: Die 44 t im KV-Vor- und Nachlauf folgen für Fahrzeugkombinationen mit mehr als vier Achsen aus der 53. Ausnahmeverordnung zur StVZO (bei Sattelkraftfahrzeugen mit Container auch § 34 Abs. 6 Nr. 6 StVZO); w zu 42 t korrigiert.";
K-KV-128;korrigiert;Optionslängen;5;Kombinierter Verkehr;mc;;"Begründung (energieeffiziente elektrische Schiene) aus der richtigen Option gestrichen, steht in der Erklärung; Absolutwörter bei Distraktoren entfernt";
K-KV-601;neu;Themenpaket K-C;5;Kombinierter Verkehr;open;;Lücke: Entscheidung Straße vs. Kombinierter Verkehr mit Vor- und Nachteilen (Argumentationsaufgabe wie P-FT-20230515 Aufg. 1f/3b);
K-LS-107;gelöscht;Themenpaket K-B;5;Ladungssicherung;mc;Dublette;"Dublette (gleicher Wissenspunkt, gleiche Frageform): Bedeutung von LC; K-LS-125 mit den typischen Verwechslungen STF, SHF, Bruchkraft (wie DUP-2).";K-LS-125
K-LS-108;gelöscht;Themenpaket K-B;5;Ladungssicherung;mc;Dublette;"Dublette (gleicher Wissenspunkt, gleiche Frageform): Bedeutung von STF; K-LS-126 mit Distraktor SHF.";K-LS-126
K-LS-121;gelöscht;Themenpaket K-B;5;Ladungssicherung;mc;Dublette;"Dublette (gleicher Wissenspunkt, gleiche Frageform): Inhalt der VDI 2700; DUP-2 hat K-LS-110 als Referenz überarbeitet.";K-LS-110
K-LS-122;gelöscht;Themenpaket K-B;5;Ladungssicherung;mc;Dublette;Dublette (gleicher Wissenspunkt, gleiche Frageform): Beschleunigungsbeiwert 0,8 nach vorn.;K-LS-102
K-LS-123;gelöscht;Themenpaket K-B;5;Ladungssicherung;mc;Dublette;Dublette (gleicher Wissenspunkt, gleiche Frageform): Beiwert 0,5 nach hinten und zur Seite.;K-LS-103
K-LS-124;gelöscht;Themenpaket K-B;5;Ladungssicherung;mc;Dublette;Dublette (gleicher Wissenspunkt, gleiche Frageform): Reibbeiwert 0,6 für RH-Material (wie DUP-2).;K-LS-109
K-LS-128;gelöscht;Themenpaket K-B;5;Ladungssicherung;mc;Dublette;"Dublette (gleicher Wissenspunkt, gleiche Frageform): Prinzip des Niederzurrens (Kraftschluss); in K-LS-144 enthalten.";K-LS-144
K-LS-139;gelöscht;Themenpaket K-B;5;Ladungssicherung;calc;nicht prüfungsrelevant / überholt;"Nicht prüfungsrelevant: triviale Division der Gesamtvorspannkraft durch die Gurtzahl; die vollständige Niederzurrrechnung steht in K-LS-138 und K-LS-152.";
K-LS-141;gelöscht;Themenpaket K-B;5;Ladungssicherung;mc;Dublette;Dublette (gleicher Wissenspunkt, gleiche Frageform): Bedeutung von LC, ohne w (wie DUP-2).;K-LS-125
K-LS-142;gelöscht;Themenpaket K-B;5;Ladungssicherung;mc;Dublette;Dublette (gleicher Wissenspunkt, gleiche Frageform): Bedeutung von STF, ohne w.;K-LS-126
K-LS-145;gelöscht;Themenpaket K-B;5;Ladungssicherung;mc;Dublette;Dublette (gleicher Wissenspunkt, gleiche Frageform): Beiwert 0,8 nach vorn, ohne w (wie DUP-2).;K-LS-102
K-LS-146;gelöscht;Themenpaket K-B;5;Ladungssicherung;mc;Dublette;Dublette (gleicher Wissenspunkt, gleiche Frageform): Reibbeiwert 0,6 für RH-Matten, ohne w.;K-LS-109
K-LS-148;gelöscht;Themenpaket K-B;5;Ladungssicherung;mc;nicht prüfungsrelevant / überholt;"Nicht prüfungsrelevant: veränderliche Bußgeldbeträge (BKat) ohne Prüfungsbezug; die Verantwortung der Beteiligten ist in K-LS-112 und K-LS-147 abgedeckt.";
K-LS-102;korrigiert;Dubletten;5;Ladungssicherung;mc;;"w zu 0,6 fachlich falsch: EN 12195-1 setzt 0,6 g zur Seite bei Kippgefahr an; w korrigiert.";
K-LS-105;korrigiert;Variation zurückgeholt;5;Ladungssicherung;mc;;"Variation: Begriff Kraftschluss mit Abgrenzung zum Formschluss (Gegenstück zu K-LS-106); der Ersatz K-LS-144 vergleicht Nieder- und Direktzurren. Geschwister K-LS-128 bleibt gelöscht. Optionen vereinheitlicht.";
K-LS-109;korrigiert;Themenpaket K-B;5;Ladungssicherung;mc;;"Fachlich präzisiert: Der Reibbeiwert ergibt sich aus dem Prüfzeugnis (Prüfung setzte z. B. µ = 0,55 an), nicht pauschal 0,6; w entsprechend angepasst.";
K-LS-110;korrigiert;Dubletten;5;Ladungssicherung;mc;;"Distraktor „Achslasten und Gewichtsverteilung“ nicht eindeutig falsch (VDI 2700 Blatt 4 behandelt den Lastverteilungsplan); ersetzt durch „Gefahrgut“ aus K-LS-121, Rechtsgrundlagen der Ladungssicherungspflicht ergänzt.";
K-LS-111;korrigiert;Themenpaket K-B;5;Ladungssicherung;mc;;"Richtige Option (Gesetzeswortlaut) war fast dreimal so lang wie die Distraktoren und dadurch erkennbar; Optionen angeglichen, Wortlaut in die Erklärung übernommen, anerkannte Regeln der Technik ergänzt.";
K-LS-112;korrigiert;Optionslängen;5;Ladungssicherung;mc;;"„Allein“ nur bei Distraktoren und Signalwort „jeder in seinem Bereich“ nur bei der richtigen Option entfernt; alle Optionen als gleich gebaute Dreiergruppen";
K-LS-115;korrigiert;Variation zurückgeholt;5;Ladungssicherung;calc;;"Variation (Sicherungskraft nach vorn) mit vorgegebener Gewichtskraft (Ersatz PX-K-037: aus der Masse); Rundungsvorgabe ergänzt.";
K-LS-126;korrigiert;Themenpaket K-B;5;Ladungssicherung;mc;;"Richtige Option war doppelt so lang wie die Distraktoren; Optionen angeglichen.";
K-LS-130;korrigiert;Themenpaket K-B;5;Ladungssicherung;mc;;"Richtige Option war fast doppelt so lang wie die Distraktoren; Optionen angeglichen, Erklärung um Mindestachslast und VDI 2700 Blatt 4 ergänzt.";
K-LS-131;korrigiert;Themenpaket K-B;5;Ladungssicherung;mc;;"Fachlich umgebaut: Die Angabe „83° bis 90°“ ist keine Normvorgabe; die Distraktoren waren die Winkelbereiche des Direktzurrens. Jetzt wird das übertragbare Prinzip (Faktor sin α) geprüft.";
K-LS-133;korrigiert;Variation zurückgeholt;5;Ladungssicherung;calc;;"Variation (Reibungskraft) mit anderen Zahlen und Einheit N (Ersatz K-LS-117: 8.000 daN); Rundungsvorgabe ergänzt.";
K-LS-135;korrigiert;Variation zurückgeholt;5;Ladungssicherung;calc;;"Variation (Gewichtskraft aus Masse) mit anderen Zahlen (Ersatz K-LS-114: 4.200 kg); Rundungsvorgabe und Praxisbezug ergänzt.";
K-LS-136;korrigiert;Dubletten;5;Ladungssicherung;calc;;Deutsches Zahlenformat (30.000 N) in Frage und Rechenweg.;
K-LS-137;korrigiert;Variation zurückgeholt;5;Ladungssicherung;calc;;"Variation (Restsicherungskraft zur Seite) mit anderen Zahlen und Einheit N (Ersatz K-LS-119: 12.000 daN, µ = 0,3); Rundungsvorgabe ergänzt.";
K-LS-143;korrigiert;Themenpaket K-B;5;Ladungssicherung;mc;;"Fehlende w ergänzt; Hinweis auf Ablegereife bei fehlendem Etikett ergänzt.";
K-LS-144;korrigiert;Themenpaket K-B;5;Ladungssicherung;mc;;Fehlende w ergänzt. Optionslängen angeglichen (richtige Option war auffällig länger).;
K-LS-147;korrigiert;Themenpaket K-B;5;Ladungssicherung;mc;;"Fehlende w ergänzt; Rechtsgrundlagen präzisiert.";
K-LS-149;korrigiert;Variation zurückgeholt;5;Ladungssicherung;calc;;"Variation (Gewichtskraft aus Masse, g = 9,81) mit anderen Zahlen und Ergebnis in daN (Ersatz K-LS-134: Ergebnis in N); Rundungsvorgabe ergänzt.";
K-LS-150;korrigiert;Variation zurückgeholt;5;Ladungssicherung;calc;;"Variation (Reibungskraft mit RH-Material) mit anderen Zahlen, g = 9,81 und Einheit N (Ersatz PX-K-038: vereinfacht in daN); Rundungsvorgabe ergänzt.";
K-LS-151;korrigiert;Themenpaket K-B;5;Ladungssicherung;calc;;"Fachlich falsch: Die alte Aufgabe addierte alle 4 Ketten zu einer „horizontalen Sicherungskraft“, obwohl beim Diagonalzurren je Richtung nur 2 Ketten wirken; horizontaler Winkel β ergänzt.";
K-LS-152;korrigiert;Themenpaket K-B;5;Ladungssicherung;calc;;Formel fachlich falsch: 2 × k mit k = 1,5 zählt die Kraftübertragung doppelt und ergibt zu wenige Gurte. Jetzt Formel nach DIN EN 12195-1 (Faktor 2 und sin α, ohne Sicherheitsbeiwert) mit neuen Werten.;
K-LS-153;korrigiert;Variation zurückgeholt;5;Ladungssicherung;calc;;"Variation (Restsicherungskraft nach vorn) mit Ausgang von der Masse und g = 9,81 (Ersatz K-LS-136: Gewichtskraft vorgegeben); Rundungsvorgabe ergänzt.";
PX-K-021;korrigiert;Variation zurückgeholt;5;Ladungssicherung;calc;;"Variation (Restsicherungskraft nach vorn) mit anderen Zahlen (Ersatz K-LS-118: 10.000 daN); Rundungsvorgabe ergänzt. Passt als Vorstufe zur Stirnwandaufgabe PX-K-022.";
PX-K-022;korrigiert;Themenpaket K-B;5;Ladungssicherung;mc;;"Unrealistische Blockierkraft (18.000 daN ≙ 36 t Nutzlast) durch den Normwert XL (50 % der Nutzlast) ersetzt; dadurch prüfungsnahe Beurteilung mit Lösungsweg (vgl. P-FT-20231120 Aufg. 1a). Fehlende w ergänzt; die Aufgabe steht ohne das gelöschte PX-K-021 für sich.";
PX-K-023;korrigiert;Themenpaket K-B;5;Ladungssicherung;mc→open;;"In prüfungsnahe offene Aufgabe umgewandelt (Prüfung fragt drei Nachteile); die MC-Distraktoren waren keine Nachteile, sondern falsche Aussagen, und hatten keine w.";
PX-K-030;korrigiert;Themenpaket K-B;5;Ladungssicherung;mc;;"Fehlende w ergänzt; Abhilfe ergänzt. Optionslängen angeglichen (richtige Option war auffällig länger).";
PX-K-037;korrigiert;Themenpaket K-B;5;Ladungssicherung;calc;;"Einheitenfehler im Rechenweg („80 % von 16.000 kg ergeben 12.800 daN“) korrigiert; Rechenannahmen in die Frage aufgenommen.";
K-LS-601;neu;Themenpaket K-B;5;Ladungssicherung;calc;;Lücke: Gesamtschwerpunkt der Ladung und Lastverteilungsplan (P-FT-20251111 Aufg. 2b);
K-LT-103;gelöscht;Themenpaket K-C;5;Ladungsträger und Verpackung;mc;Dublette;Dublette: Gitterboxpalette wird in K-LT-114 geprüft.;K-LT-114
K-LT-107;gelöscht;Querschnitt;5;Ladungsträger und Verpackung;mc;Dublette;Dublette zu R-UW-014 (MC: Grundpflichten beim Inverkehrbringen verpackter Waren – LUCID-Registrierung und Systembeteiligung). R-UW-014 ist vollständiger (Datenmeldung, Rücknahmepflicht für Transportverpackungen, PPWR/VerpackDG) und hat die plausibleren Distraktoren.;R-UW-014
K-LT-113;gelöscht;Themenpaket K-C;5;Ladungsträger und Verpackung;mc;Dublette;Dublette: Maße der Europalette werden in K-LT-101 geprüft.;K-LT-101
K-LT-115;gelöscht;Themenpaket K-C;5;Ladungsträger und Verpackung;mc;Dublette;"Dublette: Palettentausch Zug um Zug; wie im Dubletten-Durchgang (DUP-2) wird K-LT-104 behalten.";K-LT-104
K-LT-118;gelöscht;Themenpaket K-C;5;Ladungsträger und Verpackung;mc;Dublette;Dublette: Ladeeinheitenbildung wird in K-LT-105 geprüft.;K-LT-105
K-LT-119;gelöscht;Themenpaket K-C;5;Ladungsträger und Verpackung;mc;Dublette;Dublette: Wechselbrücke mit Stützbeinen wird in K-KV-106 geprüft.;K-KV-106
K-LT-120;gelöscht;Themenpaket K-C;5;Ladungsträger und Verpackung;mc;Dublette;"Dublette: LUCID-Registrierung; wie im Dubletten-Durchgang (DUP-2) wird K-LT-107 (Rechtsstand PPWR/VerpackDG) behalten; zudem veraltet (VerpackG seit 12.08.2026 abgelöst).";K-LT-107
K-LT-121;gelöscht;Themenpaket K-C;5;Ladungsträger und Verpackung;mc;nicht prüfungsrelevant / überholt;Nicht prüfungsrelevant: statische Stapellast der Europalette ist Randzahl (in der Erklärung von K-LT-102 erwähnt).;
K-LT-122;gelöscht;Themenpaket K-C;5;Ladungsträger und Verpackung;mc;nicht prüfungsrelevant / überholt;Nicht prüfungsrelevant: Regallast der Europalette ist Lager-Detailwissen ohne Prüfungsbezug.;
K-LT-123;gelöscht;Themenpaket K-C;5;Ladungsträger und Verpackung;mc;nicht prüfungsrelevant / überholt;Nicht prüfungsrelevant: Maß der Düsseldorfer Palette ist Randwissen (als Distraktor in K-LT-101 enthalten).;
K-LT-124;gelöscht;Themenpaket K-C;5;Ladungsträger und Verpackung;mc;Dublette;Dublette/Randzahl: Außenmaße der Gitterbox sind in K-LT-114 enthalten.;K-LT-114
K-LT-125;gelöscht;Themenpaket K-C;5;Ladungsträger und Verpackung;mc;Dublette;"Dublette: LUCID-Registrierung; wie im Dubletten-Durchgang (DUP-2) wird K-LT-107 (Rechtsstand PPWR/VerpackDG) behalten.";K-LT-107
K-LT-126;gelöscht;Themenpaket K-C;5;Ladungsträger und Verpackung;mc;Dublette;Dublette: Palettentausch Zug um Zug wird in K-LT-104 geprüft (im Dubletten-Durchgang behalten).;K-LT-104
K-LT-128;gelöscht;Themenpaket K-C;5;Ladungsträger und Verpackung;mc;nicht prüfungsrelevant / überholt;Nicht prüfungsrelevant: VDA-Kleinladungsträger sind branchenspezifisches Spezialwissen (Automobillogistik).;
K-GK-131;korrigiert + umsortiert;Themenpaket K-B / Querschnitt;5;Ladungsträger und Verpackung;calc;von Kraftverkehr/NT · Güterkraftverkehrsrecht;"Falsch einsortiert (kein Güterkraftverkehrsrecht) → Ladungsträger und Verpackung; reine Flächenrechnung durch Stellschema abgesichert. | Längs- und Querstellung waren in der Erklärung vertauscht (widersprach K-LT-109: Querstellung = 1,20-m-Seite quer zur Fahrtrichtung); Ergebnis 34 unverändert.";
K-LT-101;korrigiert;Themenpaket K-C;5;Ladungsträger und Verpackung;mc;;"Distraktoren ohne Begründung (w); Erklärung um Höhe und Stellplätze ergänzt.";
K-LT-102;korrigiert;Themenpaket K-C;5;Ladungsträger und Verpackung;mc;;"Distraktoren ohne Begründung (w); unklare Angabe („mittige, bewegte Last rund 1.000 kg“) aus der Erklärung entfernt.";
K-LT-104;korrigiert;Themenpaket K-C;5;Ladungsträger und Verpackung;mc;;Distraktoren ohne Begründung (w). Im Dubletten-Durchgang (DUP-2) behalten.;
K-LT-105;korrigiert;Themenpaket K-C / Optionslängen;5;Ladungsträger und Verpackung;mc;;"Distraktoren ohne Begründung (w). | Richtige Option gestrafft; Aufzählung Umschlag/Transport/Lagerung in die Erklärung";
K-LT-106;korrigiert;Variation zurückgeholt;5;Ladungsträger und Verpackung;mc;;"Variation: Vorteil genormter Großladeeinheiten (Blickwinkel Ladungsträger); der Ersatz K-KV-101 definiert den KV. Geschwister K-KV-115 bleibt gelöscht. Unplausible Distraktoren ersetzt, w ergänzt.";
K-LT-108;korrigiert;Themenpaket K-C;5;Ladungsträger und Verpackung;mc;;Distraktoren ohne Begründung (w).;
K-LT-114;korrigiert;Themenpaket K-C;5;Ladungsträger und Verpackung;mc;;"Distraktoren ohne Begründung (w); Erklärung um Tragfähigkeit ergänzt.";
K-LT-116;korrigiert;Themenpaket K-C / Optionslängen;5;Ladungsträger und Verpackung;mc;;"Firmenbezogene Frage (CHEP) neutral auf Mietpaletten eines Poolbetreibers umgestellt und auf die Handlung des Fahrers bezogen; Distraktoren mit w. | Abrechnung über den Pool aus der richtigen Option in die Erklärung verschoben";
K-LT-117;korrigiert;Variation zurückgeholt;5;Ladungsträger und Verpackung;mc;;"Variation zu K-LT-108: Beispiel erkennen und Einordnen in Verkaufs-/Um-/Transportverpackung statt Begriffsabgrenzung; Situation, w und Rechtsstand PPWR/VerpackDG ergänzt, Distraktor Serviceverpackung durch Versandverpackung ersetzt";
K-LT-601;neu;Themenpaket K-C;5;Ladungsträger und Verpackung;open;;Lücke: Palettenmanagement und Vermeidung von Palettenverlusten (Maßnahmenvorschläge zur Wirtschaftlichkeit wie P-OK-20251112 Aufg. 2c);
K-LR-101;gelöscht;Themenpaket K-B;5;Lenk- und Ruhezeiten;mc;Dublette;"Dublette (gleicher Wissenspunkt, gleiche Frageform): Tageslenkzeit 9 h; K-LR-123 fragt zusätzlich die Verlängerung ab (wie DUP-2).";K-LR-123
K-LR-102;gelöscht;Themenpaket K-B;5;Lenk- und Ruhezeiten;mc;Dublette;Dublette (gleicher Wissenspunkt, gleiche Frageform): Verlängerung auf 10 h zweimal pro Woche ist in K-LR-123 vollständig enthalten.;K-LR-123
K-LR-103;gelöscht;Themenpaket K-B;5;Lenk- und Ruhezeiten;mc;Dublette;Dublette (gleicher Wissenspunkt, gleiche Frageform): Fahrtunterbrechung nach 4,5 h / 45 min (wie DUP-2).;K-LR-126
K-LR-104;gelöscht;Themenpaket K-B;5;Lenk- und Ruhezeiten;mc;Dublette;Dublette (gleicher Wissenspunkt, gleiche Frageform): Aufteilung 15 + 30 min (wie DUP-2).;K-LR-127
K-LR-106;gelöscht;Themenpaket K-B;5;Lenk- und Ruhezeiten;mc;Dublette;Dublette (gleicher Wissenspunkt, gleiche Frageform): Reduzierung der Tagesruhezeit auf 9 h, höchstens dreimal (wie DUP-2).;K-LR-129
K-LR-107;gelöscht;Themenpaket K-B;5;Lenk- und Ruhezeiten;mc;Dublette;"Dublette (gleicher Wissenspunkt, gleiche Frageform): regelmäßige Wochenruhezeit 45 h; K-LR-130 fragt 45 h und 24 h gemeinsam ab.";K-LR-130
K-LR-108;gelöscht;Themenpaket K-B;5;Lenk- und Ruhezeiten;mc;Dublette;"Dublette (gleicher Wissenspunkt, gleiche Frageform): reduzierte Wochenruhezeit 24 h; in K-LR-130 enthalten.";K-LR-130
K-LR-109;gelöscht;Themenpaket K-B;5;Lenk- und Ruhezeiten;mc;Dublette;"Dublette (gleicher Wissenspunkt, gleiche Frageform): Doppelwochenlenkzeit 90 h; K-LR-125 mit Rechtsgrundlage (Art. 6 Abs. 3).";K-LR-125
K-LR-110;gelöscht;Themenpaket K-B;5;Lenk- und Ruhezeiten;mc;Dublette;Dublette (gleicher Wissenspunkt, gleiche Frageform): Wochenlenkzeit 56 h (wie DUP-2).;K-LR-124
K-LR-113;gelöscht;Themenpaket K-B;5;Lenk- und Ruhezeiten;mc;Dublette;"Dublette (gleicher Wissenspunkt, gleiche Frageform): Ausgleich der reduzierten Wochenruhezeit bis Ende der dritten Folgewoche; K-LR-131 mit Anhängen an 9-h-Ruhezeit.";K-LR-131
K-LR-117;gelöscht;Themenpaket K-B;5;Lenk- und Ruhezeiten;calc;nicht prüfungsrelevant / überholt;"Nicht prüfungsrelevant: reine Division 18 h ÷ 4,5 h; unrealistisch, weil 18 h Lenkzeit ohne Tagesruhezeit angenommen werden. Die Tourplanung mit Unterbrechungen ist in K-LR-118/K-LR-119 abgedeckt.";
K-LR-122;gelöscht;Themenpaket K-B;5;Lenk- und Ruhezeiten;calc;Dublette;Dublette (gleicher Wissenspunkt, gleiche Frageform): identische Zahlen wie K-LR-142 (48 h + 30 h, Rest 12 h), wie DUP-2.;K-LR-142
K-LR-128;gelöscht;Themenpaket K-B;5;Lenk- und Ruhezeiten;mc;Dublette;"Dublette (gleicher Wissenspunkt, gleiche Frageform): regelmäßige tägliche Ruhezeit 11 h; DUP-2 hat K-LR-105 als Referenz behalten und überarbeitet.";K-LR-105
K-LR-133;gelöscht;Themenpaket K-B;5;Lenk- und Ruhezeiten;mc;Dublette;"Dublette (gleicher Wissenspunkt, gleiche Frageform): FPersV 2,8–3,5 t; seit 1.7.2026 ungenau, weil nicht auf den nationalen Verkehr beschränkt (wie DUP-2).";K-LR-114
K-LR-136;gelöscht;Themenpaket K-B;5;Lenk- und Ruhezeiten;mc;Dublette;"Dublette (gleicher Wissenspunkt, gleiche Frageform): Handwerkerregelung; K-LR-136 nennt veraltet Art. 13/§ 18 FPersV statt Art. 3 Buchst. aa und hat keine w.";K-LR-146
K-LR-139;gelöscht;Themenpaket K-B;5;Lenk- und Ruhezeiten;calc;nicht prüfungsrelevant / überholt;Nicht prüfungsrelevant: reine Addition von Pausenminuten ohne rechtlichen Bezug.;
K-LR-150;gelöscht;Themenpaket K-B;5;Lenk- und Ruhezeiten;mc;Dublette;Dublette (gleicher Wissenspunkt, gleiche Frageform): Aufteilung der Fahrtunterbrechung 15 + 30 min, ohne w (wie DUP-2).;K-LR-127
K-LR-154;gelöscht;Themenpaket K-B;5;Lenk- und Ruhezeiten;calc;nicht prüfungsrelevant / überholt;"Nicht prüfungsrelevant: Summe von Lenkzeitabschnitten ohne Rechtsprüfung; die Angabe „vorgeschriebene“ Unterbrechungen nach 2,5 h und 2 h ist fachlich schief; Ersatzschreibungen.";
PX-K-047;gelöscht;Themenpaket K-B;5;Lenk- und Ruhezeiten;mc;Dublette;Dublette (gleicher Wissenspunkt, gleiche Frageform): Tageslenkzeit 9 h / zweimal 10 h (wie DUP-2).;K-LR-123
PX-K-048;gelöscht;Themenpaket K-B;5;Lenk- und Ruhezeiten;mc;Dublette;Dublette (gleicher Wissenspunkt, gleiche Frageform): Fahrtunterbrechung nach 4,5 h (wie DUP-2).;K-LR-126
PX-K-049;gelöscht;Themenpaket K-B;5;Lenk- und Ruhezeiten;mc;Dublette;Dublette (gleicher Wissenspunkt, gleiche Frageform): wöchentliche Ruhezeit 45 h / 24 h (wie DUP-2).;K-LR-130
K-LR-105;korrigiert;Dubletten;5;Lenk- und Ruhezeiten;mc;;Rechtsgrundlage in die Frage aufgenommen (Abgrenzung zur gleich langen Ruhezeit nach § 5 ArbZG), Aufteilung/Reduzierung und § 21a ArbZG ergänzt.;
K-LR-114;korrigiert;Dubletten;5;Lenk- und Ruhezeiten;mc;;"Rechtsstand 2026 (Mobilitätspaket): Seit 1.7.2026 gilt die VO (EG) 561/2006 im grenzüberschreitenden Verkehr und bei Kabotage schon ab 2,5 t; w zu „ab 1,5 t“ war dadurch zu pauschal. Erklärung und w angepasst.";
K-LR-115;korrigiert;Dubletten;5;Lenk- und Ruhezeiten;calc;;"Fachlicher Fehler im Szenario: 5,5 h Lenkzeit „bis zur Mittagspause“ wären ohne vorherige Fahrtunterbrechung ein Verstoß gegen Art. 7 VO (EG) 561/2006; Fragetext angepasst, Hinweis ergänzt.";
K-LR-121;korrigiert;Dubletten;5;Lenk- und Ruhezeiten;calc;;Hinweis auf das Wochenmaximum von 56 h aus K-LR-153 ergänzt.;
K-LR-124;korrigiert;Dubletten;5;Lenk- und Ruhezeiten;mc;;Merkhilfe aus K-LR-110 und Doppelwochengrenze ergänzt.;
K-LR-130;korrigiert;Dubletten;5;Lenk- und Ruhezeiten;mc;;Erklärung um die Regeln nach dem Mobilitätspaket ergänzt (Ausgleich, Verbot der regelmäßigen Wochenruhezeit im Fahrzeug).;
K-LR-131;korrigiert;Themenpaket K-B;5;Lenk- und Ruhezeiten;mc;;Rechtsgrundlage präzisiert: Anhängen an eine 9-h-Ruhezeit steht in Art. 8 Abs. 7, nicht Abs. 6.;
K-LR-132;korrigiert;Themenpaket K-B;5;Lenk- und Ruhezeiten;mc;;"Rechtsstand 1.7.2026 ergänzt (2,5 t grenzüberschreitend); Frage auf den Inlandsverkehr eingegrenzt, Distraktor 12 t durch den lehrreicheren Wert 2,5 t ersetzt.";
K-LR-134;korrigiert;Themenpaket K-B;5;Lenk- und Ruhezeiten;mc;;"Widersprüchliches w („bis zum 31.12.2024 … seit dem 31.12.2024“) bereinigt; Rechtsgrundlage Art. 36 VO (EU) 165/2014 ergänzt.";
K-LR-135;korrigiert;Themenpaket K-B;5;Lenk- und Ruhezeiten;mc;;"Rechtsgrundlage korrigiert (§ 4 FPersV, VO (EU) 165/2014 statt Art. 10 Abs. 5 VO 561/2006); Abgrenzung zur zweijährigen Aufbewahrung nach § 21a Abs. 7 ArbZG ergänzt.";
K-LR-137;korrigiert;Variation zurückgeholt;5;Lenk- und Ruhezeiten;calc;;"Variation zu K-LR-116 (Restlenkzeit am Tag), abgewandelt: Verlängerung schon zweimal genutzt, die Regel 9 h / zweimal 10 h muss selbst angewendet werden; Pausenverstoß im Szenario beseitigt, Rundungsvorgabe ergänzt";
K-LR-143;korrigiert;Themenpaket K-B;5;Lenk- und Ruhezeiten;mc;;Fehlende w ergänzt.;
K-LR-144;korrigiert;Themenpaket K-B;5;Lenk- und Ruhezeiten;mc;;"Fehlende w ergänzt; Erklärung um die Regel des Mobilitätspakets für Wochenruhezeiten ergänzt.";
K-LR-145;korrigiert;Themenpaket K-B;5;Lenk- und Ruhezeiten;mc;;"Fehlende w ergänzt; Erklärung präzisiert.";
K-LR-146;korrigiert;Themenpaket K-B;5;Lenk- und Ruhezeiten;mc;;"Fehlende w ergänzt; Erklärung um die Auslieferung handwerklich hergestellter Güter ergänzt.";
K-LR-147;korrigiert;Themenpaket K-B;5;Lenk- und Ruhezeiten;mc;;"Fehlende w ergänzt; Frage auf den Unternehmer eingegrenzt (5.000 € gilt für die übrigen Fälle); Absatzangabe ohne Gewähr entfernt.";
K-LR-148;korrigiert;Themenpaket K-B;5;Lenk- und Ruhezeiten;mc;;"Fehlende w ergänzt; Tippfehler „Lenkraddsymbol“ korrigiert, Rechtsgrundlage ergänzt.";
K-LR-149;korrigiert;Themenpaket K-B;5;Lenk- und Ruhezeiten;mc;;Fehlende w ergänzt.;
K-LR-151;korrigiert;Themenpaket K-B;5;Lenk- und Ruhezeiten;calc;;"Ersatzschreibung „zulaessige“ korrigiert; Frage praxisnah umformuliert (Restlenkzeit des Fahrzeugs), Regeln des Mehrfahrerbetriebs ergänzt.";
K-LR-152;korrigiert;Dubletten;5;Lenk- und Ruhezeiten;calc;;Ersatzschreibungen (regelmaessig, woechentlich, zusammenhaengend) durch Umlaute ersetzt, Einheit vereinheitlicht, Anschluss an eine Ruhezeit von mindestens 9 h (Art. 8 Abs. 7) ergänzt.;
K-LR-153;korrigiert;Variation zurückgeholt;5;Lenk- und Ruhezeiten;calc;;"Variation zu K-LR-121/K-LR-142 (Doppelwoche), abgewandelt: hier greift die Wochengrenze von 56 h, beide Grenzen müssen geprüft werden; echte Umlaute, Rundungsvorgabe";
K-LR-155;korrigiert;Themenpaket K-B;5;Lenk- und Ruhezeiten;calc;;"Ersatzschreibungen und Tippfehler („tuegliche“, „hoechstzulaessige“, „betraegt“) korrigiert; Einheit vereinheitlicht.";
K-LR-156;korrigiert;Variation zurückgeholt;5;Lenk- und Ruhezeiten;calc;;"Variation zu K-LR-119/K-LR-118 (Lenkzeit plus Unterbrechungen), abgewandelt: die Zahl der vorgeschriebenen Unterbrechungen muss selbst bestimmt werden (beseitigt die Unschärfe der zweiten Pause bei 9 h); echte Umlaute, Rundungsvorgabe";
PX-K-017;korrigiert;Themenpaket K-B;5;Lenk- und Ruhezeiten;mc;;"Fehlende w ergänzt; Rechtsgrundlage und Abgrenzung zur reduzierten Wochenruhezeit ergänzt.";
PX-K-018;korrigiert;Themenpaket K-B;5;Lenk- und Ruhezeiten;mc;;"Fehlende w ergänzt; Frage und Erklärung präzisiert (Nachweispflicht des Unternehmens).";
PX-K-019;korrigiert;Themenpaket K-B;5;Lenk- und Ruhezeiten;mc;;"Rechtsstand 2026: Mit dem Smart Tacho 2 (Nachrüstpflicht im grenzüberschreitenden Verkehr bis 18.8.2025) wird der Grenzübertritt automatisch erfasst; die bisherige „richtige“ Antwort gilt nur noch für Altgeräte. Fehlende w ergänzt.";
PX-K-024;korrigiert;Themenpaket K-B;5;Lenk- und Ruhezeiten;mc;;"Fehlende w ergänzt; Speicherpflicht ergänzt.";
PX-K-025;korrigiert;Themenpaket K-B;5;Lenk- und Ruhezeiten;mc→open;;"In prüfungsnahe offene Aufgabe umgewandelt (Prüfung fragt vier Rechtsgrundlagen); die MC-Fassung ohne w prüfte nur eine einzige Vorschrift gegen abwegige Distraktoren.";
PX-K-035;korrigiert;Themenpaket K-B;5;Lenk- und Ruhezeiten;mc;;"Fehlende w ergänzt; gesetzliche Vorgaben ergänzt (Prüfungsbezug P-FT-20251111 Aufg. 1a).";
PX-K-036;korrigiert;Themenpaket K-B / Querschnitt;5;Lenk- und Ruhezeiten;mc→open;;"In prüfungsnahe offene Aufgabe umgewandelt (Prüfung fragt Inhalt und vier Unternehmerpflichten); MC hatte keine w und abwegige Distraktoren. | Pflicht zur Überwachung der Fahrerkarten aus der gelöschten Dublette K-DG-602 übernommen";
K-LR-601;neu;Themenpaket K-B;5;Lenk- und Ruhezeiten;open;;Lücke: Begriffe Lenkzeit, Arbeitszeit, Bereitschaftszeit mit Merkmalen (P-FT-20251111 Aufg. 1b);
K-LR-602;neu;Themenpaket K-B;5;Lenk- und Ruhezeiten;open;;Lücke: Maßnahmen zur gesetzeskonformen Umsetzung der Lenk- und Ruhezeiten (P-FT-20231120 Aufg. 2b, P-OK-20221115 Aufg. 1a, P-OK-20260507 Aufg. 2b);
K-LR-603;neu;Themenpaket K-B;5;Lenk- und Ruhezeiten;open;;Lücke: Beurteilung festgestellter Verstöße gegen Lenk- und Ruhezeiten und wirtschaftliche Folgen (P-OK-20260507 Aufg. 2a und 2c);
K-LR-604;neu;Themenpaket K-B;5;Lenk- und Ruhezeiten;calc;;Lücke: Arbeitszeit des Fahrpersonals nach § 21a ArbZG als Rechenaufgabe (P-FT-20231120 Aufg. 2b/2c, P-FT-20251111 Aufg. 1b);
K-LR-605;neu;Themenpaket K-B;5;Lenk- und Ruhezeiten;mc;;Lücke: Rechtsstand 2026 – Lenk- und Ruhezeiten, Fahrtenschreiber und Lizenz für leichte Nutzfahrzeuge über 2,5 t im grenzüberschreitenden Verkehr (vgl. P-FT-20251111 Aufg. 1c);
K-MA-110;gelöscht;Themenpaket K-B;5;Maut und Wegekosten;mc;nicht prüfungsrelevant / überholt;Randwissen: Mautbefreiung land-/forstwirtschaftlicher Fahrzeuge ohne Bezug zum gewerblichen Güterkraftverkehr und zur Prüfung.;
K-MA-119;gelöscht;Themenpaket K-B;5;Maut und Wegekosten;mc;Dublette;Dublette (gleicher Wissenspunkt, gleiche Frageform): Mautpflicht über 3,5 t seit 1.7.2024 (wie DUP-2).;K-MA-103
K-MA-121;gelöscht;Themenpaket K-B;5;Maut und Wegekosten;mc;Dublette;Dublette (gleicher Wissenspunkt, gleiche Frageform): CO₂-Preis 200 €/t (wie DUP-2).;K-MA-104
K-MA-122;gelöscht;Themenpaket K-B;5;Maut und Wegekosten;mc;Dublette;Dublette (gleicher Wissenspunkt, gleiche Frageform): Betreiber des Mautsystems Toll Collect (wie DUP-2).;K-MA-101
K-MA-128;gelöscht;Themenpaket K-B;5;Maut und Wegekosten;calc;fachlich unbrauchbar, trivial oder nicht lösbar;Fachlich unrettbar: Der CO₂-Anteil der Maut ist kein prozentualer Aufschlag auf eine „Grundmaut“, sondern ein eigener Teilmautsatz je km nach CO₂-Klasse (richtig in K-MA-114).;K-MA-114
K-MA-132;gelöscht;Themenpaket K-B;5;Maut und Wegekosten;calc;Rechenvorlage mehrfach;"Vorlage „Maut = km × Satz“ mehrfach; CO₂-Teilsatz ist bereits in K-MA-114 enthalten.";K-MA-114
K-MA-134;gelöscht;Themenpaket K-B;5;Maut und Wegekosten;calc;Rechenvorlage mehrfach;"Dublette (gleicher Wissenspunkt, gleiche Frageform): identische Zahlen (480 € / 24 t) wie K-MA-116; Vorlage „Maut je Einheit“.";K-MA-129
K-FP-135;korrigiert + umsortiert;Variation zurückgeholt;5;Maut und Wegekosten;calc;von Kraftverkehr/NT · Fuhrparkmanagement;"Variation (Mautkosten) mit anderen Zahlen und Jahresbetrachtung (Ersatz K-MA-125: Einzelstrecke); nach „Maut und Wegekosten“ umsortiert, EUR durch €, Rundungsvorgabe ergänzt.";
K-MA-103;korrigiert;Dubletten;5;Maut und Wegekosten;mc;;Erklärung um die Entwicklung der Mautgrenze und die Handwerkerausnahme (aus K-MA-119) ergänzt.;
K-MA-109;korrigiert;Themenpaket K-B;5;Maut und Wegekosten;mc;;Grenzwert korrigiert (unter 7,5 t, nicht „bis 7,5 t“) und Voraussetzungen präzisiert (per Websuche geprüft). Optionslängen angeglichen (richtige Option war auffällig länger).;
K-MA-111;korrigiert;Themenpaket K-B;5;Maut und Wegekosten;mc;;"Rechtsstand 2026 falsch: Die Mautbefreiung für emissionsfreie Lkw wurde bis 30.6.2031 verlängert (keine 25-%-Ermäßigung ab 2026); per Websuche geprüft.";
K-MA-113;korrigiert;Variation zurückgeholt;5;Maut und Wegekosten;calc;;"Variation zu K-MA-125 (Maut = Strecke × Satz), abgewandelt: mautpflichtige und mautfreie Straßen müssen unterschieden werden; Ersatzschreibungen beseitigt, Rundungsvorgabe ergänzt";
K-MA-114;korrigiert;Themenpaket K-B;5;Maut und Wegekosten;calc;;"Ersatzschreibungen (faehrt, fuer) korrigiert; Teilsätze fachlich richtig benannt (CO₂-Teilsatz statt „Zuschlag“).";
K-MA-115;korrigiert;Variation zurückgeholt;5;Maut und Wegekosten;calc;;"Variation zu K-MA-126 (Mautanteil), zweistufig abgewandelt: Maut erst aus Strecke und Satz berechnen, dann Anteil an den Gesamtkosten (richtige Bezugsgröße); Ersatzschreibungen beseitigt, Rundungsvorgabe ergänzt";
K-MA-116;korrigiert;Variation zurückgeholt;5;Maut und Wegekosten;calc;;"Variation zu K-MA-129 (Maut je Tonne) mit anderen Zahlen; Ersatzschreibungen beseitigt, Rundungsvorgabe ergänzt (K-MA-134 mit identischen Zahlen bleibt gelöscht)";
K-MA-117;korrigiert;Themenpaket K-B;5;Maut und Wegekosten;calc;;"Ersatzschreibungen (emissionsaermere, gegenueber) korrigiert; CO₂-Klassenbezug ergänzt.";
K-MA-118;korrigiert;Variation zurückgeholt;5;Maut und Wegekosten;calc;;"Variation zu K-MA-130/K-MA-133 (Jahresmaut): Rechnung über Tagesleistung und Einsatztage für ein einzelnes Fahrzeug; Ersatzschreibungen beseitigt, Rundungsvorgabe ergänzt";
K-MA-120;korrigiert;Variation zurückgeholt;5;Maut und Wegekosten;mc;;"Variation zu K-MA-105/K-MA-106: Blickwinkel Fahrzeugeinstufung (welche Merkmale bestimmen den Satz) statt Aufzählung der Teilsätze; CO₂-Emissionsklasse ergänzt (BALM: Teilsätze und Merkmale), abwegige Distraktoren ersetzt, w ergänzt";
K-MA-123;korrigiert;Themenpaket K-B;5;Maut und Wegekosten;mc;;"Fehlende w ergänzt; Rechtsgrundlage ergänzt.";
K-MA-124;korrigiert;Themenpaket K-B;5;Maut und Wegekosten;mc;;"Abwegige Distraktoren („kostenlose Nutzung aller Autobahnen“) durch plausible ersetzt; w ergänzt. Optionslängen angeglichen (richtige Option war auffällig länger).";
K-MA-131;korrigiert;Variation zurückgeholt;5;Maut und Wegekosten;calc;;"Variation zu K-MA-125 als Rückwärtsrechnung (gesucht ist der Mautsatz statt des Mautbetrags); unvollständigen Satz („der Mautkategorie“) behoben, Rundungsvorgabe ergänzt";
K-MA-133;korrigiert;Themenpaket K-B;5;Maut und Wegekosten;calc;;Schreibweise „LKW“ → „Lkw“ (einheitlicher Fachbegriff).;
K-MA-135;korrigiert;Variation zurückgeholt;5;Maut und Wegekosten;calc;;"Variation zu K-MA-127 mit anderen Zahlen (Mehrkosten 5- gegenüber 4-Achser); Fahrzeugangaben präzisiert, Rundungsvorgabe ergänzt";
K-MA-136;korrigiert;Variation zurückgeholt;5;Maut und Wegekosten;calc;;"Variation zu K-MA-129 (Maut je Einheit): Bezugsgröße Palette statt Tonne, abgewandelt zur Umlage auf einen Kunden (Dreisatz); Rundungsvorgabe ergänzt";
K-MA-601;neu;Themenpaket K-B;5;Maut und Wegekosten;calc;;Lücke: Maut als variable Kostenposition mit mautpflichtigem Streckenanteil und aktuellem Mautsatz 2026 (P-OK-20250508 Aufg. 4, P-OK-20210518 Aufg. 1c);
K-MA-602;neu;Themenpaket K-B;5;Maut und Wegekosten;open;;Lücke: Anwendung von Mautpflicht und Befreiungen (Maut ab 3,5 t, Handwerkerausnahme, E-Lkw bis 30.6.2031) an Fallbeispielen;
PX-K-059;gelöscht;Themenpaket K-A;5;Naturwissenschaftliche und technische Grundlagen;calc;fachlich unbrauchbar, trivial oder nicht lösbar;"nicht eigenständig lösbar (setzt Werte aus PX-K-056/-058 voraus), bloße Differenz zweier vorgegebener Werte; Aussage in die Erklärung von PX-K-058 übernommen";PX-K-058
PX-K-084;gelöscht;Themenpaket K-A;5;Naturwissenschaftliche und technische Grundlagen;calc;fachlich unbrauchbar, trivial oder nicht lösbar;"trivial (Subtraktion zweier vorgegebener Werte); die eigentliche Prüfungsleistung – Ablesen der NTC-Kennlinie – ist so nicht abbildbar; NTC-Verhalten in PX-K-086/-114 abgedeckt";PX-K-086
PX-K-107;gelöscht;Themenpaket K-A;5;Naturwissenschaftliche und technische Grundlagen;mc;Dublette;Dublette zu PX-K-115 (CO₂-haltiges Regenwasser löst Kalk aus dem Boden);PX-K-115
PX-K-108;gelöscht;Themenpaket K-A;5;Naturwissenschaftliche und technische Grundlagen;mc;Dublette;Dublette zu PX-K-157 (Kesselstein als Folge harten Wassers);PX-K-157
PX-K-116;gelöscht;Themenpaket K-A;5;Naturwissenschaftliche und technische Grundlagen;mc;Dublette;Dublette zu PX-K-157 (Folgen harten Wassers: Kesselstein, höherer Energiebedarf);PX-K-157
PX-K-139;gelöscht;Themenpaket K-A;5;Naturwissenschaftliche und technische Grundlagen;calc;Dublette;"Dublette zu PX-K-232 (gleicher Ampel-Fall); zudem falsch gerundet (38,34 statt 38,33 m)";PX-K-232
PX-K-170;gelöscht;Themenpaket K-A;5;Naturwissenschaftliche und technische Grundlagen;calc;Dublette;Dublette zu PX-K-105 (identische Aufgabe: 36.000 N auf 4,79 cm² bzw. 479 mm²);PX-K-105
PX-K-256;gelöscht;Themenpaket K-A;5;Naturwissenschaftliche und technische Grundlagen;calc;Dublette;Dublette zu PX-K-135 (gleiche Messreihe Rautiefe), zudem trivial (Summe vorgegeben);PX-K-135
PX-K-051;korrigiert;Themenpaket K-A;5;Naturwissenschaftliche und technische Grundlagen;mc;;Distraktoren ohne Begründung – w ergänzt;
PX-K-052;korrigiert;Themenpaket K-A / Optionslängen;5;Naturwissenschaftliche und technische Grundlagen;mc;;"Distraktoren ohne Begründung – w ergänzt | Richtige Option gestrafft (Sauerstoffübertragung in der Erklärung); Absolutwörter bei Distraktoren entfernt";
PX-K-053;korrigiert;Themenpaket K-A;5;Naturwissenschaftliche und technische Grundlagen;mc;;Distraktoren ohne Begründung – w ergänzt;
PX-K-054;korrigiert;Themenpaket K-A;5;Naturwissenschaftliche und technische Grundlagen;mc→open;;"Verneinungsfalle („NICHT“) beseitigt; als offene Nennaufgabe wie NT 2025-11 Aufg. 1d gestaltet";
PX-K-057;korrigiert;Variation zurückgeholt;5;Naturwissenschaftliche und technische Grundlagen;calc;;"Variation zu PX-K-056 (Hangabtrieb g · sin α): andere gesuchte Größe (Normalkomponente, cos α) in eigenständiger Situation mit Kraft statt Beschleunigung, nicht mehr bloßer Zwischenschritt von PX-K-058; sin und cos vorgegeben, damit die Wahl der richtigen Komponente geübt wird und die Toleranz passt";
PX-K-058;korrigiert;Themenpaket K-A;5;Naturwissenschaftliche und technische Grundlagen;calc;;"Begriff „Beschleunigung“ mehrdeutig (Antriebs- oder Fahrzeugbeschleunigung), Geometrie präzisiert, Rundungsvorgabe ergänzt; nimmt den Inhalt von PX-K-057/-059 auf";
PX-K-060;korrigiert;Themenpaket K-A;5;Naturwissenschaftliche und technische Grundlagen;mc;;nicht eigenständig („Dasselbe Fahrzeug“), Schwerpunktänderung eindeutig gemacht, w ergänzt;
PX-K-061;korrigiert;Themenpaket K-A;5;Naturwissenschaftliche und technische Grundlagen;calc;;Rechenweg methodisch ungenau (Näherung 1 − γ · ΔT statt Division, „genau“ traf nicht zu), Rundungsvorgabe ergänzt;
PX-K-063;korrigiert;Themenpaket K-A;5;Naturwissenschaftliche und technische Grundlagen;calc;;Scheinleistung (kVA) ohne Leistungsfaktor als Wirkleistung verwendet – Angabe cos φ = 1 ergänzt;
PX-K-064;korrigiert;Themenpaket K-A;5;Naturwissenschaftliche und technische Grundlagen;calc;;Rundungsvorgabe fehlte (Ergebnis nicht ganzzahlig) – ergänzt;
PX-K-065;korrigiert;Themenpaket K-A;5;Naturwissenschaftliche und technische Grundlagen;calc;;Rundungsvorgabe fehlte (Ergebnis nicht ganzzahlig) – ergänzt;
PX-K-066;korrigiert;Themenpaket K-A;5;Naturwissenschaftliche und technische Grundlagen;calc;;Rundungsvorgabe fehlte (Ergebnis nicht ganzzahlig) – ergänzt;
PX-K-070;korrigiert;Themenpaket K-A;5;Naturwissenschaftliche und technische Grundlagen;calc;;nicht eigenständig lösbar („In derselben Schaltung“, Schaltungsaufbau fehlte);
PX-K-071;korrigiert;Themenpaket K-A / Optionslängen;5;Naturwissenschaftliche und technische Grundlagen;mc;;"Distraktoren ohne Begründung – w ergänzt | Zuordnung Base/Säure mit Stoffnamen aus der richtigen Option in die Erklärung; kurze Distraktoren verlängert, „immer“ entfernt";
PX-K-072;korrigiert;Themenpaket K-A;5;Naturwissenschaftliche und technische Grundlagen;mc;;Distraktoren teils abwegig („erstarrt“), Situationsbezug ergänzt, w ergänzt;
PX-K-073;korrigiert;Themenpaket K-A;5;Naturwissenschaftliche und technische Grundlagen;mc;;Distraktoren ohne Begründung – w ergänzt;
PX-K-075;korrigiert;Themenpaket K-A;5;Naturwissenschaftliche und technische Grundlagen;calc;;Rundungsvorgabe fehlte (Ergebnis nicht ganzzahlig) – ergänzt;
PX-K-078;korrigiert;Themenpaket K-A;5;Naturwissenschaftliche und technische Grundlagen;calc;;"Genauigkeitsvorgabe praxisfern: übliche Rundung von √3, cos 30° o. Ä. führt sonst zu falscher Wertung; sinnvolle Einheit bzw. Rundung vorgegeben; Rechenweg inkonsistent (mit 0,866 ergäben sich 75.519,63 N)";
PX-K-086;korrigiert;Themenpaket K-A;5;Naturwissenschaftliche und technische Grundlagen;mc;;Distraktoren ohne Begründung – w ergänzt;
PX-K-087;korrigiert;Themenpaket K-A;5;Naturwissenschaftliche und technische Grundlagen;mc;;Distraktoren ohne Begründung – w ergänzt;
PX-K-088;korrigiert;Themenpaket K-A;5;Naturwissenschaftliche und technische Grundlagen;calc;;Rundungsvorgabe ergänzt, Rechenweg korrigiert (230 V · 3,29 A ergäbe 757 W);
PX-K-089;korrigiert;Themenpaket K-A / Zusammenführung;5;Naturwissenschaftliche und technische Grundlagen;calc;;"Vorgabe, mit gerundetem Zwischenwert zu rechnen, verfälscht das Ergebnis (285 statt 286 W) | Widerspruch 286 W (Paket) / 285 W (Dublette, gerundeter Strom): beibehalten ist das genaue Ergebnis 286 W; „ohne gerundete Zwischenwerte“ jetzt in der Frage, weil die App mit 0,01 Toleranz wertet und 285 W sonst unangekündigt falsch wäre. Bezug auf „vier Leistungsstufen“, die in der Frage fehlen, ersetzt (Dublettenfassung)";
PX-K-092;korrigiert;Themenpaket K-A / Optionslängen;5;Naturwissenschaftliche und technische Grundlagen;mc;;"Distraktoren ohne Begründung – w ergänzt | Fachbegriff „zweiwertig positiv geladene Ionen“ aus der richtigen Option in die Erklärung; kurze Distraktoren gleich gebaut";
PX-K-093;korrigiert;Themenpaket K-A / Optionslängen;5;Naturwissenschaftliche und technische Grundlagen;mc;;Distraktoren ohne Begründung – w ergänzt | Erläuterung (Kesselstein, permanente Härte bleibt) aus der richtigen Option gestrichen, steht in der Erklärung;
PX-K-095;korrigiert;Themenpaket K-A;5;Naturwissenschaftliche und technische Grundlagen;calc;;Rundungsvorgabe fehlte (Ergebnis nicht ganzzahlig) – ergänzt;
PX-K-096;korrigiert;Themenpaket K-A;5;Naturwissenschaftliche und technische Grundlagen;calc;;Bezugspunkt der Hebelarme fehlte (nicht eindeutig lösbar), Rundungsvorgabe ergänzt;
PX-K-097;korrigiert;Themenpaket K-A;5;Naturwissenschaftliche und technische Grundlagen;calc;;Rundungsvorgabe fehlte (Ergebnis nicht ganzzahlig) – ergänzt;
PX-K-098;korrigiert;Themenpaket K-A;5;Naturwissenschaftliche und technische Grundlagen;calc;;Rundungsvorgabe ergänzt, Einheit 1/K;
PX-K-099;korrigiert;Themenpaket K-A;5;Naturwissenschaftliche und technische Grundlagen;mc;;"Distraktoren ohne Begründung – w ergänzt; Beispiel in der Erklärung eigenständig formuliert";
PX-K-100;korrigiert;Themenpaket K-A;5;Naturwissenschaftliche und technische Grundlagen;mc;;Distraktoren ohne Begründung – w ergänzt;
PX-K-101;korrigiert;Themenpaket K-A;5;Naturwissenschaftliche und technische Grundlagen;mc→open;;"als MC nahezu dublett zu PX-K-229 (allgemeine Neutralisationsgleichung); zu offener Aufgabe mit Reaktionsgleichung umgebaut (NT 2023-11 Aufg. 1c)";
PX-K-104;korrigiert;Themenpaket K-A;5;Naturwissenschaftliche und technische Grundlagen;calc;;Rundungsvorgabe fehlte (Ergebnis nicht ganzzahlig) – ergänzt;
PX-K-105;korrigiert;Themenpaket K-A / Zusammenführung;5;Naturwissenschaftliche und technische Grundlagen;calc;;"Rundungsvorgabe fehlte (Ergebnis nicht ganzzahlig) – ergänzt; ersetzt die Dublette PX-K-170 | Hinweis aus PX-K-170 (Spannung unabhängig von der Profillänge) aus der Dublettenfassung ergänzt";
PX-K-106;korrigiert;Themenpaket K-A;5;Naturwissenschaftliche und technische Grundlagen;mc;;"richtige Option ließ die wichtigste PSA (Augenschutz) weg; Distraktoren mit w";
PX-K-109;korrigiert;Themenpaket K-A / Optionslängen;5;Naturwissenschaftliche und technische Grundlagen;mc;;"Distraktoren ohne Begründung – w ergänzt | Richtige Option gestrafft; Wirkprinzip (Abgabe gebundener Ionen) in der Erklärung";
PX-K-110;korrigiert;Themenpaket K-A;5;Naturwissenschaftliche und technische Grundlagen;calc;;Rundungsvorgabe fehlte (Ergebnis nicht ganzzahlig) – ergänzt;
PX-K-113;korrigiert;Themenpaket K-A;5;Naturwissenschaftliche und technische Grundlagen;calc;;Rundungsvorgabe fehlte (Ergebnis nicht ganzzahlig) – ergänzt;
PX-K-114;korrigiert;Themenpaket K-A;5;Naturwissenschaftliche und technische Grundlagen;mc;;Distraktoren ohne Begründung – w ergänzt;
PX-K-115;korrigiert;Themenpaket K-A / Optionslängen;5;Naturwissenschaftliche und technische Grundlagen;mc;;"Distraktoren ohne Begründung – w ergänzt; ersetzt die Dublette PX-K-107 | Richtige Option gekürzt und wie die Distraktoren gebaut („Durch …“); Reaktionsweg in der Erklärung";
PX-K-117;korrigiert;Themenpaket K-A;5;Naturwissenschaftliche und technische Grundlagen;calc;;"unscharf: „Reibkraft 90 N“ eines ruhenden Körpers wäre die Hangabtriebskraft (dann FG = 755 N); als maximale Haftreibungskraft präzisiert, Rundungsvorgabe ergänzt";
PX-K-118;korrigiert;Themenpaket K-A;5;Naturwissenschaftliche und technische Grundlagen;calc;;"Rundungsvorgabe fehlte (Ergebnis nicht ganzzahlig) – ergänzt; Begriff Haftreibungszahl";
PX-K-120;korrigiert;Themenpaket K-A;5;Naturwissenschaftliche und technische Grundlagen;calc;;"Genauigkeitsvorgabe praxisfern: übliche Rundung von √3, cos 30° o. Ä. führt sonst zu falscher Wertung; sinnvolle Einheit bzw. Rundung vorgegeben";
PX-K-121;korrigiert;Themenpaket K-A;5;Naturwissenschaftliche und technische Grundlagen;calc;;Rundungsvorgabe fehlte (Ergebnis nicht ganzzahlig) – ergänzt;
PX-K-122;korrigiert;Themenpaket K-A / Optionslängen;5;Naturwissenschaftliche und technische Grundlagen;mc;;"Distraktoren ohne Begründung – w ergänzt | Richtige Option gestrafft („oder verdünnt“ in der Erklärung); „ausschließlich“ beim Distraktor entfernt";
PX-K-123;korrigiert;Themenpaket K-A / Optionslängen;5;Naturwissenschaftliche und technische Grundlagen;mc;;"Distraktoren ohne Begründung – w ergänzt | Werkstoffauswahl und Beispiele aus der richtigen Option in die Erklärung; „jede“ beim Distraktor entfernt";
PX-K-124;korrigiert;Themenpaket K-A;5;Naturwissenschaftliche und technische Grundlagen;calc;;"physikalisch unklar (in einem geschlossenen Hydrauliksystem herrscht überall derselbe Druck); Druckübersetzer eindeutig beschrieben, Rundungsvorgabe ergänzt";
PX-K-126;korrigiert;Themenpaket K-A / Optionslängen;5;Naturwissenschaftliche und technische Grundlagen;mc;;"Distraktoren ohne Begründung – w ergänzt | Chloride und Sulfate aus der richtigen Option in die Erklärung; „Ausschließlich“ beim Distraktor entfernt";
PX-K-127;korrigiert;Themenpaket K-A / Optionslängen;5;Naturwissenschaftliche und technische Grundlagen;mc;;"Distraktoren ohne Begründung – w ergänzt | Richtige Option gestrafft (Lösen im Wasser der Atmosphäre in der Erklärung); „nur“ beim Distraktor entfernt, kurzen Distraktor gleich gebaut";
PX-K-128;korrigiert;Themenpaket K-A;5;Naturwissenschaftliche und technische Grundlagen;mc;;Distraktoren ohne Begründung – w ergänzt;
PX-K-131;korrigiert;Themenpaket K-A;5;Naturwissenschaftliche und technische Grundlagen;calc;;"Genauigkeitsvorgabe praxisfern: übliche Rundung von √3, cos 30° o. Ä. führt sonst zu falscher Wertung; sinnvolle Einheit bzw. Rundung vorgegeben";
PX-K-136;korrigiert;Themenpaket K-A;5;Naturwissenschaftliche und technische Grundlagen;mc→open;;"als MC inhaltlich dublett zu PX-K-200 (unedleres Metall löst sich auf); zu offener Aufgabe „Kontaktkorrosion an einem Beispiel erklären“ mit Fahrzeugbezug umgebaut (NT 2021-05 Aufg. 1c, NT 2018-05 Aufg. 1a)";
PX-K-138;korrigiert;Themenpaket K-A;5;Naturwissenschaftliche und technische Grundlagen;calc;;"mehrdeutig („zwischen zwei 25 m langen Stahlschienen“ – dehnen sich beide in die Fuge aus?); wie PX-K-137 auf eine Schiene präzisiert";
PX-K-140;korrigiert;Themenpaket K-A;5;Naturwissenschaftliche und technische Grundlagen;calc;;Rundungsvorgabe fehlte (Ergebnis nicht ganzzahlig) – ergänzt;
PX-K-144;korrigiert;Themenpaket K-A;5;Naturwissenschaftliche und technische Grundlagen;mc;;Distraktoren ohne Begründung – w ergänzt;
PX-K-147;korrigiert;Themenpaket K-A / Optionslängen;5;Naturwissenschaftliche und technische Grundlagen;mc;;"Distraktoren ohne Begründung – w ergänzt; Erklärung auf die Frage bezogen | Richtige Option gestrafft (Normpotenzial in der Erklärung); Distraktoren verlängert";
PX-K-157;korrigiert;Themenpaket K-A;5;Naturwissenschaftliche und technische Grundlagen;mc;;"richtige Option deutlich länger als die Distraktoren (Hinweis im Wortlaut), w ergänzt; ersetzt die Dubletten PX-K-108/-116";
PX-K-167;korrigiert;Themenpaket K-A;5;Naturwissenschaftliche und technische Grundlagen;mc;;Distraktoren ohne Begründung – w ergänzt;
PX-K-168;korrigiert;Themenpaket K-A;5;Naturwissenschaftliche und technische Grundlagen;mc→open;;"MC mit Sammelantwort; zu prüfungsnaher Nennaufgabe mit Kraftverkehrsbezug umgebaut (NT 2019-11 Aufg. 1b/1c)";
PX-K-169;korrigiert;Themenpaket K-A;5;Naturwissenschaftliche und technische Grundlagen;mc;;Distraktoren ohne Begründung – w ergänzt;
PX-K-175;korrigiert;Themenpaket K-A;5;Naturwissenschaftliche und technische Grundlagen;calc;;"Genauigkeitsvorgabe praxisfern: übliche Rundung von √3, cos 30° o. Ä. führt sonst zu falscher Wertung; sinnvolle Einheit bzw. Rundung vorgegeben";
PX-K-178;korrigiert;Themenpaket K-A;5;Naturwissenschaftliche und technische Grundlagen;mc;;Distraktoren ohne Begründung – w ergänzt;
PX-K-180;korrigiert;Themenpaket K-A;5;Naturwissenschaftliche und technische Grundlagen;calc;;"Verdichtungsverhältnis falsch umgesetzt (Hubraum als Anfangsvolumen, 500 : 29,4); auf ε = V₁ : V₂ umgestellt; Rundung robust gegenüber T = ϑ + 273";
PX-K-184;korrigiert;Variation zurückgeholt;5;Naturwissenschaftliche und technische Grundlagen;calc;;"Variation zu PX-K-094 (E_kin = ½ · m · v²) in anderer Situation (Fördertechnik, zusammengesetzte Masse); Obergrenze je Vorlage entfällt; Situation präzisiert";
PX-K-186;korrigiert;Themenpaket K-A;5;Naturwissenschaftliche und technische Grundlagen;calc;;"Folgewert in der Erklärung falsch (5.035 W statt rund 5.010 W); Genauigkeitsvorgabe praxisfern: übliche Rundung von √3, π oder Zwischenwerten führt sonst zu falscher Wertung; sinnvolle Einheit bzw. Rundung vorgegeben";
PX-K-188;korrigiert;Themenpaket K-A / Optionslängen;5;Naturwissenschaftliche und technische Grundlagen;mc;;"Distraktoren ohne Begründung – w ergänzt | Beispiel Eisenoxid und Gase aus der richtigen Option in die Erklärung; Absolutwörter bei Distraktoren entfernt";
PX-K-189;korrigiert;Themenpaket K-A;5;Naturwissenschaftliche und technische Grundlagen;mc;;Distraktoren ohne Begründung – w ergänzt;
PX-K-190;korrigiert;Themenpaket K-A;5;Naturwissenschaftliche und technische Grundlagen;calc;;falsch gerundet (11,1 N/cm² · 4,524 cm² = 50,216 N → 50,22 N);
PX-K-193;korrigiert;Themenpaket K-A;5;Naturwissenschaftliche und technische Grundlagen;calc;;"mit gerundetem Zwischenwert gerechnet (55,22 statt 55,24 km/h); Rundung auf eine Nachkommastelle, damit übliche Rechenwege gleich gewertet werden";
PX-K-196;korrigiert;Themenpaket K-A;5;Naturwissenschaftliche und technische Grundlagen;calc;;"Genauigkeitsvorgabe praxisfern: übliche Rundung von √3, π oder Zwischenwerten führt sonst zu falscher Wertung; sinnvolle Einheit bzw. Rundung vorgegeben";
PX-K-200;korrigiert;Themenpaket K-A / Optionslängen;5;Naturwissenschaftliche und technische Grundlagen;mc;;"Distraktoren ohne Begründung – w ergänzt | Begründung (edler/unedler) aus der richtigen Option in die Erklärung; richtige Option spiegelt jetzt den vertauschten Distraktor";
PX-K-204;korrigiert;Themenpaket K-A;5;Naturwissenschaftliche und technische Grundlagen;calc;;"Genauigkeitsvorgabe praxisfern: übliche Rundung von √3, π oder Zwischenwerten führt sonst zu falscher Wertung; sinnvolle Einheit bzw. Rundung vorgegeben";
PX-K-205;korrigiert;Themenpaket K-A;5;Naturwissenschaftliche und technische Grundlagen;calc;;Erklärung widersprüchlich (Teillast-Argument trotz Volllast);
PX-K-210;korrigiert;Themenpaket K-A / Optionslängen;5;Naturwissenschaftliche und technische Grundlagen;mc;;"Distraktoren ohne Begründung – w ergänzt; richtige Option gekürzt (Länge verriet sie) | Weitere Merkmale (ätzend, seifig) aus der richtigen Option in die Erklärung; „immer“ beim Distraktor entfernt";
PX-K-213;korrigiert;Themenpaket K-A;5;Naturwissenschaftliche und technische Grundlagen;calc;;Folgewert in der Erklärung ungenau (614 statt 613 W);
PX-K-217;korrigiert;Themenpaket K-A;5;Naturwissenschaftliche und technische Grundlagen;calc;;Geometrie (Seilverlauf, Lagerung der Stange) unklar beschrieben;
PX-K-220;korrigiert;Themenpaket K-A;5;Naturwissenschaftliche und technische Grundlagen;mc;;richtige Option deutlich länger als die Distraktoren (Hinweis im Wortlaut), w ergänzt;
PX-K-227;korrigiert;Themenpaket K-A / Optionslängen;5;Naturwissenschaftliche und technische Grundlagen;mc;;"Distraktoren ohne Begründung – w ergänzt | Symbolklammer aus der richtigen Option in die Erklärung; kurzen Distraktor verlängert";
PX-K-229;korrigiert;Themenpaket K-A;5;Naturwissenschaftliche und technische Grundlagen;mc;;Distraktoren ohne Begründung – w ergänzt;
PX-K-232;korrigiert;Themenpaket K-A;5;Naturwissenschaftliche und technische Grundlagen;calc;;"falsch gerundet (Summe gerundeter Teilwege: 38,34 statt 38,33 m); ersetzt die Dublette PX-K-139";
PX-K-237;korrigiert;Themenpaket K-A;5;Naturwissenschaftliche und technische Grundlagen;mc;;richtige Option deutlich länger als die Distraktoren, w ergänzt;
PX-K-247;korrigiert;Themenpaket K-A;5;Naturwissenschaftliche und technische Grundlagen;mc;;Distraktoren ohne Begründung – w ergänzt, Optionslängen angeglichen;
PX-K-255;korrigiert;Themenpaket K-A;5;Naturwissenschaftliche und technische Grundlagen;calc;;"trivial (nur Re ÷ ν); zur vollständigen Prüfungsaufgabe (Drahtanzahl) ergänzt – die Erklärung war zudem widersprüchlich (180 statt aufgerundet 181 Drähte)";
PX-K-257;korrigiert;Themenpaket K-A;5;Naturwissenschaftliche und technische Grundlagen;mc;;Distraktoren ohne Begründung – w ergänzt, Optionslängen angeglichen;
PX-K-262;korrigiert;Themenpaket K-A;5;Naturwissenschaftliche und technische Grundlagen;calc;;Erklärung mit falscher Flächenformel („Quadrat und Halbkreis“ mit b² · (1 + π/4)) bereinigt;
PX-K-266;korrigiert;Themenpaket K-A;5;Naturwissenschaftliche und technische Grundlagen;mc;;richtige Option deutlich länger als die Distraktoren, w ergänzt;
K-NT-601;neu;Themenpaket K-A;5;Naturwissenschaftliche und technische Grundlagen;open;;Lücke: technische Anwendungen und Eigenschaften von Säuren/Laugen fehlten als offene Aufgabe (NT 2023-11 Aufg. 1a/1b, NT 2017-11 Aufg. 1c);
K-NT-602;neu;Themenpaket K-A;5;Naturwissenschaftliche und technische Grundlagen;open;;Lücke: Verfahren der Wasserenthärtung nur als MC-Einzelfragen vorhanden, in der Prüfung als Beschreibungsaufgabe (NT 2022-11 Aufg. 1c, NT 2023-05 Aufg. 1c, NT 2024-05 Aufg. 1c);
K-NT-603;neu;Themenpaket K-A;5;Naturwissenschaftliche und technische Grundlagen;mc;;Lücke: Einordnung der Wasserhärte in Härtebereiche (NT 2020-05 Aufg. 1d);
K-NT-604;neu;Themenpaket K-A;5;Naturwissenschaftliche und technische Grundlagen;open;;Lücke: Korrosionsschutzmaßnahmen (konstruktiv, Lagerung/Wartung) nur als MC-Einzelfrage (NT 2022-05 Aufg. 1c, NT 2021-05 Aufg. 1a/1b, NT 2018-11 Aufg. 1b);
K-NT-605;neu;Themenpaket K-A;5;Naturwissenschaftliche und technische Grundlagen;open;;Lücke: Umgang mit Blei-Akkus – Prüfverfahren, Gefahren, Schutzmaßnahmen (NT 2019-05 Aufg. 1b/1c);
K-NT-606;neu;Themenpaket K-A;5;Naturwissenschaftliche und technische Grundlagen;open;;Lücke: Auswirkungen des sauren Regens auf Werkstoffe (NT 2021-11 Aufg. 1c);
K-NT-607;neu;Themenpaket K-A;5;Naturwissenschaftliche und technische Grundlagen;calc;;Lücke: Temperaturabhängigkeit des Leiterwiderstands R_ϑ = R₂₀ · (1 + α · Δϑ) fehlte (NT 2023-11 Aufg. 5);
K-NT-608;neu;Themenpaket K-A;5;Naturwissenschaftliche und technische Grundlagen;calc;;Lücke: Innenwiderstand einer Spannungsquelle (NT 2022-11 Aufg. 5b);
K-NT-609;neu;Themenpaket K-A;5;Naturwissenschaftliche und technische Grundlagen;mc;;Lücke: Messen von Strom und Spannung (NT 2023-11 Aufg. 4c);
K-NT-610;neu;Themenpaket K-A;5;Naturwissenschaftliche und technische Grundlagen;calc;;Lücke: Überholvorgang beim Lkw-„Elefantenrennen“ (Dauer) fehlte, vorhanden nur die Relativstrecke (FT 2023-05 Aufg. 1a);
K-NT-611;neu;Themenpaket K-A;5;Naturwissenschaftliche und technische Grundlagen;calc;;Lücke: zurückgelegte Strecke beim Überholvorgang (FT 2023-05 Aufg. 1b);
K-NT-612;neu;Themenpaket K-A;5;Naturwissenschaftliche und technische Grundlagen;calc;;Lücke: gleichmäßig beschleunigte und verzögerte Bewegung mit mehreren Phasen (NT 2022-11 Aufg. 4, NT 2022-05 Aufg. 5);
K-NT-613;neu;Themenpaket K-A;5;Naturwissenschaftliche und technische Grundlagen;calc;;"Lücke: Anhalteweg aus Reaktionszeit und Verzögerung (s = v² ÷ 2a) fehlte; vorhanden nur Faustformel und Variante mit vorgegebener Bremsdauer (NT 2023-11 Aufg. 2, FT 2026-05 Aufg. 2)";
K-NT-614;neu;Themenpaket K-A;5;Naturwissenschaftliche und technische Grundlagen;calc;;Lücke: Zusammenhang Leistung – Drehmoment – Drehzahl mit Fahrzeugbezug (NT 2025-11 Aufg. 5c);
K-NT-615;neu;Themenpaket K-A;5;Naturwissenschaftliche und technische Grundlagen;calc;;Lücke: Energievergleich Verbrenner – Elektrofahrzeug über den Heizwert (NT 2023-05 Aufg. 4);
K-NT-616;neu;Themenpaket K-A;5;Naturwissenschaftliche und technische Grundlagen;calc;;Lücke: Gesamtwirkungsgrad als Produkt der Einzelwirkungsgrade (NT 2022-11 Aufg. 3b);
K-NT-617;neu;Themenpaket K-A;5;Naturwissenschaftliche und technische Grundlagen;calc;;Lücke: Gasgesetz mit absolutem Druck/Überdruck und Kelvin-Temperatur im Fahrzeugbezug (NT 2019-05 Aufg. 2b, NT 2020-05 Aufg. 2);
K-VR-601;neu;Themenpaket K-B;5;Naturwissenschaftliche und technische Grundlagen;calc;;Lücke: Berechnung des Überholvorgangs („Elefantenrennen“) (P-FT-20230515 Aufg. 1a–1d);
K-SG-103;gelöscht;Themenpaket K-C;5;Schwer- und Großraumtransport;mc;Dublette;Fachlich falsch (Verwaltungshelfer gehören zur Stufe BF4, nicht BF3) und Dublette zur korrigierten K-SG-125.;K-SG-125
K-SG-106;gelöscht;Themenpaket K-C;5;Schwer- und Großraumtransport;mc;Dublette;Dublette: Kennleuchten bei Großraum- und Schwertransporten werden in K-SG-118 geprüft.;K-SG-118
K-SG-110;gelöscht;Themenpaket K-C;5;Schwer- und Großraumtransport;mc;Dublette;Dublette: allgemein zulässige Höchstbreite 2,55 m wird in K-SG-102 geprüft.;K-SG-102
K-SG-113;gelöscht;Themenpaket K-C;5;Schwer- und Großraumtransport;mc;Dublette;Dublette: Erlaubnis nach § 29 Abs. 3 StVO wird in K-SG-101 geprüft.;K-SG-101
K-SG-114;gelöscht;Themenpaket K-C;5;Schwer- und Großraumtransport;mc;Dublette;Dublette: Ausnahmegenehmigung nach § 70 StVZO wird in K-SG-123 geprüft.;K-SG-123
K-SG-115;gelöscht;Themenpaket K-C;5;Schwer- und Großraumtransport;mc;Dublette;Dublette: VEMAGS wird in K-SG-107 geprüft.;K-SG-107
K-SG-119;gelöscht;Themenpaket K-C;5;Schwer- und Großraumtransport;mc;Dublette;Dublette: Höchstlänge des Lastzugs ist in der zusammengeführten Frage K-SG-111 enthalten.;K-SG-111
K-SG-120;gelöscht;Themenpaket K-C;5;Schwer- und Großraumtransport;mc;Dublette;Dublette: allgemein zulässige Höchstbreite 2,55 m wird in K-SG-102 geprüft.;K-SG-102
K-SG-122;gelöscht;Themenpaket K-C;5;Schwer- und Großraumtransport;mc;Dublette;Dublette: Erlaubnis nach § 29 Abs. 3 StVO wird in K-SG-101 geprüft.;K-SG-101
K-SG-124;gelöscht;Themenpaket K-C;5;Schwer- und Großraumtransport;mc;Dublette;Dublette: VEMAGS wird in K-SG-107 geprüft.;K-SG-107
K-SG-126;gelöscht;Themenpaket K-C;5;Schwer- und Großraumtransport;mc;Dublette;Dublette: Kennleuchten bei Großraum- und Schwertransporten werden in K-SG-118 geprüft.;K-SG-118
K-SG-104;korrigiert;Themenpaket K-C;5;Schwer- und Großraumtransport;mc;;Erklärung fachlich falsch: Verwaltungshelfer, die die Polizei ersetzen, fahren in Begleitfahrzeugen der Stufe BF4, nicht BF3.;
K-SG-105;korrigiert;Themenpaket K-C;5;Schwer- und Großraumtransport;mc;;"Fachlich falsch: § 22 Abs. 4 StVO knüpft an den Überstand über die Rückstrahler an; die Bedingung „Wegstrecken über 100 m“ existiert nicht. Frage, w und Erklärung korrigiert.";
K-SG-109;korrigiert;Themenpaket K-C;5;Schwer- und Großraumtransport;mc;;Distraktoren ohne Begründung (w).;
K-SG-111;korrigiert;Themenpaket K-C;5;Schwer- und Großraumtransport;mc;;"Mit der Dublette K-SG-119 (Lastzug 18,75 m) zu einer Frage zusammengeführt; Distraktoren mit w, typische Verwechslung 20,75 m (§ 22 StVO) aufgenommen.";
K-SG-112;korrigiert;Themenpaket K-C;5;Schwer- und Großraumtransport;mc;;"Distraktoren ohne Begründung (w); Erklärung um Achslasten ergänzt.";
K-SG-116;korrigiert;Themenpaket K-C / Optionslängen;5;Schwer- und Großraumtransport;mc;;"Fachlich falsch: Verwaltungshelfer gehören zur Stufe BF4; BF3 sichert mit der Wechselverkehrszeichenanlage nur nach hinten. Frage auf die Abgrenzung BF2/BF3 umgestellt, Distraktoren mit w. | Richtige Option gekürzt (Wirkung der Anlage steht in der Erklärung); zwei Distraktoren verlängert";
K-SG-117;korrigiert;Themenpaket K-C;5;Schwer- und Großraumtransport;mc;;Distraktoren ohne Begründung (w).;
K-SG-118;korrigiert;Themenpaket K-C;5;Schwer- und Großraumtransport;mc;;"Distraktoren ohne Begründung (w); Erklärung präzisiert.";
K-SG-125;korrigiert;Themenpaket K-C;5;Schwer- und Großraumtransport;mc;;Fachlich falsch: Verkehrsregelnde, polizeiersetzende Aufgaben übernehmen Verwaltungshelfer in Begleitfahrzeugen der Stufe BF4, nicht BF3 (die bisherige Lösung und das w zu BF4 waren vertauscht). Frage als Situation neu gefasst.;
K-SG-601;neu;Themenpaket K-C;5;Schwer- und Großraumtransport;open;;Lücke: Genehmigungsarten und Antragsweg bei einem Großraum- und Schwertransport (Planungsaufgabe im Stil P-FT-20230515 Aufg. 2);
K-VR-103;gelöscht;Themenpaket K-B;5;Straßenverkehrs- und Zulassungsrecht;mc;Dublette;Dublette (gleicher Wissenspunkt, gleiche Frageform): nicht angetriebene Einzelachse 10 t (wie DUP-2).;K-VR-127
K-VR-105;gelöscht;Themenpaket K-B;5;Straßenverkehrs- und Zulassungsrecht;mc;Rechenvorlage mehrfach;"Gleiche Vorlage „Doppelachslast Anhänger je Achsabstand“ wie K-VR-128; w zu 20 t fachlich falsch (ab 1,8 m Achsabstand zulässig), wie DUP-2.";K-VR-128
K-VR-116;gelöscht;Themenpaket K-B;5;Straßenverkehrs- und Zulassungsrecht;mc;Dublette;"Dublette (gleicher Wissenspunkt, gleiche Frageform): HU-Intervall 12 Monate für Lkw; K-VR-124 mit Rechtsgrundlage und SP-Abgrenzung.";K-VR-124
K-VR-123;gelöscht;Themenpaket K-B;5;Straßenverkehrs- und Zulassungsrecht;mc;nicht prüfungsrelevant / überholt;"Randwissen: Zulassungsfreiheit bis 6 km/h ist für den Kraftverkehrsmeister ohne Prüfungsbezug; Rechtsgrundlage zudem ungenau (Anwendungsbereich § 1 FZV).";
K-BQ-122;korrigiert + umsortiert;Themenpaket K-C;5;Straßenverkehrs- und Zulassungsrecht;mc;von Kraftverkehr/NT · Berufskraftfahrerqualifikation;"Inhalt ist Fahrerlaubnisrecht, nicht Berufskraftfahrerqualifikation: umsortiert nach „Straßenverkehrs- und Zulassungsrecht“; Distraktoren ohne Begründung (w).";
K-VR-101;korrigiert;Themenpaket K-B;5;Straßenverkehrs- und Zulassungsrecht;mc;;"w fachlich falsch: 42 t ist für emissionsfreie Kombinationen zulässig (§ 34 Abs. 6a StVZO), 38 t gibt es für bestimmte vierachsige Sattelkraftfahrzeuge; Distraktoren und Erklärung angepasst.";
K-VR-115;korrigiert;Themenpaket K-B;5;Straßenverkehrs- und Zulassungsrecht;mc;;"Rechtsstand: M+S-Kennung reicht seit 1.10.2024 nicht mehr (nur Alpine-Symbol); Achsvorgabe für Lkw ergänzt. Optionslängen angeglichen (richtige Option war auffällig länger).";
K-VR-120;korrigiert;Themenpaket K-B;5;Straßenverkehrs- und Zulassungsrecht;calc;;"Begriff „zulässige Anhängelast“ falsch verwendet (technischer Wert des Zugfahrzeugs, Feld O.1); Frage auf die rechnerische Höchstmasse des Anhängers umgestellt und Abgrenzung erklärt.";
K-VR-122;korrigiert;Themenpaket K-B;5;Straßenverkehrs- und Zulassungsrecht;calc;;"Kennzahl „Nutzlast in % des zGG“ ohne Aussagewert; umgebaut zum prüfungsnahen Nutzlastvergleich E-Transporter/Diesel (vgl. P-FT-20250507 Aufg. 4).";
K-VR-125;korrigiert;Themenpaket K-B;5;Straßenverkehrs- und Zulassungsrecht;mc;;"Aufbauend auf dem DUP-2-Fix: w zu 12 t war ungenau (12 t bestimmt den Beginn der SP); Beginn der SP je Gewichtsklasse laut Anlage VIII ergänzt (per Websuche geprüft).";
K-VR-126;korrigiert;Dubletten;5;Straßenverkehrs- und Zulassungsrecht;mc;;Anlässe für zusätzliche Nachprüfungen aus K-FT-112 ergänzt.;
K-VR-127;korrigiert;Dubletten;5;Straßenverkehrs- und Zulassungsrecht;mc;;"w zu 12 t ungenau („höchstzulässige Last einer Einzelachse 10 t“ – angetriebene Achsen dürfen 11,5 t); korrigiert.";
K-VR-128;korrigiert;Dubletten;5;Straßenverkehrs- und Zulassungsrecht;mc;;w zu 20 t präzisiert (20 t gelten bei Anhängern ab 1,8 m Achsabstand) und alle Werte nach Achsabstand aus K-VR-105 in die Erklärung übernommen.;
K-VR-129;korrigiert;Themenpaket K-B;5;Straßenverkehrs- und Zulassungsrecht;mc;;"Richtige Option war mehr als doppelt so lang wie die Distraktoren; Optionen angeglichen.";
PX-K-008;korrigiert;Themenpaket K-B;5;Straßenverkehrs- und Zulassungsrecht;mc→open;;Reine Paragrafenabfrage (§ 62 StVZO) ohne w in prüfungsnahe offene Aufgabe umgewandelt, die das Wissen übertragbar abfragt.;
PX-K-010;korrigiert;Themenpaket K-B;5;Straßenverkehrs- und Zulassungsrecht;mc;;Fehlende w ergänzt.;
PX-K-031;korrigiert;Themenpaket K-B;5;Straßenverkehrs- und Zulassungsrecht;mc;;"Fehlende w ergänzt; Folgen der Gewichtsklasse über 3,5 t ergänzt.";
K-AT-101;gelöscht;Themenpaket K-C;5;Temperaturgeführte Transporte (ATP);mc;Dublette;"Dublette: Gegenstand des ATP-Übereinkommens; im Dubletten-Durchgang (DUP-2) wird K-AT-118 behalten.";K-AT-118
K-AT-102;gelöscht;Themenpaket K-C;5;Temperaturgeführte Transporte (ATP);mc;Dublette;Dublette: Gültigkeit der Erstbescheinigung (6 Jahre) wird in K-AT-127 geprüft.;K-AT-127
K-AT-106;gelöscht;Themenpaket K-C;5;Temperaturgeführte Transporte (ATP);mc;Dublette;Dublette: Bedeutung der Klassenkennzeichnung FRC wird in K-AT-126 geprüft.;K-AT-126
K-AT-108;gelöscht;Themenpaket K-C;5;Temperaturgeführte Transporte (ATP);mc;Dublette;Dublette: Beförderungstemperatur Tiefkühlkost -18 °C wird in K-AT-128 geprüft.;K-AT-128
K-AT-109;gelöscht;Themenpaket K-C;5;Temperaturgeführte Transporte (ATP);mc;Dublette;Dublette: Höchsttemperatur rotes Fleisch +7 °C wird in K-AT-129 geprüft.;K-AT-129
K-AT-119;gelöscht;Themenpaket K-C;5;Temperaturgeführte Transporte (ATP);mc;Dublette;Dublette: K-Wert der Klasse IR wird in K-AT-105 (IR/IN) geprüft.;K-AT-105
K-AT-120;gelöscht;Themenpaket K-C;5;Temperaturgeführte Transporte (ATP);mc;Dublette;Dublette: Bedeutung der Klassenkennzeichnung FRC wird in K-AT-126 geprüft.;K-AT-126
K-AT-121;gelöscht;Themenpaket K-C;5;Temperaturgeführte Transporte (ATP);mc;Dublette;Dublette: Beförderungstemperatur Tiefkühlkost -18 °C wird in K-AT-128 geprüft.;K-AT-128
K-AT-123;gelöscht;Themenpaket K-C;5;Temperaturgeführte Transporte (ATP);mc;Dublette;"Dublette: HACCP wird in K-AT-112 (Temperatur als CCP) und PX-K-028 (Pflicht nach VO 852/2004) geprüft; reine Abkürzungsfrage.";K-AT-112
K-AT-124;gelöscht;Themenpaket K-C;5;Temperaturgeführte Transporte (ATP);mc;Dublette;Dublette: Gültigkeit der Erstbescheinigung (6 Jahre) wird in K-AT-127 geprüft.;K-AT-127
K-AT-125;gelöscht;Themenpaket K-C;5;Temperaturgeführte Transporte (ATP);mc;Dublette;Dublette: Aufbewahrung der Temperaturaufzeichnungen (1 Jahr) ist in K-AT-104 enthalten.;K-AT-104
K-AT-103;korrigiert;Themenpaket K-C;5;Temperaturgeführte Transporte (ATP);mc;;"Distraktoren ohne Begründung (w); Erklärung um Prüfer und Fristenüberwachung ergänzt.";
K-AT-104;korrigiert;Themenpaket K-C;5;Temperaturgeführte Transporte (ATP);mc;;"Distraktoren ohne Begründung (w); Erklärung um Messgeräte nach DIN EN 12830 präzisiert.";
K-AT-105;korrigiert;Themenpaket K-C / Optionslängen;5;Temperaturgeführte Transporte (ATP);mc;;"Distraktoren ohne Begründung (w). | Vergleichswert IN aus der richtigen Option gestrichen (steht in der Erklärung); Distraktoren verlängert, „ausschließlich“ entfernt";
K-AT-107;korrigiert;Themenpaket K-C;5;Temperaturgeführte Transporte (ATP);mc;;"Distraktoren ohne Begründung (w); Erklärung nennt ATP-Anlage 2.";
K-AT-110;korrigiert;Themenpaket K-C;5;Temperaturgeführte Transporte (ATP);mc;;"Distraktoren ohne Begründung (w); richtige Option gekürzt und sachlich präzisiert („dauerhaft“ statt „beliebig lange“).";
K-AT-111;korrigiert;Themenpaket K-C / Optionslängen;5;Temperaturgeführte Transporte (ATP);mc;;"Distraktoren ohne Begründung (w); unplausiblen Distraktor („überhitzt in Minuten“) durch typischen Denkfehler ersetzt. | Richtige Option gekürzt (Wirtschaftlichkeit in die Erklärung); „nur“ bei Distraktoren entfernt";
K-AT-112;korrigiert;Themenpaket K-C;5;Temperaturgeführte Transporte (ATP);mc;;Distraktoren ohne Begründung (w).;
K-AT-115;korrigiert;Themenpaket K-C;5;Temperaturgeführte Transporte (ATP);calc;;Schreibweise „LKW“ → „Lkw“, Fachbegriffe vereinheitlicht (zulässige Gesamtmasse, Leermasse).;
K-AT-117;korrigiert;Variation zurückgeholt;5;Temperaturgeführte Transporte (ATP);calc;;"Variation zu K-AT-115: gesucht ist der prozentuale Nutzlastverlust statt der Restnutzlast; unstimmigen „Transporter mit 12 t Nutzlast“ durch realistischen 26-t-Lkw ersetzt, Rundungsvorgabe ergänzt";
K-AT-118;korrigiert;Themenpaket K-C / Optionslängen;5;Temperaturgeführte Transporte (ATP);mc;;"Fassung aus dem Dubletten-Durchgang (DUP-2) übernommen; dort fehlten weiterhin die Begründungen (w) der Distraktoren – ergänzt. | Zusatz „besondere Beförderungsmittel“ aus der richtigen Option gestrichen (steht in der Erklärung)";
K-AT-122;korrigiert;Themenpaket K-C;5;Temperaturgeführte Transporte (ATP);mc;;"Fachlich falsch: Das ATP regelt Hackfleisch nicht; der Grenzwert +2 °C stammt aus der VO (EG) Nr. 853/2004. Frage und Erklärung korrigiert, Distraktoren mit w.";
K-AT-126;korrigiert;Dubletten;5;Temperaturgeführte Transporte (ATP);mc;;Erklärung um den Temperaturbereich der Klasse C (aus K-AT-120) und die Buchstabenherkunft (aus K-AT-106) ergänzt.;
K-AT-127;korrigiert;Themenpaket K-C;5;Temperaturgeführte Transporte (ATP);mc;;"Erklärung präzisiert (Frist ab Herstellung des Aufbaus, Prüfer); w „genau 6 Jahre“ → „höchstens 6 Jahre“.";
K-AT-128;korrigiert;Themenpaket K-C;5;Temperaturgeführte Transporte (ATP);mc;;Mehrdeutige Angabe „bis zu +3°C“ (klingt nach Temperatur +3 °C) als Schwankung um 3 K nach oben präzisiert.;
K-AT-130;korrigiert;Variation zurückgeholt;5;Temperaturgeführte Transporte (ATP);mc;;"Variation zu K-AT-112/PX-K-028: Begriff und Grundidee (Eigenkontrolle, CCP) mit Abgrenzung zu ATP-Prüfung und DIN EN 12830 statt Bedeutung für den Transport; unpassenden Distraktor (Lenkzeit) ersetzt; Geschwister K-AT-123 bleibt gelöscht";
K-AT-131;korrigiert;Optionslängen;5;Temperaturgeführte Transporte (ATP);mc;;Richtige Option gestrafft (Aufzeichnungszweck steht in der Erklärung);
PX-K-028;korrigiert;Themenpaket K-C;5;Temperaturgeführte Transporte (ATP);mc;;Distraktoren ohne Begründung (w).;
K-AT-601;neu;Themenpaket K-C;5;Temperaturgeführte Transporte (ATP);open;;Lücke: Anforderungen der Kühltransport-Vorschriften an Fahrzeug und Betrieb (P-FT-20250507 Aufg. 1a);
K-AT-602;neu;Themenpaket K-C;5;Temperaturgeführte Transporte (ATP);open;;Lücke: lückenlose Überwachung und Nachweis der Transporttemperatur (P-FT-20250507 Aufg. 1b);
K-AT-603;neu;Themenpaket K-C;5;Temperaturgeführte Transporte (ATP);open;;Lücke: Prüffristen und Prüfer der Kühlaufbauten mit Rechtsgrundlage (P-FT-20250507 Aufg. 1c);
K-AT-604;neu;Themenpaket K-C;5;Temperaturgeführte Transporte (ATP);calc;;Lücke: Kostenrechnung eines Kühlfahrzeugs – Kühlaggregat je Einsatztag (P-OK-20250508 Aufg. 4);
K-TT-105;gelöscht;Themenpaket K-C;5;Tiertransporte;mc;nicht prüfungsrelevant / überholt;Nicht prüfungsrelevant: Mindestalter von Kälbern für Beförderungen über 100 km ist tierärztliches Detailwissen (Randzahl).;
K-TT-106;gelöscht;Themenpaket K-C;5;Tiertransporte;mc;nicht prüfungsrelevant / überholt;Nicht prüfungsrelevant und Verneinungsfalle („KEINE Trennung“): Trennungsregeln einzelner Tiergruppen sind Detailwissen.;
K-TT-107;gelöscht;Themenpaket K-C;5;Tiertransporte;mc;Dublette;"Dublette: Fahrtenbuchpflicht; wie im Dubletten-Durchgang (DUP-2) wird K-TT-126 behalten.";K-TT-126
K-TT-109;gelöscht;Themenpaket K-C;5;Tiertransporte;mc;nicht prüfungsrelevant / überholt;"Nicht prüfungsrelevant: Richtwert der Ladedichte (235 kg/m²) ist Randzahl; Ladedichte wird in den Rechenaufgaben K-TT-110/K-TT-111 mit vorgegebenen Werten geübt.";
K-TT-114;gelöscht;Themenpaket K-C;5;Tiertransporte;mc;Dublette;"Dublette: Gegenstand der VO (EG) 1/2005; wie im Dubletten-Durchgang (DUP-2) wird K-TT-122 behalten (zudem veraltete VO 3821/85 in der Erklärung).";K-TT-122
K-TT-115;gelöscht;Themenpaket K-C;5;Tiertransporte;mc;Dublette;"Dublette: Begriff der langen Beförderung; wie im Dubletten-Durchgang (DUP-2) wird K-TT-101 behalten.";K-TT-101
K-TT-116;gelöscht;Themenpaket K-C;5;Tiertransporte;mc;Dublette;Dublette: Zulassung Typ 2 wird in K-TT-102 geprüft.;K-TT-102
K-TT-117;gelöscht;Themenpaket K-C;5;Tiertransporte;mc;Dublette;Dublette: Befähigungsnachweis wird in K-TT-124 geprüft.;K-TT-124
K-TT-118;gelöscht;Themenpaket K-C;5;Tiertransporte;mc;Dublette;"Dublette: Transportunfähigkeit trächtiger Tiere; wie im Dubletten-Durchgang (DUP-2) wird K-TT-125 behalten.";K-TT-125
K-TT-120;gelöscht;Themenpaket K-C;5;Tiertransporte;mc;Dublette;"Dublette: Fahrtenbuchpflicht; wie im Dubletten-Durchgang (DUP-2) wird K-TT-126 behalten.";K-TT-126
K-TT-123;gelöscht;Themenpaket K-C;5;Tiertransporte;mc;Dublette;"Dublette: Zulassung Typ 2; wie im Dubletten-Durchgang (DUP-2) wird K-TT-102 behalten.";K-TT-102
K-TT-127;gelöscht;Themenpaket K-C;5;Tiertransporte;mc;nicht prüfungsrelevant / überholt;"Nicht prüfungsrelevant: Sonderregel für nicht abgesetzte Kälber ist Spezialwissen; das Zeitschema wird an Rindern (K-TT-121) und Schweinen (K-TT-104) geprüft.";
K-TT-128;gelöscht;Themenpaket K-C;5;Tiertransporte;mc;Dublette;"Dublette: Temperaturbereich 5–30 °C ist in der Erklärung von K-TT-108 (Ausstattung für lange Beförderungen) enthalten; reine Randzahl.";K-TT-108
K-TT-101;korrigiert;Themenpaket K-C;5;Tiertransporte;mc;;"Distraktoren ohne Begründung (w); Erklärung um Folgen der langen Beförderung ergänzt; Anführungszeichen vereinheitlicht.";
K-TT-102;korrigiert;Dubletten;5;Tiertransporte;mc;;w ergänzt (nach K-TT-123), Erklärung um Anforderungen und Gültigkeit (5 Jahre) ergänzt.;
K-TT-103;korrigiert;Variation zurückgeholt;5;Tiertransporte;mc;;"Variation zu K-TT-124: anderer Teilaspekt – für welche Tierarten die Nachweispflicht gilt statt welche Personen; Situation, w und 65-km-Ausnahme (Art. 6 Abs. 7) ergänzt; Geschwister K-TT-117 (gleiche Frage wie K-TT-124) bleibt gelöscht";
K-TT-104;korrigiert;Themenpaket K-C;5;Tiertransporte;mc;;"Distraktoren ohne Begründung (w); Distraktor „höchstens 8 Stunden ohne Typ-2-Zulassung“ war sachlich zutreffend (ohne Typ 2 nur kurze Beförderungen) und damit eine zweite richtige Antwort – ersetzt.";
K-TT-108;korrigiert;Themenpaket K-C;5;Tiertransporte;mc;;Distraktoren ohne Begründung (w).;
K-TT-112;korrigiert;Themenpaket K-C;5;Tiertransporte;calc;;"Fachlich falsch: „gesetzlich vorgeschriebene Ruhepausen von je 1,5 Stunden“ gibt es nicht (Rinder: 1 Stunde nach 14 Stunden); Pausen als Planungsannahme formuliert und Bewertung als lange Beförderung ergänzt.";
K-TT-119;korrigiert;Themenpaket K-C;5;Tiertransporte;mc;;Distraktoren ohne Begründung (w).;
K-TT-121;korrigiert;Themenpaket K-C;5;Tiertransporte;mc;;"Distraktoren ohne Begründung (w); Erklärung um die anschließende 24-stündige Ruhezeit ergänzt.";
K-TT-124;korrigiert;Themenpaket K-C;5;Tiertransporte;mc;;Erklärung um die 65-km-Grenze und die Rechtsgrundlage ergänzt.;
K-TT-126;korrigiert;Dubletten / Optionslängen;5;Tiertransporte;mc;;"Richtige Option vervollständigt: Die Pflicht gilt auch bei Beförderungen in oder aus Drittländern; Begriff „Hausequiden“ wie in der Verordnung. | Richtige Option gestrafft, Distraktoren gleich gebaut und ohne Absolutwörter („jeder“, „nur“, „vollständig“)";
K-TT-601;neu;Themenpaket K-C;5;Tiertransporte;open;;Lücke: Voraussetzungen für lange grenzüberschreitende Tiertransporte (Unternehmen, Personal, Fahrzeug) als offene Planungsaufgabe;
K-UZ-102;gelöscht;Themenpaket K-C;5;Umweltzonen und Emissionsvorschriften;mc;nicht prüfungsrelevant / überholt;"Veraltet und regional: Die Diesel-Fahrverbotszonen in Hamburg und Stuttgart sind inzwischen aufgehoben bzw. geändert; kein übertragbares Prüfungswissen (Anlass NO₂ in K-UZ-123).";K-UZ-123
K-UZ-104;gelöscht;Themenpaket K-C;5;Umweltzonen und Emissionsvorschriften;mc;Dublette;Dublette: Nachtzeit 22 bis 6 Uhr wird in K-UZ-125 geprüft.;K-UZ-125
K-UZ-105;gelöscht;Themenpaket K-C;5;Umweltzonen und Emissionsvorschriften;mc;Dublette;"Dublette: CO₂-Flottenziel 2025 für schwere Nfz; wie im Dubletten-Durchgang (DUP-2) wird K-UZ-126 behalten.";K-UZ-126
K-UZ-106;gelöscht;Themenpaket K-C;5;Umweltzonen und Emissionsvorschriften;mc;nicht prüfungsrelevant / überholt;"Veraltet: Das Förderprogramm KsNI wurde Anfang 2024 eingestellt; neue Anträge sind nicht mehr möglich.";
K-UZ-107;gelöscht;Themenpaket K-C;5;Umweltzonen und Emissionsvorschriften;mc;nicht prüfungsrelevant / überholt;Nicht prüfungsrelevant: Die blaue Plakette wurde nie eingeführt.;
K-UZ-109;gelöscht;Themenpaket K-C;5;Umweltzonen und Emissionsvorschriften;mc;Dublette;Dublette: Zuordnung Schadstoffgruppe/Plakettenfarbe wird in K-UZ-101 geprüft.;K-UZ-101
K-UZ-110;gelöscht;Themenpaket K-C;5;Umweltzonen und Emissionsvorschriften;mc;Dublette;Dublette: Diesel Euro 4 = grüne Plakette wird für den Lkw in K-UZ-121 geprüft.;K-UZ-121
K-UZ-111;gelöscht;Themenpaket K-C;5;Umweltzonen und Emissionsvorschriften;mc;Dublette;"Dublette: Euro-VI-Pflicht für Neuzulassungen; wie im Dubletten-Durchgang (DUP-2) wird K-UZ-103 behalten.";K-UZ-103
K-UZ-112;gelöscht;Themenpaket K-C;5;Umweltzonen und Emissionsvorschriften;mc;nicht prüfungsrelevant / überholt;Nicht prüfungsrelevant: Die blaue Plakette wurde nie eingeführt.;
K-UZ-114;gelöscht;Themenpaket K-C;5;Umweltzonen und Emissionsvorschriften;mc;nicht prüfungsrelevant / überholt;Randwissen: Das Endezeichen 270.2 ist in der Erklärung von K-UZ-113 enthalten.;K-UZ-113
K-UZ-115;gelöscht;Themenpaket K-C;5;Umweltzonen und Emissionsvorschriften;mc;Dublette;Dublette: NO₂ als Anlass der Diesel-Fahrverbote wird in K-UZ-123 geprüft.;K-UZ-123
K-UZ-116;gelöscht;Themenpaket K-C;5;Umweltzonen und Emissionsvorschriften;mc;nicht prüfungsrelevant / überholt;"Nicht prüfungsrelevant: Ausnahme für Einsatzfahrzeuge ist Randwissen; für den Fuhrpark relevant ist die Einzelausnahme nach K-UZ-124.";K-UZ-124
K-UZ-117;gelöscht;Themenpaket K-C;5;Umweltzonen und Emissionsvorschriften;mc;nicht prüfungsrelevant / überholt;Nicht prüfungsrelevant: Höhe des Bußgelds ist Randzahl.;
K-UZ-118;gelöscht;Themenpaket K-C;5;Umweltzonen und Emissionsvorschriften;mc;Dublette;Dublette: grüne Plakette als Einfahrvoraussetzung wird in K-UZ-101 geprüft.;K-UZ-101
K-UZ-119;gelöscht;Themenpaket K-C;5;Umweltzonen und Emissionsvorschriften;mc;Dublette;Dublette: Plakettenfarben werden in K-UZ-101 geprüft.;K-UZ-101
K-UZ-101;korrigiert;Themenpaket K-C;5;Umweltzonen und Emissionsvorschriften;mc;;"Distraktoren ohne Begründung (w); Erklärung um den Stand der Umweltzonen ergänzt.";
K-UZ-103;korrigiert;Themenpaket K-C;5;Umweltzonen und Emissionsvorschriften;mc;;"Distraktoren ohne Begründung (w); Rechtsstand 2026 ergänzt: Nachfolgenorm Euro 7 (VO (EU) 2024/1257) mit Geltungsdaten für schwere Nutzfahrzeuge. Im Dubletten-Durchgang (DUP-2) behalten.";
K-UZ-108;korrigiert;Themenpaket K-C;5;Umweltzonen und Emissionsvorschriften;mc;;Distraktoren ohne Begründung (w).;
K-UZ-113;korrigiert;Themenpaket K-C;5;Umweltzonen und Emissionsvorschriften;mc;;"Distraktoren ohne Begründung (w); Erklärung um das Endezeichen 270.2 ergänzt (ersetzt die gelöschte Einzelfrage K-UZ-114).";
K-UZ-126;korrigiert;Dubletten;5;Umweltzonen und Emissionsvorschriften;mc;;Verordnungsnummer (aus K-UZ-105) und die verschärften Ziele ab 2030 ergänzt.;
K-UZ-601;neu;Themenpaket K-C;5;Umweltzonen und Emissionsvorschriften;calc;;Lücke: CO₂-Emissionen des Fuhrparks berechnen (P-OK-20221115 Aufg. 3c);
K-UZ-602;neu;Themenpaket K-C;5;Umweltzonen und Emissionsvorschriften;calc;;"Lücke: Einsparung von Kraftstoff und CO₂ durch Maßnahmen im Fuhrpark bewerten (P-OK-20221115 Aufg. 3c; P-OK-20251112 Aufg. 2c)";
K-UZ-603;neu;Themenpaket K-C;5;Umweltzonen und Emissionsvorschriften;mc;;Lücke: Rechtsstand Euro 7 für schwere Nutzfahrzeuge (Euro-Normen 2026);
K-UZ-604;neu;Themenpaket K-C;5;Umweltzonen und Emissionsvorschriften;open;;"Lücke: Maßnahmen zur Senkung der Emissionen im Fuhrpark (P-FT-20230515 Aufg. 3; P-OK-20221115 Aufg. 5)";
K-VE-103;gelöscht;Themenpaket K-C;5;Versicherungen im Güterkraftverkehr;mc;nicht prüfungsrelevant / überholt;"Nicht prüfungsrelevant: Die Rollfuhrversicherung ist ein veralteter Spezialbegriff; die Haftungsabsicherung wird über die Verkehrshaftungsversicherung (K-VE-105) geprüft.";K-VE-105
K-VE-104;gelöscht;Themenpaket K-C;5;Versicherungen im Güterkraftverkehr;mc;Dublette;"Dublette: Haftungshöchstbetrag 8,33 SZR/kg; wie im Dubletten-Durchgang (DUP-2) wird K-GK-123 behalten.";K-GK-123
K-VE-106;gelöscht;Themenpaket K-C;5;Versicherungen im Güterkraftverkehr;mc;Dublette;Dublette: Abgrenzung Warentransport- und Verkehrshaftungsversicherung wird in K-VE-121 geprüft.;K-VE-121
K-VE-110;gelöscht;Themenpaket K-C;5;Versicherungen im Güterkraftverkehr;mc;Dublette;Dublette: Gegenstand der Verkehrshaftungsversicherung wird in K-VE-105 geprüft.;K-VE-105
K-VE-111;gelöscht;Themenpaket K-C;5;Versicherungen im Güterkraftverkehr;mc;Dublette;Dublette: Abgrenzung Warentransport- und Verkehrshaftungsversicherung wird in K-VE-121 geprüft.;K-VE-121
K-VE-112;gelöscht;Themenpaket K-C;5;Versicherungen im Güterkraftverkehr;mc;Dublette;"Dublette: Haftungshöchstbetrag 8,33 SZR/kg; wie im Dubletten-Durchgang (DUP-2) wird K-GK-123 behalten.";K-GK-123
K-VE-113;gelöscht;Themenpaket K-C;5;Versicherungen im Güterkraftverkehr;mc;Dublette;"Dublette: Haftungshöchstbetrag 8,33 SZR/kg; wie im Dubletten-Durchgang (DUP-2) wird K-GK-123 behalten.";K-GK-123
K-VE-117;gelöscht;Themenpaket K-C;5;Versicherungen im Güterkraftverkehr;mc;Dublette;Dublette: Wirkung der Selbstbeteiligung wird in K-VE-107 geprüft.;K-VE-107
K-VE-118;gelöscht;Themenpaket K-C;5;Versicherungen im Güterkraftverkehr;mc;Dublette;"Dublette: Haftung bei Lieferfristüberschreitung; wie im Dubletten-Durchgang (DUP-2) wird K-GK-111 behalten.";K-GK-111
K-VE-119;gelöscht;Themenpaket K-C;5;Versicherungen im Güterkraftverkehr;mc;Dublette;"Dublette: § 431 HGB 8,33 SZR/kg einschließlich Haftungskorridor ist in K-GK-123 (im Dubletten-Durchgang behalten) enthalten; zudem durchgehend Ersatzschreibungen.";K-GK-123
K-VE-120;gelöscht;Themenpaket K-C;5;Versicherungen im Güterkraftverkehr;mc;nicht prüfungsrelevant / überholt;Nicht prüfungsrelevant: Haftungsgrenze beim Umzugsvertrag (620 SZR/m³) ist Randwissen ohne Bezug zu den Prüfungen.;
K-VE-123;gelöscht;Themenpaket K-C;5;Versicherungen im Güterkraftverkehr;mc;Dublette;"Dublette: Mindestversicherungssumme Personenschäden wird in K-VE-101 geprüft; zudem Ersatzschreibungen.";K-VE-101
K-VE-124;gelöscht;Themenpaket K-C;5;Versicherungen im Güterkraftverkehr;mc;nicht prüfungsrelevant / überholt;"Nicht prüfungsrelevant: Regressverzicht des Transportversicherers ist versicherungsrechtliches Spezialwissen; zudem Ersatzschreibungen.";
K-VE-125;gelöscht;Themenpaket K-C;5;Versicherungen im Güterkraftverkehr;mc;nicht prüfungsrelevant / überholt;"Nicht prüfungsrelevant: veralteter Begriff „Rollfuhr“; zudem Ersatzschreibungen.";K-VE-105
K-VE-101;korrigiert;Themenpaket K-C;5;Versicherungen im Güterkraftverkehr;mc;;"Rechtsstand: Mindestsumme für Sachschäden seit 17.04.2024 1,3 Mio. € (Erklärung nannte 1,22 Mio. €); Distraktoren ohne Begründung (w), veralteter Distraktor durch aktuellen Sachschadenwert ersetzt.";
K-VE-102;korrigiert;Themenpaket K-C;5;Versicherungen im Güterkraftverkehr;mc;;Distraktoren ohne Begründung (w).;
K-VE-105;korrigiert;Themenpaket K-C;5;Versicherungen im Güterkraftverkehr;mc;;"Distraktoren ohne Begründung (w); Erklärung um die Versicherungspflicht nach § 7a GüKG ergänzt.";
K-VE-107;korrigiert;Themenpaket K-C;5;Versicherungen im Güterkraftverkehr;mc;;Distraktoren ohne Begründung (w).;
K-VE-108;korrigiert;Themenpaket K-C;5;Versicherungen im Güterkraftverkehr;mc;;"Distraktoren ohne Begründung (w); Fundstelle (Ziffer 28 ADSp 2017) ergänzt.";
K-VE-109;korrigiert;Themenpaket K-C / Optionslängen;5;Versicherungen im Güterkraftverkehr;mc;;Distraktoren ohne Begründung (w). | Richtige Option gestrafft;
K-VE-114;korrigiert;Themenpaket K-C;5;Versicherungen im Güterkraftverkehr;mc;;Distraktoren ohne Begründung (w).;
K-VE-115;korrigiert;Themenpaket K-C;5;Versicherungen im Güterkraftverkehr;mc;;"Distraktoren ohne Begründung (w); Erklärung um die Ausnahme nach Art. 2 CMR präzisiert.";
K-VE-116;korrigiert;Variation zurückgeholt;5;Versicherungen im Güterkraftverkehr;mc;;"Variation zu K-VE-102: Abgrenzung Teilkasko/Vollkasko über Schadensbeispiele (welche Gefahren deckt schon die Teilkasko?) statt Zuordnung eines Unfalls zur Versicherungsart; Situation und w ergänzt";
K-VE-121;korrigiert;Themenpaket K-C / Optionslängen;5;Versicherungen im Güterkraftverkehr;mc;;"Ersatzschreibungen (Frachtfuehrer, grundsaetzlich, Gueterversicherung, waehrend, unabhaengig u. a.) durch Umlaute und ß ersetzt. | Verschuldenszusatz aus der richtigen Option in die Erklärung; Absolutwörter (nur, stets) bei Distraktoren entfernt";
K-VE-122;korrigiert;Themenpaket K-C / Optionslängen;5;Versicherungen im Güterkraftverkehr;mc;;"Ersatzschreibungen durch Umlaute ersetzt, „Paragraf“ durch „§“; Erklärung fachlich korrigiert (das unabwendbare Ereignis ist nicht „strenger als höhere Gewalt“). | Richtige Option auf den Kern gekürzt (Abwendbarkeit der Folgen in der Erklärung); Distraktor „Nur bei Krieg …“ durch gleich gebauten Distraktor ohne Absolutwort ersetzt, Beispiele in die Erklärung";
K-VE-601;neu;Themenpaket K-C;5;Versicherungen im Güterkraftverkehr;mc;;"Lücke: Pflichtversicherung nach § 7a GüKG (Güterschaden-Haftpflichtversicherung; P-OK-20231121 Aufg. 2)";
K-VE-602;neu;Themenpaket K-C;5;Versicherungen im Güterkraftverkehr;calc;;"Lücke: Haftungshöchstbetrag in Euro und Deckungslücke gegenüber dem Warenwert berechnen (Haftung/Versicherung; P-OK-20231121 Aufg. 2)";
K-VE-603;neu;Themenpaket K-C;5;Versicherungen im Güterkraftverkehr;calc;;Lücke: Prämienerhöhung nach Schadenfall gegen kalkulatorisches Wagnis abwägen (P-OK-20231121 Aufg. 2a);
K-VE-604;neu;Themenpaket K-C;5;Versicherungen im Güterkraftverkehr;open;;Lücke: Risiken im Fuhrpark und Maßnahmen zur Senkung von Schäden und Versicherungsprämien (P-OK-20250508 Aufg. 3a);
